#vs30_ref=800,,,,,,,,,,,,,,,,,
ampcode,level,PGA,SA(0.1),SA(0.2),SA(0.3),SA(0.5),SA(0.6),SA(1.0),SA(2.0),sigma_PGA,sigma_SA(0.1),sigma_SA(0.2),sigma_SA(0.3),sigma_SA(0.5),sigma_SA(0.6),sigma_SA(1.0),sigma_SA(2.0)
MSQ1,0.001,1.7035,1.9586,2.2495,3.3461,2.513,2.9304,2.3775,1.7131,0.3,0.3,0.3,0.3,0.3,0.3,0.3,0.3
MSQ1,0.0016,1.7091,1.9483,2.2218,3.2747,2.512,2.9212,2.379,1.7149,0.3,0.3,0.3,0.3,0.3,0.3,0.3,0.3
MSQ1,0.0025,1.7143,1.9375,2.1935,3.201,2.5112,2.9124,2.379,1.7144,0.3,0.3,0.3,0.3,0.3,0.3,0.3,0.3
MSQ1,0.004,1.72,1.9262,2.1645,3.1276,2.5104,2.9042,2.3882,1.7159,0.3,0.3,0.3,0.3,0.3,0.3,0.3,0.3
MSQ1,0.0063,1.7268,1.9148,2.1361,3.0585,2.5088,2.8949,2.404,1.7175,0.3,0.3,0.3,0.3,0.3,0.3,0.3,0.3
MSQ1,0.0099,1.7343,1.9044,2.11,2.9987,2.5048,2.882,2.4218,1.7257,0.3,0.3,0.3,0.3,0.3,0.3,0.3,0.3
MSQ1,0.0157,1.7346,1.8955,2.0863,2.9426,2.5051,2.8615,2.4485,1.742,0.3,0.3,0.3,0.3,0.3,0.3,0.3,0.3
MSQ1,0.0248,1.7253,1.8874,2.0602,2.8406,2.5105,2.8391,2.4981,1.7728,0.3,0.3,0.3,0.3,0.3,0.3,0.3,0.3
MSQ1,0.0393,1.7275,1.8661,2.0091,2.692,2.5218,2.8134,2.5896,1.8152,0.3,0.3,0.3,0.3,0.3,0.3,0.3,0.3
MSQ1,0.0621,1.7311,1.8384,1.9502,2.5314,2.5494,2.7832,2.7427,1.8806,0.3,0.3,0.3,0.3,0.3,0.3,0.3,0.3
MSQ1,0.0983,1.7199,1.8079,1.8864,2.3457,2.6121,2.7779,2.9997,1.9688,0.3,0.3,0.3,0.3,0.3,0.3,0.3,0.3
MSQ1,0.1556,1.6868,1.7734,1.8199,2.1576,2.7159,2.8102,3.1792,2.2849,0.3,0.3,0.3,0.3,0.3,0.3,0.3,0.3
MSQ1,0.2461,1.649,1.7225,1.7589,2.018,2.7011,2.7656,2.9333,3.0588,0.3,0.3,0.3,0.3,0.3,0.3,0.3,0.3
MSQ1,0.3895,1.5808,1.6637,1.7754,1.985,2.5033,2.474,2.5664,2.7808,0.3,0.3,0.3,0.3,0.3,0.3,0.3,0.3
MSQ1,0.6162,1.4918,1.5957,1.8068,1.9524,2.0743,2.0867,2.2826,2.6893,0.3,0.3,0.3,0.3,0.3,0.3,0.3,0.3
MSQ1,0.975,1.3551,1.5216,1.8415,1.9316,1.8362,1.819,1.9799,2.621,0.3,0.3,0.3,0.3,0.3,0.3,0.3,0.3
MSQ1,1.5426,1.1968,1.4418,1.7091,1.7204,1.5657,1.5763,1.9118,2.566,0.3,0.3,0.3,0.3,0.3,0.3,0.3,0.3
MSQ1,2.4408,1.0557,1.3367,1.3813,1.4085,1.3355,1.3583,1.8818,2.5122,0.3,0.3,0.3,0.3,0.3,0.3,0.3,0.3
MSQ1,3.8618,0.9281,1.2368,1.1044,1.1497,1.131,1.1668,1.8661,2.4595,0.3,0.3,0.3,0.3,0.3,0.3,0.3,0.3
MSQ1,6.1102,0.8157,1.1414,0.8756,0.9287,0.9568,1.0023,1.8506,2.4079,0.3,0.3,0.3,0.3,0.3,0.3,0.3,0.3
MSQ2,0.001,1.8413,1.5834,2.2001,2.6373,1.5957,1.4364,1.2153,1.1359,0.3,0.3,0.3,0.3,0.3,0.3,0.3,0.3
MSQ2,0.0016,1.8474,1.5833,2.1928,2.6504,1.6021,1.4398,1.2161,1.1391,0.3,0.3,0.3,0.3,0.3,0.3,0.3,0.3
MSQ2,0.0025,1.8535,1.583,2.1853,2.6643,1.6085,1.443,1.2162,1.1401,0.3,0.3,0.3,0.3,0.3,0.3,0.3,0.3
MSQ2,0.004,1.8597,1.5825,2.1775,2.6783,1.6144,1.4459,1.2226,1.144,0.3,0.3,0.3,0.3,0.3,0.3,0.3,0.3
MSQ2,0.0063,1.8661,1.5821,2.1699,2.6919,1.6196,1.4497,1.2295,1.1454,0.3,0.3,0.3,0.3,0.3,0.3,0.3,0.3
MSQ2,0.0099,1.8716,1.5817,2.1628,2.7043,1.6261,1.4564,1.2343,1.141,0.3,0.3,0.3,0.3,0.3,0.3,0.3,0.3
MSQ2,0.0157,1.8763,1.5819,2.1564,2.7175,1.64,1.4662,1.2329,1.1326,0.3,0.3,0.3,0.3,0.3,0.3,0.3,0.3
MSQ2,0.0248,1.8787,1.5821,2.1496,2.7399,1.6567,1.4747,1.2383,1.1326,0.3,0.3,0.3,0.3,0.3,0.3,0.3,0.3
MSQ2,0.0393,1.8865,1.5802,2.135,2.7667,1.6723,1.4822,1.2398,1.1276,0.3,0.3,0.3,0.3,0.3,0.3,0.3,0.3
MSQ2,0.0621,1.8988,1.5793,2.115,2.7917,1.6963,1.4979,1.2447,1.1312,0.3,0.3,0.3,0.3,0.3,0.3,0.3,0.3
MSQ2,0.0983,1.8987,1.5828,2.091,2.812,1.7402,1.5227,1.2435,1.1336,0.3,0.3,0.3,0.3,0.3,0.3,0.3,0.3
MSQ2,0.1556,1.8897,1.5851,2.0549,2.8055,1.8156,1.5652,1.2532,1.1389,0.3,0.3,0.3,0.3,0.3,0.3,0.3,0.3
MSQ2,0.2461,1.8784,1.5846,2.0032,2.716,1.955,1.634,1.2718,1.1667,0.3,0.3,0.3,0.3,0.3,0.3,0.3,0.3
MSQ2,0.3895,1.8749,1.5872,1.9409,2.5553,2.3037,1.8158,1.3231,1.2105,0.3,0.3,0.3,0.3,0.3,0.3,0.3,0.3
MSQ2,0.6162,1.8827,1.6049,1.8837,2.3736,2.6129,2.3329,1.6533,1.3647,0.3,0.3,0.3,0.3,0.3,0.3,0.3,0.3
MSQ2,0.975,1.9445,1.6606,1.8566,2.2217,2.6372,2.675,2.26,1.4563,0.3,0.3,0.3,0.3,0.3,0.3,0.3,0.3
MSQ2,1.5426,1.9218,1.7702,1.9426,2.1961,2.5107,2.6936,2.5835,1.4563,0.3,0.3,0.3,0.3,0.3,0.3,0.3,0.3
MSQ2,2.4408,1.9059,1.8858,2.0088,2.1025,2.3341,2.6751,2.5958,1.4563,0.3,0.3,0.3,0.3,0.3,0.3,0.3,0.3
MSQ2,3.8618,1.8787,1.9498,2.0125,2.0046,2.1664,2.6153,2.5958,1.4563,0.3,0.3,0.3,0.3,0.3,0.3,0.3,0.3
MSQ2,6.1102,1.8514,2.0069,2.008,1.9044,2.0077,2.5569,2.5958,1.4563,0.3,0.3,0.3,0.3,0.3,0.3,0.3,0.3
MSQ3,0.001,1.9858,2.1314,3.1129,2.4488,2.4127,2.3546,1.9758,1.453,0.3,0.3,0.3,0.3,0.3,0.3,0.3,0.3
MSQ3,0.0016,2.0035,2.1295,3.1118,2.4737,2.4279,2.3675,1.978,1.4595,0.3,0.3,0.3,0.3,0.3,0.3,0.3,0.3
MSQ3,0.0025,2.0212,2.1274,3.1101,2.5004,2.4436,2.3801,1.9797,1.4627,0.3,0.3,0.3,0.3,0.3,0.3,0.3,0.3
MSQ3,0.004,2.0392,2.125,3.1079,2.5281,2.4583,2.3917,1.9925,1.4716,0.3,0.3,0.3,0.3,0.3,0.3,0.3,0.3
MSQ3,0.0063,2.0572,2.1226,3.1057,2.5549,2.4711,2.4036,2.0088,1.4801,0.3,0.3,0.3,0.3,0.3,0.3,0.3,0.3
MSQ3,0.0099,2.0746,2.1206,3.1047,2.5777,2.4847,2.4212,2.0253,1.4881,0.3,0.3,0.3,0.3,0.3,0.3,0.3,0.3
MSQ3,0.0157,2.0915,2.1193,3.1058,2.5976,2.5153,2.4551,2.0415,1.4934,0.3,0.3,0.3,0.3,0.3,0.3,0.3,0.3
MSQ3,0.0248,2.1078,2.1183,3.1078,2.6425,2.5579,2.4908,2.0759,1.52,0.3,0.3,0.3,0.3,0.3,0.3,0.3,0.3
MSQ3,0.0393,2.1354,2.1114,3.0907,2.7211,2.6084,2.5424,2.1266,1.5406,0.3,0.3,0.3,0.3,0.3,0.3,0.3,0.3
MSQ3,0.0621,2.1757,2.102,3.0587,2.8195,2.6904,2.6259,2.2093,1.6027,0.3,0.3,0.3,0.3,0.3,0.3,0.3,0.3
MSQ3,0.0983,2.2043,2.0931,3.0091,2.9739,2.8474,2.7755,2.3246,1.6888,0.3,0.3,0.3,0.3,0.3,0.3,0.3,0.3
MSQ3,0.1556,2.2161,2.0785,2.9188,3.1737,3.1626,3.0342,2.5484,1.8319,0.3,0.3,0.3,0.3,0.3,0.3,0.3,0.3
MSQ3,0.2461,2.2218,2.0484,2.7765,3.2996,3.6557,3.7387,3.2445,2.418,0.3,0.3,0.3,0.3,0.3,0.3,0.3,0.3
MSQ3,0.3895,2.2244,2.0018,2.6173,3.2653,3.8697,4.0206,4.3177,3.8794,0.3,0.3,0.3,0.3,0.3,0.3,0.3,0.3
MSQ3,0.6162,2.0552,1.9413,2.4769,3.1247,3.5004,3.4065,3.5693,5.2005,0.3,0.3,0.3,0.3,0.3,0.3,0.3,0.3
MSQ3,0.975,1.8956,1.8779,2.3312,2.7263,2.7463,2.856,3.418,5.8853,0.3,0.3,0.3,0.3,0.3,0.3,0.3,0.3
MSQ3,1.5426,1.7711,1.7747,2.0425,2.2502,2.3756,2.4828,3.1886,5.8853,0.3,0.3,0.3,0.3,0.3,0.3,0.3,0.3
MSQ3,2.4408,1.662,1.7056,1.87,1.9662,2.0429,2.1862,2.9514,5.8853,0.3,0.3,0.3,0.3,0.3,0.3,0.3,0.3
MSQ3,3.8618,1.5637,1.6557,1.7234,1.7159,1.7846,1.9518,2.724,5.8853,0.3,0.3,0.3,0.3,0.3,0.3,0.3,0.3
MSQ3,6.1102,1.4714,1.6088,1.5986,1.5119,1.5625,1.7425,2.514,5.8853,0.3,0.3,0.3,0.3,0.3,0.3,0.3,0.3
MSQ4,0.001,1.3953,1.5277,2.093,1.814,2.1463,2.3258,2.3758,1.7769,0.3,0.3,0.3,0.3,0.3,0.3,0.3,0.3
MSQ4,0.0016,1.4027,1.5291,2.0776,1.8132,2.1302,2.313,2.3788,1.7774,0.3,0.3,0.3,0.3,0.3,0.3,0.3,0.3
MSQ4,0.0025,1.4098,1.5303,2.0615,1.8123,2.114,2.3007,2.3809,1.7771,0.3,0.3,0.3,0.3,0.3,0.3,0.3,0.3
MSQ4,0.004,1.4172,1.5314,2.0449,1.8114,2.099,2.2895,2.3907,1.7771,0.3,0.3,0.3,0.3,0.3,0.3,0.3,0.3
MSQ4,0.0063,1.4256,1.5323,2.0284,1.8106,2.0856,2.2779,2.4073,1.7789,0.3,0.3,0.3,0.3,0.3,0.3,0.3,0.3
MSQ4,0.0099,1.4351,1.5334,2.0135,1.8099,2.0703,2.2604,2.4265,1.789,0.3,0.3,0.3,0.3,0.3,0.3,0.3,0.3
MSQ4,0.0157,1.439,1.5352,2.0008,1.8086,2.0409,2.2277,2.4564,1.8098,0.3,0.3,0.3,0.3,0.3,0.3,0.3,0.3
MSQ4,0.0248,1.435,1.5377,1.9871,1.8064,2.0036,2.1933,2.499,1.8386,0.3,0.3,0.3,0.3,0.3,0.3,0.3,0.3
MSQ4,0.0393,1.4389,1.537,1.9528,1.806,1.9637,2.1488,2.5538,1.8887,0.3,0.3,0.3,0.3,0.3,0.3,0.3,0.3
MSQ4,0.0621,1.4421,1.5379,1.9099,1.8085,1.9134,2.0838,2.5829,1.9799,0.3,0.3,0.3,0.3,0.3,0.3,0.3,0.3
MSQ4,0.0983,1.434,1.5409,1.858,1.8167,1.8507,2.0052,2.5597,2.1476,0.3,0.3,0.3,0.3,0.3,0.3,0.3,0.3
MSQ4,0.1556,1.4126,1.5481,1.7877,1.8309,1.7942,1.9275,2.4224,2.6548,0.3,0.3,0.3,0.3,0.3,0.3,0.3,0.3
MSQ4,0.2461,1.3851,1.5537,1.6886,1.8513,1.7776,1.8917,2.2674,2.7264,0.3,0.3,0.3,0.3,0.3,0.3,0.3,0.3
MSQ4,0.3895,1.3805,1.5552,1.5971,1.8768,1.8394,1.8989,2.165,2.5739,0.3,0.3,0.3,0.3,0.3,0.3,0.3,0.3
MSQ4,0.6162,1.3504,1.5313,1.5288,1.8842,1.9213,1.9465,2.0981,2.161,0.3,0.3,0.3,0.3,0.3,0.3,0.3,0.3
MSQ4,0.975,1.2753,1.48,1.5252,1.8009,1.8305,1.8159,1.8592,1.7915,0.3,0.3,0.3,0.3,0.3,0.3,0.3,0.3
MSQ4,1.5426,1.1687,1.4118,1.4869,1.6171,1.5887,1.6221,1.5795,1.4812,0.3,0.3,0.3,0.3,0.3,0.3,0.3,0.3
MSQ4,2.4408,1.0712,1.3055,1.3803,1.4312,1.3738,1.438,1.3323,1.2246,0.3,0.3,0.3,0.3,0.3,0.3,0.3,0.3
MSQ4,3.8618,0.9782,1.1906,1.2583,1.2626,1.1775,1.2635,1.1209,1.0125,0.3,0.3,0.3,0.3,0.3,0.3,0.3,0.3
MSQ4,6.1102,0.8931,1.0832,1.1433,1.1127,1.0078,1.1101,0.9431,0.8371,0.3,0.3,0.3,0.3,0.3,0.3,0.3,0.3
MSQ6,0.001,1.781,1.9038,2.7113,1.9695,2.633,2.7669,1.9314,1.6032,0.3,0.3,0.3,0.3,0.3,0.3,0.3,0.3
MSQ6,0.0016,1.7929,1.9007,2.7198,1.9705,2.6161,2.7637,1.9325,1.6064,0.3,0.3,0.3,0.3,0.3,0.3,0.3,0.3
MSQ6,0.0025,1.8048,1.8972,2.7283,1.9716,2.5989,2.7589,1.9328,1.6078,0.3,0.3,0.3,0.3,0.3,0.3,0.3,0.3
MSQ6,0.004,1.8168,1.8933,2.7368,1.9727,2.5828,2.7526,1.9434,1.6121,0.3,0.3,0.3,0.3,0.3,0.3,0.3,0.3
MSQ6,0.0063,1.8294,1.8894,2.7453,1.9738,2.569,2.7489,1.9584,1.6166,0.3,0.3,0.3,0.3,0.3,0.3,0.3,0.3
MSQ6,0.0099,1.8426,1.8861,2.7537,1.9745,2.5547,2.7407,1.9744,1.6233,0.3,0.3,0.3,0.3,0.3,0.3,0.3,0.3
MSQ6,0.0157,1.8528,1.8838,2.7628,1.9745,2.5231,2.7214,1.9919,1.6323,0.3,0.3,0.3,0.3,0.3,0.3,0.3,0.3
MSQ6,0.0248,1.8563,1.882,2.7735,1.976,2.4789,2.6967,2.0281,1.655,0.3,0.3,0.3,0.3,0.3,0.3,0.3,0.3
MSQ6,0.0393,1.8654,1.8721,2.783,1.9814,2.4264,2.6541,2.0848,1.684,0.3,0.3,0.3,0.3,0.3,0.3,0.3,0.3
MSQ6,0.0621,1.8785,1.8588,2.7882,1.9899,2.3569,2.5854,2.1895,1.7419,0.3,0.3,0.3,0.3,0.3,0.3,0.3,0.3
MSQ6,0.0983,1.8777,1.8449,2.7861,2.0101,2.2637,2.4836,2.3884,1.828,0.3,0.3,0.3,0.3,0.3,0.3,0.3,0.3
MSQ6,0.1556,1.8702,1.8248,2.754,2.0571,2.1598,2.3554,2.6749,2.0229,0.3,0.3,0.3,0.3,0.3,0.3,0.3,0.3
MSQ6,0.2461,1.8493,1.792,2.657,2.1815,2.076,2.2474,2.663,2.7568,0.3,0.3,0.3,0.3,0.3,0.3,0.3,0.3
MSQ6,0.3895,1.8585,1.7507,2.5055,2.4296,2.0582,2.1931,2.6205,3.2591,0.3,0.3,0.3,0.3,0.3,0.3,0.3,0.3
MSQ6,0.6162,1.8859,1.7006,2.3146,2.6832,2.3729,2.5609,2.9769,2.8681,0.3,0.3,0.3,0.3,0.3,0.3,0.3,0.3
MSQ6,0.975,1.9001,1.6684,2.19,2.7102,2.8521,2.9247,3.0732,2.461,0.3,0.3,0.3,0.3,0.3,0.3,0.3,0.3
MSQ6,1.5426,1.8249,1.6583,2.1113,2.6192,2.8593,3.0009,2.7256,2.0927,0.3,0.3,0.3,0.3,0.3,0.3,0.3,0.3
MSQ6,2.4408,1.7566,1.6387,2.0173,2.3924,2.8256,3.0661,2.3526,1.7796,0.3,0.3,0.3,0.3,0.3,0.3,0.3,0.3
MSQ6,3.8618,1.68,1.6102,1.9053,2.1788,2.738,3.0691,2.0101,1.5133,0.3,0.3,0.3,0.3,0.3,0.3,0.3,0.3
MSQ6,6.1102,1.6063,1.5799,1.7962,1.9703,2.6413,3.0691,1.7175,1.2869,0.3,0.3,0.3,0.3,0.3,0.3,0.3,0.3
MSQ8,0.001,1.2486,1.4777,1.608,2.0285,1.8847,2.1773,2.5628,2.2961,0.3,0.3,0.3,0.3,0.3,0.3,0.3,0.3
MSQ8,0.0016,1.2556,1.473,1.6112,2.0202,1.8747,2.1618,2.5577,2.2979,0.3,0.3,0.3,0.3,0.3,0.3,0.3,0.3
MSQ8,0.0025,1.2623,1.4679,1.6146,2.0112,1.8647,2.147,2.5539,2.3003,0.3,0.3,0.3,0.3,0.3,0.3,0.3,0.3
MSQ8,0.004,1.2692,1.4624,1.6182,2.0019,1.8555,2.1335,2.536,2.3024,0.3,0.3,0.3,0.3,0.3,0.3,0.3,0.3
MSQ8,0.0063,1.2774,1.4567,1.6217,1.9932,1.8473,2.1191,2.5097,2.3081,0.3,0.3,0.3,0.3,0.3,0.3,0.3,0.3
MSQ8,0.0099,1.287,1.4518,1.625,1.9865,1.8372,2.0977,2.4781,2.3294,0.3,0.3,0.3,0.3,0.3,0.3,0.3,0.3
MSQ8,0.0157,1.29,1.4482,1.6283,1.9809,1.8176,2.0598,2.44,2.3776,0.3,0.3,0.3,0.3,0.3,0.3,0.3,0.3
MSQ8,0.0248,1.2843,1.4457,1.6319,1.9648,1.7938,2.0209,2.3712,2.4289,0.3,0.3,0.3,0.3,0.3,0.3,0.3,0.3
MSQ8,0.0393,1.2871,1.4326,1.6403,1.9372,1.7701,1.9726,2.2986,2.5222,0.3,0.3,0.3,0.3,0.3,0.3,0.3,0.3
MSQ8,0.0621,1.2875,1.4146,1.6537,1.9053,1.7393,1.9047,2.2117,2.6525,0.3,0.3,0.3,0.3,0.3,0.3,0.3,0.3
MSQ8,0.0983,1.2752,1.3939,1.67,1.8543,1.7007,1.83,2.1476,2.7175,0.3,0.3,0.3,0.3,0.3,0.3,0.3,0.3
MSQ8,0.1556,1.2433,1.3688,1.6712,1.7757,1.6725,1.7631,2.0411,2.6331,0.3,0.3,0.3,0.3,0.3,0.3,0.3,0.3
MSQ8,0.2461,1.1923,1.33,1.6145,1.6939,1.6834,1.734,1.9645,2.4834,0.3,0.3,0.3,0.3,0.3,0.3,0.3,0.3
MSQ8,0.3895,1.1433,1.2821,1.5197,1.6457,1.6856,1.7053,1.8657,2.3238,0.3,0.3,0.3,0.3,0.3,0.3,0.3,0.3
MSQ8,0.6162,1.0759,1.2164,1.4091,1.5668,1.5745,1.5998,1.7288,2.0816,0.3,0.3,0.3,0.3,0.3,0.3,0.3,0.3
MSQ8,0.975,0.9938,1.1527,1.3169,1.4603,1.4336,1.4408,1.5225,1.8594,0.3,0.3,0.3,0.3,0.3,0.3,0.3,0.3
MSQ8,1.5426,0.8915,1.0847,1.1961,1.3088,1.2673,1.2721,1.3018,1.6583,0.3,0.3,0.3,0.3,0.3,0.3,0.3,0.3
MSQ8,2.4408,0.8004,1.0002,1.0485,1.128,1.1151,1.1206,1.111,1.4789,0.3,0.3,0.3,0.3,0.3,0.3,0.3,0.3
MSQ8,3.8618,0.7159,0.9154,0.91,0.9681,0.9786,0.9841,0.9471,1.3189,0.3,0.3,0.3,0.3,0.3,0.3,0.3,0.3
MSQ8,6.1102,0.6403,0.8359,0.7879,0.827,0.8583,0.8642,0.8073,1.1762,0.3,0.3,0.3,0.3,0.3,0.3,0.3,0.3
MS10,0.001,1.4821,1.8077,2.0875,2.1705,1.962,2.2093,2.5229,2.3,0.3,0.3,0.3,0.3,0.3,0.3,0.3,0.3
MS10,0.0016,1.4929,1.8045,2.0869,2.1767,1.9503,2.1946,2.5204,2.3049,0.3,0.3,0.3,0.3,0.3,0.3,0.3,0.3
MS10,0.0025,1.5035,1.801,2.0862,2.1831,1.9386,2.1804,2.5189,2.3095,0.3,0.3,0.3,0.3,0.3,0.3,0.3,0.3
MS10,0.004,1.5143,1.7971,2.0854,2.1896,1.9277,2.1675,2.5095,2.3151,0.3,0.3,0.3,0.3,0.3,0.3,0.3,0.3
MS10,0.0063,1.5262,1.793,2.0846,2.196,1.918,2.1542,2.4922,2.3215,0.3,0.3,0.3,0.3,0.3,0.3,0.3,0.3
MS10,0.0099,1.5394,1.7897,2.0839,2.2019,1.9069,2.1346,2.4699,2.3417,0.3,0.3,0.3,0.3,0.3,0.3,0.3,0.3
MS10,0.0157,1.5475,1.7874,2.0833,2.2078,1.8851,2.0979,2.4389,2.3839,0.3,0.3,0.3,0.3,0.3,0.3,0.3,0.3
MS10,0.0248,1.5457,1.7859,2.0821,2.2167,1.8571,2.059,2.3836,2.4327,0.3,0.3,0.3,0.3,0.3,0.3,0.3,0.3
MS10,0.0393,1.5499,1.7757,2.0805,2.2289,1.827,2.0084,2.316,2.5186,0.3,0.3,0.3,0.3,0.3,0.3,0.3,0.3
MS10,0.0621,1.5533,1.7602,2.0801,2.2428,1.788,1.9378,2.2315,2.6539,0.3,0.3,0.3,0.3,0.3,0.3,0.3,0.3
MS10,0.0983,1.5383,1.7412,2.0821,2.259,1.7398,1.8588,2.1617,2.7212,0.3,0.3,0.3,0.3,0.3,0.3,0.3,0.3
MS10,0.1556,1.5016,1.7137,2.0844,2.2631,1.7048,1.7892,2.0428,2.6394,0.3,0.3,0.3,0.3,0.3,0.3,0.3,0.3
MS10,0.2461,1.4317,1.6685,2.0535,2.2247,1.7063,1.7581,1.9588,2.4621,0.3,0.3,0.3,0.3,0.3,0.3,0.3,0.3
MS10,0.3895,1.3477,1.6072,1.9508,2.0901,1.7624,1.7402,1.8871,2.25,0.3,0.3,0.3,0.3,0.3,0.3,0.3,0.3
MS10,0.6162,1.2533,1.5137,1.775,1.8513,1.7301,1.7071,1.8508,1.8879,0.3,0.3,0.3,0.3,0.3,0.3,0.3,0.3
MS10,0.975,1.1491,1.4157,1.6105,1.6772,1.5467,1.5405,1.7338,1.5623,0.3,0.3,0.3,0.3,0.3,0.3,0.3,0.3
MS10,1.5426,1.0314,1.3168,1.4257,1.4687,1.3448,1.3468,1.5155,1.2933,0.3,0.3,0.3,0.3,0.3,0.3,0.3,0.3
MS10,2.4408,0.9264,1.2099,1.2373,1.2485,1.1632,1.1723,1.317,1.0706,0.3,0.3,0.3,0.3,0.3,0.3,0.3,0.3
MS10,3.8618,0.83,1.1059,1.0691,1.0574,1.0051,1.0163,1.1403,0.8863,0.3,0.3,0.3,0.3,0.3,0.3,0.3,0.3
MS10,6.1102,0.7435,1.0096,0.9225,0.8927,0.8681,0.8811,0.9873,0.7337,0.3,0.3,0.3,0.3,0.3,0.3,0.3,0.3
MS11,0.001,1.7504,1.9238,2.3404,3.1781,2.7767,2.3503,3.2584,2.7907,0.3,0.3,0.3,0.3,0.3,0.3,0.3,0.3
MS11,0.0016,1.7476,1.9111,2.2963,3.1224,2.7974,2.3535,3.2406,2.7921,0.3,0.3,0.3,0.3,0.3,0.3,0.3,0.3
MS11,0.0025,1.744,1.8975,2.2516,3.0645,2.8186,2.3564,3.2258,2.7954,0.3,0.3,0.3,0.3,0.3,0.3,0.3,0.3
MS11,0.004,1.741,1.8832,2.2062,3.0065,2.8393,2.3583,3.1773,2.8005,0.3,0.3,0.3,0.3,0.3,0.3,0.3,0.3
MS11,0.0063,1.7408,1.8687,2.1619,2.9518,2.859,2.3589,3.1007,2.8108,0.3,0.3,0.3,0.3,0.3,0.3,0.3,0.3
MS11,0.0099,1.7428,1.8557,2.1216,2.905,2.8817,2.3635,3.0103,2.8605,0.3,0.3,0.3,0.3,0.3,0.3,0.3,0.3
MS11,0.0157,1.7304,1.8453,2.085,2.8615,2.9186,2.3892,2.8997,2.9795,0.3,0.3,0.3,0.3,0.3,0.3,0.3,0.3
MS11,0.0248,1.6968,1.8363,2.045,2.7779,2.9639,2.4205,2.7446,3.1251,0.3,0.3,0.3,0.3,0.3,0.3,0.3,0.3
MS11,0.0393,1.6731,1.8074,1.9687,2.6529,3.0113,2.4948,2.6156,3.2852,0.3,0.3,0.3,0.3,0.3,0.3,0.3,0.3
MS11,0.0621,1.6429,1.7696,1.8826,2.517,3.0204,2.6243,2.5169,3.3458,0.3,0.3,0.3,0.3,0.3,0.3,0.3,0.3
MS11,0.0983,1.5949,1.7283,1.7915,2.3499,2.8357,2.7677,2.6844,3.5375,0.3,0.3,0.3,0.3,0.3,0.3,0.3,0.3
MS11,0.1556,1.5262,1.682,1.6957,2.1619,2.5225,2.7123,2.8492,3.508,0.3,0.3,0.3,0.3,0.3,0.3,0.3,0.3
MS11,0.2461,1.4474,1.6208,1.5913,2.002,2.303,2.6068,2.9206,2.7426,0.3,0.3,0.3,0.3,0.3,0.3,0.3,0.3
MS11,0.3895,1.3781,1.5587,1.5285,1.9271,2.1867,2.3919,2.3393,2.04,0.3,0.3,0.3,0.3,0.3,0.3,0.3,0.3
MS11,0.6162,1.2306,1.474,1.4826,1.8312,1.8628,1.8271,1.5014,1.5136,0.3,0.3,0.3,0.3,0.3,0.3,0.3,0.3
MS11,0.975,1.0429,1.3896,1.4363,1.63,1.4651,1.3565,0.8913,1.1234,0.3,0.3,0.3,0.3,0.3,0.3,0.3,0.3
MS11,1.5426,0.8551,1.2767,1.3001,1.3256,1.1238,1.0108,0.5256,0.8338,0.3,0.3,0.3,0.3,0.3,0.3,0.3,0.3
MS11,2.4408,0.6994,1.1308,1.0526,1.0241,0.8617,0.7561,0.3099,0.6189,0.3,0.3,0.3,0.3,0.3,0.3,0.3,0.3
MS11,3.8618,0.5701,0.9925,0.8417,0.7885,0.6596,0.5659,0.1827,0.4593,0.3,0.3,0.3,0.3,0.3,0.3,0.3,0.3
MS11,6.1102,0.4647,0.8674,0.6652,0.6042,0.5048,0.4235,0.1077,0.3409,0.3,0.3,0.3,0.3,0.3,0.3,0.3,0.3
MS13,0.001,1.3264,1.7609,1.7053,1.6798,2.0654,2.1646,2.1359,1.6356,0.3,0.3,0.3,0.3,0.3,0.3,0.3,0.3
MS13,0.0016,1.335,1.7603,1.7054,1.6771,2.0583,2.1594,2.1363,1.6363,0.3,0.3,0.3,0.3,0.3,0.3,0.3,0.3
MS13,0.0025,1.3434,1.7595,1.7054,1.6741,2.0511,2.1545,2.1363,1.6363,0.3,0.3,0.3,0.3,0.3,0.3,0.3,0.3
MS13,0.004,1.352,1.7586,1.7053,1.6711,2.0445,2.1501,2.1395,1.637,0.3,0.3,0.3,0.3,0.3,0.3,0.3,0.3
MS13,0.0063,1.3612,1.7577,1.7052,1.6683,2.0388,2.1454,2.145,1.6395,0.3,0.3,0.3,0.3,0.3,0.3,0.3,0.3
MS13,0.0099,1.3714,1.7569,1.7052,1.6659,2.0322,2.1381,2.1508,1.6471,0.3,0.3,0.3,0.3,0.3,0.3,0.3,0.3
MS13,0.0157,1.3781,1.7566,1.7056,1.6636,2.018,2.124,2.1609,1.6609,0.3,0.3,0.3,0.3,0.3,0.3,0.3,0.3
MS13,0.0248,1.3791,1.757,1.7061,1.6582,1.9993,2.1094,2.1767,1.6815,0.3,0.3,0.3,0.3,0.3,0.3,0.3,0.3
MS13,0.0393,1.3864,1.7541,1.7044,1.6508,1.9787,2.0901,2.2009,1.7142,0.3,0.3,0.3,0.3,0.3,0.3,0.3,0.3
MS13,0.0621,1.3949,1.7487,1.7027,1.6437,1.9494,2.0586,2.2318,1.7696,0.3,0.3,0.3,0.3,0.3,0.3,0.3,0.3
MS13,0.0983,1.3939,1.7407,1.7009,1.6343,1.904,2.0143,2.2786,1.846,0.3,0.3,0.3,0.3,0.3,0.3,0.3,0.3
MS13,0.1556,1.3831,1.7287,1.6977,1.6214,1.8447,1.9561,2.2835,1.9859,0.3,0.3,0.3,0.3,0.3,0.3,0.3,0.3
MS13,0.2461,1.3612,1.7059,1.6889,1.6111,1.7815,1.8981,2.2487,2.3056,0.3,0.3,0.3,0.3,0.3,0.3,0.3,0.3
MS13,0.3895,1.3546,1.6683,1.6795,1.6185,1.7225,1.8271,2.1508,2.5637,0.3,0.3,0.3,0.3,0.3,0.3,0.3,0.3
MS13,0.6162,1.3412,1.6009,1.6785,1.6447,1.675,1.7733,2.0561,2.4609,0.3,0.3,0.3,0.3,0.3,0.3,0.3,0.3
MS13,0.975,1.2911,1.5152,1.6901,1.6867,1.6452,1.7266,1.9621,2.3244,0.3,0.3,0.3,0.3,0.3,0.3,0.3,0.3
MS13,1.5426,1.2154,1.4471,1.6272,1.6067,1.5854,1.684,1.8589,2.1882,0.3,0.3,0.3,0.3,0.3,0.3,0.3,0.3
MS13,2.4408,1.1454,1.3581,1.4763,1.4695,1.5328,1.6469,1.7576,2.0599,0.3,0.3,0.3,0.3,0.3,0.3,0.3,0.3
MS13,3.8618,1.0762,1.2701,1.3318,1.3424,1.4773,1.6086,1.6606,1.9392,0.3,0.3,0.3,0.3,0.3,0.3,0.3,0.3
MS13,6.1102,1.0111,1.186,1.1985,1.2203,1.4229,1.5711,1.5689,1.8255,0.3,0.3,0.3,0.3,0.3,0.3,0.3,0.3
MS14,0.001,1.3435,1.6324,1.8292,1.8296,2.1104,2.1377,2.2172,1.7294,0.3,0.3,0.3,0.3,0.3,0.3,0.3,0.3
MS14,0.0016,1.3519,1.6318,1.8259,1.8266,2.1,2.1335,2.2183,1.7304,0.3,0.3,0.3,0.3,0.3,0.3,0.3,0.3
MS14,0.0025,1.36,1.6309,1.8224,1.8234,2.0894,2.1295,2.2191,1.7304,0.3,0.3,0.3,0.3,0.3,0.3,0.3,0.3
MS14,0.004,1.3684,1.6299,1.8187,1.8202,2.0797,2.126,2.222,1.7309,0.3,0.3,0.3,0.3,0.3,0.3,0.3,0.3
MS14,0.0063,1.3776,1.6287,1.815,1.8171,2.0714,2.1223,2.2274,1.7328,0.3,0.3,0.3,0.3,0.3,0.3,0.3,0.3
MS14,0.0099,1.3878,1.6279,1.8117,1.8145,2.0622,2.1162,2.2335,1.742,0.3,0.3,0.3,0.3,0.3,0.3,0.3,0.3
MS14,0.0157,1.3936,1.6278,1.8091,1.8116,2.0416,2.103,2.2441,1.7614,0.3,0.3,0.3,0.3,0.3,0.3,0.3,0.3
MS14,0.0248,1.3924,1.6285,1.8063,1.806,2.0136,2.089,2.2573,1.7884,0.3,0.3,0.3,0.3,0.3,0.3,0.3,0.3
MS14,0.0393,1.3983,1.6243,1.7976,1.7994,1.982,2.0692,2.2797,1.8365,0.3,0.3,0.3,0.3,0.3,0.3,0.3,0.3
MS14,0.0621,1.4048,1.618,1.7874,1.7939,1.9373,2.0334,2.3018,1.922,0.3,0.3,0.3,0.3,0.3,0.3,0.3,0.3
MS14,0.0983,1.3995,1.61,1.7755,1.7895,1.8711,1.9783,2.323,2.0501,0.3,0.3,0.3,0.3,0.3,0.3,0.3,0.3
MS14,0.1556,1.3767,1.598,1.7568,1.7849,1.7918,1.9033,2.2654,2.3301,0.3,0.3,0.3,0.3,0.3,0.3,0.3,0.3
MS14,0.2461,1.3354,1.5728,1.7165,1.7763,1.7256,1.8446,2.1568,2.4985,0.3,0.3,0.3,0.3,0.3,0.3,0.3,0.3
MS14,0.3895,1.3023,1.5324,1.6627,1.7303,1.7463,1.8162,2.0174,2.4291,0.3,0.3,0.3,0.3,0.3,0.3,0.3,0.3
MS14,0.6162,1.2392,1.4681,1.6016,1.6548,1.6955,1.7448,1.9248,2.1483,0.3,0.3,0.3,0.3,0.3,0.3,0.3,0.3
MS14,0.975,1.1657,1.3941,1.5461,1.5526,1.5505,1.5895,1.7729,1.881,0.3,0.3,0.3,0.3,0.3,0.3,0.3,0.3
MS14,1.5426,1.0768,1.3134,1.4533,1.433,1.3963,1.4328,1.5878,1.6441,0.3,0.3,0.3,0.3,0.3,0.3,0.3,0.3
MS14,2.4408,0.9955,1.2211,1.3242,1.3144,1.2591,1.2867,1.4192,1.437,0.3,0.3,0.3,0.3,0.3,0.3,0.3,0.3
MS14,3.8618,0.9184,1.1258,1.1924,1.2035,1.1339,1.1533,1.267,1.256,0.3,0.3,0.3,0.3,0.3,0.3,0.3,0.3
MS14,6.1102,0.8471,1.0366,1.0714,1.1015,1.0212,1.0337,1.1312,1.0978,0.3,0.3,0.3,0.3,0.3,0.3,0.3,0.3
MS15,0.001,1.3736,1.5524,1.5402,1.7558,1.3363,1.252,1.1248,1.073,0.3,0.3,0.3,0.3,0.3,0.3,0.3,0.3
MS15,0.0016,1.3777,1.553,1.5361,1.759,1.3386,1.2528,1.1249,1.0743,0.3,0.3,0.3,0.3,0.3,0.3,0.3,0.3
MS15,0.0025,1.381,1.5538,1.5324,1.7624,1.341,1.2539,1.1248,1.0748,0.3,0.3,0.3,0.3,0.3,0.3,0.3,0.3
MS15,0.004,1.3835,1.5547,1.5286,1.7658,1.3431,1.2553,1.1273,1.0766,0.3,0.3,0.3,0.3,0.3,0.3,0.3,0.3
MS15,0.0063,1.3876,1.5557,1.5236,1.7691,1.3449,1.2567,1.1303,1.0765,0.3,0.3,0.3,0.3,0.3,0.3,0.3,0.3
MS15,0.0099,1.3907,1.5565,1.5189,1.7719,1.3473,1.2597,1.1323,1.0748,0.3,0.3,0.3,0.3,0.3,0.3,0.3,0.3
MS15,0.0157,1.3937,1.5568,1.5168,1.7747,1.3526,1.2633,1.1314,1.0713,0.3,0.3,0.3,0.3,0.3,0.3,0.3,0.3
MS15,0.0248,1.3952,1.5569,1.5122,1.7808,1.3588,1.2666,1.1337,1.0718,0.3,0.3,0.3,0.3,0.3,0.3,0.3,0.3
MS15,0.0393,1.399,1.5602,1.5031,1.789,1.3643,1.2697,1.1345,1.0698,0.3,0.3,0.3,0.3,0.3,0.3,0.3,0.3
MS15,0.0621,1.4048,1.565,1.4917,1.7973,1.373,1.2761,1.1372,1.0723,0.3,0.3,0.3,0.3,0.3,0.3,0.3,0.3
MS15,0.0983,1.4054,1.5712,1.4789,1.8083,1.3888,1.2864,1.1382,1.0737,0.3,0.3,0.3,0.3,0.3,0.3,0.3,0.3
MS15,0.1556,1.4045,1.5788,1.4576,1.8207,1.4143,1.3039,1.1431,1.0751,0.3,0.3,0.3,0.3,0.3,0.3,0.3,0.3
MS15,0.2461,1.3985,1.591,1.4249,1.8205,1.4566,1.332,1.1542,1.0825,0.3,0.3,0.3,0.3,0.3,0.3,0.3,0.3
MS15,0.3895,1.3932,1.608,1.382,1.7918,1.5368,1.3873,1.1722,1.0931,0.3,0.3,0.3,0.3,0.3,0.3,0.3,0.3
MS15,0.6162,1.3816,1.6307,1.3321,1.7162,1.6844,1.5026,1.2124,1.1198,0.3,0.3,0.3,0.3,0.3,0.3,0.3,0.3
MS15,0.975,1.3744,1.6513,1.2827,1.6117,1.7684,1.6578,1.3445,1.1343,0.3,0.3,0.3,0.3,0.3,0.3,0.3,0.3
MS15,1.5426,1.3826,1.6587,1.2368,1.5014,1.7516,1.7792,1.6869,1.1343,0.3,0.3,0.3,0.3,0.3,0.3,0.3,0.3
MS15,2.4408,1.3943,1.6502,1.2263,1.424,1.7303,1.9093,1.709,1.1343,0.3,0.3,0.3,0.3,0.3,0.3,0.3,0.3
MS15,3.8618,1.3945,1.6399,1.2384,1.353,1.6999,1.9875,1.709,1.1343,0.3,0.3,0.3,0.3,0.3,0.3,0.3,0.3
MS15,6.1102,1.3945,1.6288,1.2523,1.2881,1.6687,1.9875,1.709,1.1343,0.3,0.3,0.3,0.3,0.3,0.3,0.3,0.3
MS16,0.001,1.4397,1.5804,2.1955,1.7277,2.1827,2.419,2.4526,1.788,0.3,0.3,0.3,0.3,0.3,0.3,0.3,0.3
MS16,0.0016,1.4481,1.5803,2.1824,1.7272,2.1647,2.4031,2.4559,1.7885,0.3,0.3,0.3,0.3,0.3,0.3,0.3,0.3
MS16,0.0025,1.4563,1.5801,2.1687,1.7266,2.1467,2.3878,2.4584,1.7881,0.3,0.3,0.3,0.3,0.3,0.3,0.3,0.3
MS16,0.004,1.4646,1.5796,2.1545,1.726,2.13,2.3738,2.4699,1.7882,0.3,0.3,0.3,0.3,0.3,0.3,0.3,0.3
MS16,0.0063,1.474,1.579,2.1403,1.7255,2.115,2.3594,2.4886,1.7905,0.3,0.3,0.3,0.3,0.3,0.3,0.3,0.3
MS16,0.0099,1.4846,1.5787,2.1276,1.7251,2.0981,2.3381,2.5102,1.8004,0.3,0.3,0.3,0.3,0.3,0.3,0.3,0.3
MS16,0.0157,1.4901,1.5792,2.1169,1.7241,2.0655,2.2985,2.544,1.8199,0.3,0.3,0.3,0.3,0.3,0.3,0.3,0.3
MS16,0.0248,1.4877,1.5804,2.1055,1.7223,2.0242,2.257,2.5937,1.8481,0.3,0.3,0.3,0.3,0.3,0.3,0.3,0.3
MS16,0.0393,1.4921,1.5767,2.0747,1.7224,1.98,2.2036,2.6557,1.8952,0.3,0.3,0.3,0.3,0.3,0.3,0.3,0.3
MS16,0.0621,1.496,1.5731,2.0353,1.7253,1.9239,2.128,2.6898,1.9809,0.3,0.3,0.3,0.3,0.3,0.3,0.3,0.3
MS16,0.0983,1.4883,1.5706,1.9868,1.7341,1.8534,2.0384,2.661,2.1367,0.3,0.3,0.3,0.3,0.3,0.3,0.3,0.3
MS16,0.1556,1.469,1.5699,1.9186,1.753,1.7875,1.95,2.5065,2.6601,0.3,0.3,0.3,0.3,0.3,0.3,0.3,0.3
MS16,0.2461,1.4443,1.5669,1.8182,1.7968,1.7535,1.8952,2.3382,2.828,0.3,0.3,0.3,0.3,0.3,0.3,0.3,0.3
MS16,0.3895,1.4495,1.5682,1.7221,1.8719,1.7877,1.891,2.2443,2.6887,0.3,0.3,0.3,0.3,0.3,0.3,0.3,0.3
MS16,0.6162,1.4496,1.5661,1.6486,1.9594,1.9255,1.99,2.2154,2.2617,0.3,0.3,0.3,0.3,0.3,0.3,0.3,0.3
MS16,0.975,1.3899,1.5454,1.6461,1.9982,1.9906,1.9794,2.0141,1.8759,0.3,0.3,0.3,0.3,0.3,0.3,0.3,0.3
MS16,1.5426,1.2779,1.5012,1.6346,1.8401,1.8104,1.8732,1.7542,1.5517,0.3,0.3,0.3,0.3,0.3,0.3,0.3,0.3
MS16,2.4408,1.1752,1.4094,1.5234,1.5961,1.636,1.7668,1.5138,1.2836,0.3,0.3,0.3,0.3,0.3,0.3,0.3,0.3
MS16,3.8618,1.0751,1.3013,1.3914,1.3787,1.4584,1.6502,1.3025,1.0618,0.3,0.3,0.3,0.3,0.3,0.3,0.3,0.3
MS16,6.1102,0.9834,1.1989,1.2652,1.1827,1.2965,1.5413,1.1207,0.8783,0.3,0.3,0.3,0.3,0.3,0.3,0.3,0.3
MS17,0.001,1.5255,1.6904,2.2777,1.7303,2.4176,2.8066,2.1224,1.6614,0.3,0.3,0.3,0.3,0.3,0.3,0.3,0.3
MS17,0.0016,1.5329,1.6893,2.2663,1.7315,2.4003,2.7928,2.1235,1.6623,0.3,0.3,0.3,0.3,0.3,0.3,0.3,0.3
MS17,0.0025,1.5401,1.6879,2.2544,1.7328,2.3718,2.7725,2.123,1.6619,0.3,0.3,0.3,0.3,0.3,0.3,0.3,0.3
MS17,0.004,1.5474,1.6863,2.2419,1.7341,2.3553,2.7445,2.133,1.663,0.3,0.3,0.3,0.3,0.3,0.3,0.3,0.3
MS17,0.0063,1.5558,1.6845,2.2295,1.7354,2.3314,2.7233,2.1506,1.6661,0.3,0.3,0.3,0.3,0.3,0.3,0.3,0.3
MS17,0.0099,1.5651,1.6831,2.2184,1.7366,2.3105,2.6876,2.1708,1.6741,0.3,0.3,0.3,0.3,0.3,0.3,0.3,0.3
MS17,0.0157,1.5693,1.6826,2.2093,1.7371,2.2683,2.6357,2.2004,1.6879,0.3,0.3,0.3,0.3,0.3,0.3,0.3,0.3
MS17,0.0248,1.5662,1.6829,2.1995,1.7381,2.2139,2.5753,2.2556,1.7123,0.3,0.3,0.3,0.3,0.3,0.3,0.3,0.3
MS17,0.0393,1.5707,1.6774,2.1719,1.7425,2.1554,2.4951,2.3527,1.7483,0.3,0.3,0.3,0.3,0.3,0.3,0.3,0.3
MS17,0.0621,1.575,1.6709,2.1363,1.7505,2.081,2.386,2.5258,1.8129,0.3,0.3,0.3,0.3,0.3,0.3,0.3,0.3
MS17,0.0983,1.5684,1.6642,2.0918,1.7655,1.9824,2.2525,2.7502,1.9223,0.3,0.3,0.3,0.3,0.3,0.3,0.3,0.3
MS17,0.1556,1.5517,1.6574,2.0263,1.7928,1.8826,2.1081,2.711,2.2636,0.3,0.3,0.3,0.3,0.3,0.3,0.3,0.3
MS17,0.2461,1.5289,1.6457,1.9231,1.8488,1.7937,1.9806,2.4902,2.8471,0.3,0.3,0.3,0.3,0.3,0.3,0.3,0.3
MS17,0.3895,1.534,1.6367,1.8085,1.9352,1.7482,1.9063,2.3407,2.8931,0.3,0.3,0.3,0.3,0.3,0.3,0.3,0.3
MS17,0.6162,1.5498,1.635,1.6979,2.0375,1.8451,1.9889,2.3261,2.5286,0.3,0.3,0.3,0.3,0.3,0.3,0.3,0.3
MS17,0.975,1.5503,1.6393,1.6454,2.1324,2.054,2.1487,2.2475,2.1754,0.3,0.3,0.3,0.3,0.3,0.3,0.3,0.3
MS17,1.5426,1.4795,1.6313,1.6243,2.0974,2.1133,2.218,2.0589,1.8651,0.3,0.3,0.3,0.3,0.3,0.3,0.3,0.3
MS17,2.4408,1.4156,1.5778,1.5825,1.9116,2.153,2.3013,1.8649,1.5991,0.3,0.3,0.3,0.3,0.3,0.3,0.3,0.3
MS17,3.8618,1.3461,1.5012,1.5121,1.7341,2.1586,2.343,1.6822,1.371,0.3,0.3,0.3,0.3,0.3,0.3,0.3,0.3
MS17,6.1102,1.2798,1.4254,1.442,1.559,2.1586,2.343,1.5174,1.1755,0.3,0.3,0.3,0.3,0.3,0.3,0.3,0.3
noaf,0.001,1,1,1,1,1,1,1,1,0,0,0,0,0,0,0,0
noaf,0.0016,1,1,1,1,1,1,1,1,0,0,0,0,0,0,0,0
noaf,0.0025,1,1,1,1,1,1,1,1,0,0,0,0,0,0,0,0
noaf,0.004,1,1,1,1,1,1,1,1,0,0,0,0,0,0,0,0
noaf,0.0063,1,1,1,1,1,1,1,1,0,0,0,0,0,0,0,0
noaf,0.0099,1,1,1,1,1,1,1,1,0,0,0,0,0,0,0,0
noaf,0.0157,1,1,1,1,1,1,1,1,0,0,0,0,0,0,0,0
noaf,0.0248,1,1,1,1,1,1,1,1,0,0,0,0,0,0,0,0
noaf,0.0393,1,1,1,1,1,1,1,1,0,0,0,0,0,0,0,0
noaf,0.0621,1,1,1,1,1,1,1,1,0,0,0,0,0,0,0,0
noaf,0.0983,1,1,1,1,1,1,1,1,0,0,0,0,0,0,0,0
noaf,0.1556,1,1,1,1,1,1,1,1,0,0,0,0,0,0,0,0
noaf,0.2461,1,1,1,1,1,1,1,1,0,0,0,0,0,0,0,0
noaf,0.3895,1,1,1,1,1,1,1,1,0,0,0,0,0,0,0,0
noaf,0.6162,1,1,1,1,1,1,1,1,0,0,0,0,0,0,0,0
noaf,0.975,1,1,1,1,1,1,1,1,0,0,0,0,0,0,0,0
noaf,1.5426,1,1,1,1,1,1,1,1,0,0,0,0,0,0,0,0
noaf,2.4408,1,1,1,1,1,1,1,1,0,0,0,0,0,0,0,0
noaf,3.8618,1,1,1,1,1,1,1,1,0,0,0,0,0,0,0,0
noaf,6.1102,1,1,1,1,1,1,1,1,0,0,0,0,0,0,0,0