barrio,id_barrio,number,rc_usd,night,collapsed,fatalities,losses,str_lr,col_lr,occ_lr,hom_lr,inj_lr
Ciudadela Floralia,610.0,6839.0,322746305,38325.0,0.29158778415,0.172040024447,436311,0.1351871300012,0.004263602634157,0.448897650220483,0.0,0.0
Brisas de Los Alamos,219.0,1821.0,191934730,13842.0,0.05619013625,0.041301050972,215567,0.112312648642026,0.003085674697968,0.29837488059529,0.0,0.0
Menga,216.0,161.0,169122686,835.0,0.006254308319,0.001653438593,112590,0.066572887752149,0.003884663552174,0.198016597964072,0.0,0.0
Paso del Comercio,603.0,1636.0,77065478,9292.0,0.05126037976,0.030765120734,91291,0.118458505613068,0.003133275046455,0.331092560632802,0.0,0.0
Los Guaduales,608.0,1850.0,121062905,10487.0,0.06480443116,0.041721603972,141918,0.117226494384455,0.003502942224865,0.397841174520835,0.0,0.0
Área en Desarrollo - Parque del Amor,298.0,133.0,301609965,6696.0,0.003357917136,0.007797496112,138363,0.045874868552585,0.002524749726316,0.116450061409797,0.0,0.0
Urbanización La Flora,295.0,1694.0,461938463,9165.0,0.067159722059,0.035500338351,526799,0.114040867745833,0.003964564466293,0.38734684507365,0.0,0.0
Altos de Menga,296.0,683.0,25390842,6092.0,0.01704772295,0.00882568955,16936,0.066702026741858,0.002496006288433,0.14487343319107,0.0,0.0
Urbanización Calimio,697.0,1152.0,65763429,8300.0,0.03309284666,0.03009700811,68700,0.104465599022556,0.002872642939236,0.362614555542169,0.0,0.0
San Luis II,696.0,1738.0,127723318,11400.0,0.058647474,0.045111519563,154398,0.120885018631638,0.003374423130035,0.395715083885965,0.0,0.0
Sector Puente del Comercio,698.0,892.0,73022208,8184.0,0.02597428048,0.031573655775,80356,0.11004274851195,0.002911914852018,0.385797357954545,0.0,0.0
Los Alcazares,604.0,201.0,86219821,10406.0,0.00697152943,0.0544692581,103496,0.120037918552729,0.00346842260199,0.523440881222372,0.0,0.0
Ciudad de Los Alamos,217.0,1782.0,211380472,14132.0,0.06159072201,0.05496727787,220724,0.10442014964257,0.003456269473064,0.388956112864421,0.0,0.0
La Flora,212.0,1419.0,406997277,4503.0,0.093696348425,0.0262524225672,679816,0.167032092277656,0.00660298438513,0.582998502491672,0.0,0.0
Calima,421.0,923.0,102033555,4871.0,0.04567388925,0.024849206633,139626,0.136843317525173,0.004948417036836,0.510145896797372,0.0,0.0
El Bosque,215.0,762.0,209940178,3277.0,0.028483355202,0.0113524845909,199943,0.095238201428218,0.003737973123622,0.346429191055844,0.0,0.0
Fonaviemcali,695.0,374.0,29277908,2355.0,0.01149581261,0.009034851457,35054,0.119729129707496,0.003073746687166,0.383645497112527,0.0,0.0
Metropolitano del Norte,506.0,693.0,107157630,7737.0,0.02503498798,0.033486094436,121644,0.113518697839471,0.003612552378066,0.432804632751713,0.0,0.0
La Campiña,213.0,307.0,84559278,2262.0,0.02389648383,0.014839619501,146917,0.173744511923483,0.007783870954397,0.656039765738285,0.0,0.0
Vipasa,294.0,1969.0,333880553,7830.0,0.10642468811,0.037586754393,473415,0.141791808863833,0.005405012092941,0.48003517743295,0.0,0.0
San Luis,601.0,1724.0,143730989,11749.0,0.07179149297,0.054466955697,188906,0.131430131138735,0.004164239731439,0.463588013422419,0.0,0.0
Flora Industrial,420.0,479.0,343252420,1438.0,0.02860855873,0.007740563954,549193,0.159996788565632,0.00597255923382,0.538286784005563,0.0,0.0
Villa del Sol,595.0,116.0,73987203,4365.0,0.002893675375,0.01536851203,69621,0.094099240508297,0.002494547737069,0.352085040778923,0.0,0.0
Urbanización La Merced,293.0,1186.0,139758053,4403.0,0.07213972091,0.033043698364,255577,0.182870864796874,0.006082607159359,0.75048145273677,0.0,0.0
La Paz,214.0,116.0,25035357,472.0,0.00952695056,0.003482760379,54391,0.217257715986136,0.008212888413793,0.737872961652542,0.0,0.0
Petecuy II,606.0,1155.0,60338940,6567.0,0.09430968726,0.054151716823,124401,0.206170737811591,0.008165340888312,0.824603575803259,0.0,0.0
Los Parques Barranquilla,594.0,1145.0,148888009,10032.0,0.054850293887,0.041835177266,163924,0.110098815425889,0.004790418680087,0.417017317244817,0.0,0.0
Chiminangos II,504.0,140.0,106286029,9750.0,0.00353090626,0.0386614751,110715,0.104167437663764,0.0025220759,0.39652794974359,0.0,0.0
Olaya Herrera,418.0,776.0,77025170,4069.0,0.0811335809,0.045640600955,195322,0.253582476178865,0.010455358363402,1.121666280535758,0.0,0.0
Chipichape,218.0,116.0,186167170,1485.0,0.007541536624,0.004768649118,280366,0.150598896190708,0.006501324675862,0.321121152727273,0.0,0.0
Torres de Comfandi,598.0,1537.0,228752626,15993.0,0.06228690124,0.066244638581,225452,0.098557319058258,0.004052498454131,0.414210208097293,0.0,0.0
Chiminangos I,505.0,155.0,38056289,4530.0,0.00512450597,0.025153885727,46121,0.121192692889803,0.003306132883871,0.555273415607064,0.0,0.0
Petecuy III,609.0,932.0,45453276,4295.0,0.03701755458,0.019148153402,57858,0.127291952781537,0.003971840620172,0.445824293410943,0.0,0.0
Evaristo Garcia,415.0,315.0,78278137,1519.0,0.01600026771,0.008367823404,114897,0.146779923576451,0.005079450066667,0.55087711678736,0.0,0.0
La Isla,413.0,1069.0,39879964,7216.0,0.11966663581,0.082874575084,117331,0.294210665431571,0.011194259664172,1.148483579323725,0.0,0.0
Jorge Eliécer Gaitán,602.0,2514.0,232810514,14017.0,0.07450984699,0.046554368496,271348,0.116553349833562,0.002963796618536,0.332127905372048,0.0,0.0
Prados del Norte,211.0,1386.0,579321580,9088.0,0.081157262937,0.040766116204,756320,0.130552717296263,0.005855502376407,0.44857082090669,0.0,0.0
La Rivera I,607.0,813.0,36757928,4163.0,0.03445376598,0.019328212046,47940,0.13042048448614,0.004237855594096,0.464285660485227,0.0,0.0
Los Guayacanes,503.0,2454.0,197046512,12066.0,0.12828206279,0.070834379785,292168,0.148273414320787,0.005227467921353,0.587057680963037,0.0,0.0
Petecuy I,605.0,1403.0,59349428,6415.0,0.04973645267,0.022879991766,70052,0.118033474203188,0.00354500731789,0.356663940233827,0.0,0.0
La Alianza,497.0,417.0,233555823,1275.0,0.02117033023,0.005138695071,317999,0.136155373643254,0.005076817800959,0.403034907529412,0.0,0.0
Guillermo Valencia,412.0,632.0,97745818,2525.0,0.06891736484,0.031002875377,257954,0.263902911084685,0.010904646335443,1.227836648594059,0.0,0.0
Marco Fidel Suárez,414.0,250.0,14694167,1278.0,0.02817056402,0.015367898124,43348,0.295000928291828,0.011268225608,1.202495940845071,0.0,0.0
Paseo de Los Almendros,596.0,1150.0,70478491,3156.0,0.06054664977,0.020476308301,106766,0.151486862252061,0.005264926066957,0.648805712959442,0.0,0.0
Santa Mónica,210.0,1116.0,717657799,3105.0,0.060821065811,0.014108327728,869259,0.121124401881642,0.005449916291308,0.454374483993559,0.0,0.0
San Vicente,209.0,1512.0,1241925985,2982.0,0.155261811213,0.02138746792,2095612,0.168738902971497,0.010268638307738,0.717218910798122,0.0,0.0
Los Andes,502.0,1085.0,104347940,9236.0,0.06464516189,0.062435941213,156872,0.150335785427792,0.005958079436866,0.676006292908185,0.0,0.0
Ignacio Rengifo,411.0,369.0,52874103,2163.0,0.02487611383,0.016565345409,93538,0.176906502247001,0.006741494262873,0.765850458113731,0.0,0.0
El Sena,501.0,1482.0,486420896,8354.0,0.08836122247,0.053366914862,741349,0.152409047338971,0.005962295713225,0.638818707948288,0.0,0.0
Popular,410.0,191.0,35402395,754.0,0.00911309273,0.003198343363,50050,0.141375842342552,0.00477125273822,0.424183469893899,0.0,0.0
Bolivariano,417.0,393.0,106835407,1415.0,0.02018990741,0.006763411251,149758,0.140175915953219,0.005137381020356,0.477979593710247,0.0,0.0
Los Andes B - La Riviera,597.0,941.0,100678359,6138.0,0.05911182401,0.044127565373,156640,0.155584232676789,0.006281809140276,0.718924167041382,0.0,0.0
Manzanares,405.0,322.0,156377624,1830.0,0.01715444242,0.007417266403,201232,0.128683616230282,0.005327466590062,0.405315103989071,0.0,0.0
Unidad Residencial Bueno Madrid,419.0,68.0,18044454,773.0,0.00299910701,0.004400278677,24456,0.135530928959814,0.004410451485294,0.569246918111255,0.0,0.0
Salomia,406.0,993.0,168109933,6728.0,0.05208507008,0.035606072862,243966,0.145122960619361,0.005245223573011,0.529222248246136,0.0,0.0
Sultana - Berlín - San Francisco,408.0,273.0,53075929,1541.0,0.01519377967,0.009435960705,76083,0.143347816247121,0.005565487058608,0.612327106099935,0.0,0.0
Alfonso Lopez I,701.0,2287.0,179079504,12403.0,0.06813439978,0.0324250565781,181608,0.10141199754777,0.002979204188019,0.261429142772716,0.0,0.0
Sector Patio Bonito,196.0,659.0,22795216,4811.0,0.018039344323,0.0094347030733,17342,0.076076631631668,0.002737381536115,0.196106902375805,0.0,0.0
Santander,402.0,766.0,293934998,1374.0,0.04187309037,0.006857081418,394251,0.134128576431002,0.005466460883812,0.499059782969432,0.0,0.0
Fepicol,798.0,702.0,135954740,4460.0,0.0208720244,0.014278453868,156225,0.11490934714488,0.002973222849003,0.320144705560538,0.0,0.0
Fátima,407.0,138.0,15618114,636.0,0.00862053572,0.004040596567,24711,0.158221078477083,0.006246765014493,0.635313925628931,0.0,0.0
Las Delicias,404.0,707.0,154304915,4184.0,0.03718239033,0.021720702901,212758,0.137881410754801,0.005259178264498,0.519137258628107,0.0,0.0
Industria de Licores,423.0,0.0,0,0.0,0.0,0.0,0,0.0,0.0,0.0,0.0,0.0
Base Aérea,711.0,124.0,243580724,0.0,0.00525918445,0.0,336587,0.138182856200499,0.004241277782258,0.0,0.0,0.0
Versalles,208.0,326.0,439285034,1543.0,0.02943677337,0.009471155665,691293,0.1573678097146,0.009029685082822,0.613814365845755,0.0,0.0
Aguacatal,199.0,1995.0,282895391,17305.0,0.067205781762,0.0552976505342,203375,0.071890502025535,0.003368710865263,0.319547243768853,0.0,0.0
Granada,207.0,902.0,583652832,3923.0,0.07277665877,0.021805222166,825056,0.141360730279606,0.008068365717295,0.55583028717818,0.0,0.0
El Piloto,314.0,370.0,68347623,671.0,0.03675726115,0.005419876479,158420,0.23178522945377,0.009934394905405,0.807731218926975,0.0,0.0
Alfonso Lopez II,702.0,1110.0,113101045,7239.0,0.03213375546,0.021440128144,120120,0.106206228367602,0.002894932924324,0.296175274816964,0.0,0.0
Porvenir,403.0,890.0,182760091,2462.0,0.04830044696,0.011550007363,253438,0.13867226049274,0.00542701651236,0.469131087043054,0.0,0.0
San Marino,709.0,593.0,25911538,2339.0,0.02464120552,0.0084268419859,31629,0.122064297568672,0.004155346630691,0.360275416241984,0.0,0.0
La Esmeralda,416.0,505.0,94190831,2589.0,0.02463974301,0.013384622174,137233,0.145696515178871,0.004879157031683,0.516980385245268,0.0,0.0
Jorge Isaacs,401.0,671.0,179428880,1806.0,0.03890756468,0.010264492919,271258,0.151178671128302,0.00579844481073,0.568355089645626,0.0,0.0
San Nicolás,312.0,2286.0,907974053,3484.0,0.21957217764,0.035236581246,1893236,0.208512148080002,0.009605082136483,1.011382928989667,0.0,0.0
Los Pinos,708.0,484.0,38393754,2408.0,0.01493171101,0.00783713668,41762,0.108773810432711,0.003085064258264,0.325462486710963,0.0,0.0
Vista Hermosa,102.0,1436.0,63917532,11539.0,0.079826264708,0.050305727338,86398,0.135170613205961,0.00555893208273,0.435962625340151,0.0,0.0
Las Ceibas,710.0,1571.0,124136470,7717.0,0.06022429797,0.031132734017,143288,0.115428177795164,0.003833500825589,0.403430530218997,0.0,0.0
El Hoyo,313.0,246.0,91619886,458.0,0.02270003619,0.00391619458,194780,0.212595728788434,0.009227656987805,0.855064318777292,0.0,0.0
Juanambú,205.0,333.0,364252553,1652.0,0.008313098126,0.0020628777442,147761,0.040565474041596,0.002496425863664,0.124871534152542,0.0,0.0
Parque de la Caña,797.0,122.0,29936969,302.0,0.0051591725,0.001395225733,29781,0.099478181247421,0.004228829918033,0.461995275827815,0.0,0.0
Puerto Nuevo,704.0,440.0,9465803,1022.0,0.01380180001,0.0017471720586,9353,0.098807200128495,0.003136772729545,0.170956170117417,0.0,0.0
Industrial,809.0,907.0,398985088,2769.0,0.05444504226,0.018599115009,607005,0.152137309731137,0.006002760998897,0.671690682881907,0.0,0.0
Alfonso Lopez III,703.0,2247.0,226866214,12471.0,0.06542023715,0.0369282764359,240568,0.10603973908434,0.002911448026257,0.296113194097506,0.0,0.0
San Pedro,311.0,563.0,848769243,537.0,0.047134160572,0.004187136583,1015326,0.119623274598081,0.00837196457762,0.779727482867784,0.0,0.0
Normandia,204.0,246.0,429201105,2058.0,0.015648751923,0.00774739867,287507,0.066986550160901,0.006361281269512,0.37645280223518,0.0,0.0
Terron Colorado,101.0,3757.0,303736256,24301.0,0.137612533707,0.0892320358012,274383,0.090335996924314,0.003662830282326,0.367194912971483,0.0,0.0
Centenario,206.0,190.0,297304520,1695.0,0.008861946256,0.004355229153,213253,0.071728927448177,0.00466418224,0.256945672743363,0.0,0.0
Santa Rita,201.0,300.0,175640978,1271.0,0.021544376396,0.007178572638,215567,0.122731710825669,0.007181458798667,0.564797217781275,0.0,0.0
Santa Teresita,202.0,281.0,486839711,3167.0,0.022349188851,0.01458510865,422719,0.08682925482496,0.00795344798968,0.460533901168298,0.0,0.0
El Troncal,810.0,1945.0,364056514,9483.0,0.10445072526,0.054811034052,517148,0.142051582642796,0.005370217237018,0.577992555646947,0.0,0.0
La Merced,308.0,251.0,509225707,811.0,0.02272767274,0.005563193931,549424,0.107894035076922,0.009054849697211,0.685967192478422,0.0,0.0
Barrio Obrero,910.0,1573.0,200446139,3176.0,0.09308890662,0.017598725268,310369,0.154839297989987,0.005917921590591,0.55411603488665,0.0,0.0
Villa Colombia,815.0,1453.0,234666643,7286.0,0.0855986628,0.044250604781,340903,0.145271188706987,0.005891167432897,0.607337424938238,0.0,0.0
Urbanización La Nueva Base,818.0,1134.0,162360589,8673.0,0.04307338176,0.037748522733,185361,0.11416602200091,0.003798358179894,0.435241816361121,0.0,0.0
La Base,817.0,1420.0,155380618,7752.0,0.0869454034,0.052839679032,238474,0.153477526042415,0.006122915732394,0.681626406501548,0.0,0.0
Siete de Agosto,707.0,2001.0,190625674,11569.0,0.0650508413,0.0381110945786,212772,0.111617577339147,0.003250916606697,0.329424276762037,0.0,0.0
Arboledas,203.0,392.0,519890136,4521.0,0.030984847488,0.019104832121,468811,0.090175099395672,0.007904297828571,0.422579785910197,0.0,0.0
Sucre,909.0,1916.0,262417263,3220.0,0.19328527593,0.026989069858,585724,0.223203436976785,0.010087958033925,0.838169871366459,0.0,0.0
El Peñón,302.0,268.0,299584836,1585.0,0.023729441008,0.008992359753,310522,0.103650891043195,0.008854269032836,0.567341309337539,0.0,0.0
Urbanización El Angel del Hogar,706.0,667.0,72192939,3266.0,0.02304445861,0.00998363114,80470,0.111465298910841,0.00345494132084,0.305683745866503,0.0,0.0
El Calvario,310.0,413.0,159861333,995.0,0.04389493774,0.010037814762,328438,0.205451594107586,0.01062831422276,1.008825604221106,0.0,0.0
Municipal,808.0,581.0,90871414,2752.0,0.03170481076,0.01535275147,130274,0.143361028561956,0.005456938168675,0.557876143531977,0.0,0.0
San Antonio,303.0,887.0,118750526,3126.0,0.10042358211,0.034212583261,268707,0.226278397776651,0.011321711624577,1.094452439571337,0.0,0.0
Las Américas,811.0,610.0,68560105,4064.0,0.02892750832,0.021678146097,91277,0.133134479447023,0.004742214478689,0.533418949237205,0.0,0.0
Benjamín Herrera,807.0,764.0,69063204,3220.0,0.03981632917,0.01636849251,95451,0.138207722006154,0.005211561409686,0.508338276708075,0.0,0.0
Planta de Tratamiento,2199.0,119.0,97743750,2860.0,0.00290920119,0.00691465526,88723,0.09077126500078,0.002444706882353,0.241771162937063,0.0,0.0
Santa Rosa,307.0,471.0,186559517,1563.0,0.04888200568,0.010648264388,298571,0.16004069689312,0.010378345154989,0.681270914139475,0.0,0.0
Atanasio Girardot,812.0,1221.0,144178784,7701.0,0.07521120403,0.055086174909,220666,0.153049990489322,0.006159803769861,0.715311971289443,0.0,0.0
Bellavista,1909.0,743.0,328198730,6018.0,0.062850142051,0.0304407690957,346052,0.105439864413001,0.008458969320458,0.505828665598205,0.0,0.0
La Floresta,806.0,1169.0,154868286,4940.0,0.05904553931,0.02523683359,210495,0.135918991713235,0.005050944337896,0.510867076720648,0.0,0.0
Chapinero,814.0,1139.0,148928334,5586.0,0.06842661373,0.038113732999,229225,0.153916097940135,0.006007604366111,0.682308145345507,0.0,0.0
San Cayetano,304.0,1092.0,106861612,4623.0,0.1301003491,0.05529470247,256359,0.239898506983721,0.011913951382784,1.196078357560026,0.0,0.0
El Trébol,816.0,797.0,108730806,4671.0,0.040137595,0.025950753959,154662,0.142242960143203,0.005036084692597,0.555571696831514,0.0,0.0
San Pascual,309.0,451.0,57226776,2566.0,0.04634891807,0.021736739157,143733,0.251163995742507,0.010276921966741,0.847105968706158,0.0,0.0
San Juan Bosco,306.0,985.0,176047257,3662.0,0.11845239832,0.040429763657,452637,0.257110890635927,0.012025624194924,1.104035053440743,0.0,0.0
Saavedra Galindo,803.0,1032.0,112452137,3056.0,0.05008931074,0.014109611887,152590,0.135693488128254,0.004853615381783,0.461701959653141,0.0,0.0
Belalcázar,908.0,1195.0,154057167,3002.0,0.08484942509,0.022192686424,266215,0.172802485178729,0.007100370300418,0.73926337188541,0.0,0.0
Simón Bolívar,802.0,443.0,34269443,1702.0,0.02454080426,0.009285351774,48047,0.140204548495714,0.005539684934537,0.545555333372503,0.0,0.0
El Nacional,301.0,317.0,22727321,2451.0,0.03786391435,0.031789899465,56063,0.246676736916076,0.011944452476341,1.297017522031824,0.0,0.0
Ulpiano Lloreda,1301.0,924.0,68754660,6131.0,0.02544215091,0.016448823354,71836,0.104481507726728,0.002753479535714,0.268289403914533,0.0,0.0
Navarro - La Chanca,315.0,207.0,62336113,1394.0,0.0233481535,0.015390356013,127323,0.204252740328434,0.011279301207729,1.104042755595409,0.0,0.0
Charco Azul,1313.0,717.0,28939907,2367.0,0.0200277038,0.0045378201273,28665,0.09905123332922,0.002793264128312,0.191711876945501,0.0,0.0
Nueva Floresta,1207.0,3259.0,334442410,23133.0,0.12500639714,0.09852279509,414354,0.123893883255876,0.003835728663394,0.425897181904638,0.0,0.0
El Mortiñal,1917.0,402.0,20785612,1722.0,0.04053119052,0.01587758415,45135,0.217147438781365,0.010082385701493,0.922043214285714,0.0,0.0
Santa Fé,813.0,1390.0,166402863,8999.0,0.093970351787,0.07279451426,263544,0.158377195740449,0.006760456963094,0.808917815979553,0.0,0.0
Los Libertadores,305.0,741.0,149312178,3701.0,0.08549187975,0.041053474273,329187,0.220468958331415,0.011537365688259,1.109253560470143,0.0,0.0
Santa Bárbara,1982.0,46.0,43461177,418.0,0.00444461684,0.003133338382,54530,0.125467748705537,0.009662210521739,0.749602483732057,0.0,0.0
Lleras Restrepo II,1393.0,679.0,36061233,2525.0,0.01885035052,0.0052854273545,36044,0.099951780461111,0.002776193007364,0.209323855623762,0.0,0.0
Guayaquil,904.0,1914.0,268851068,7949.0,0.20738466131,0.085602960524,669677,0.249088333768087,0.01083514426907,1.076902258447604,0.0,0.0
Bretaña,902.0,1679.0,203310609,6012.0,0.1896593772,0.065872698075,509030,0.25037082514967,0.011295972435974,1.095686927395209,0.0,0.0
Miraflores,1911.0,688.0,172824993,3851.0,0.06621146877,0.036192462312,330503,0.191235753906913,0.00962375999564,0.939819847104648,0.0,0.0
Tejares - Cristales,1983.0,371.0,195735287,2384.0,0.025553477462,0.015547925508,280689,0.143402296065724,0.006887729774124,0.652178083389262,0.0,0.0
San Fernando Viejo,1910.0,1475.0,1229135968,5051.0,0.120696215126,0.039761428751,1105048,0.08990446623752,0.008182794245831,0.787199143753712,0.0,0.0
Alameda,901.0,958.0,168308153,2857.0,0.10102348226,0.028263717758,402566,0.239184038381666,0.010545248670146,0.989279585509275,0.0,0.0
José Manuel Marroquín II,1405.0,2561.0,144530220,17860.0,0.06782298935,0.039685776148,144451,0.099945303856945,0.002648301028895,0.222204793661814,0.0,0.0
Rafael Uribe Uribe,804.0,394.0,48346130,1961.0,0.02111292976,0.010829918475,70617,0.146065911785432,0.005358611614213,0.552265093064763,0.0,0.0
Manuel Maria Buenaventura,906.0,493.0,57150030,1828.0,0.04642568673,0.01846061527,128956,0.225645258603012,0.009416974995943,1.009880485229759,0.0,0.0
Alirio Mora Beltrán,1402.0,2283.0,127041514,14613.0,0.0640858152,0.034161089597,128958,0.101508819599583,0.0028070878318,0.23377191265996,0.0,0.0
Valle Grande,2198.0,3996.0,128774301,20542.0,0.17531212179,0.098328732093,217241,0.168698950067243,0.004387190234985,0.478671658519132,0.0,0.0
Primitivo Crespo,801.0,944.0,103897322,4156.0,0.05563215039,0.02542986804,159151,0.153181370995787,0.005893236270127,0.611883254090472,0.0,0.0
Villa del Lago,1310.0,2322.0,91317939,5671.0,0.04787338017,0.0117908570551,84077,0.0920705585063,0.002061730412145,0.207914954242638,0.0,0.0
Santa Mónica Popular,805.0,917.0,95241224,5959.0,0.04727375708,0.031093311349,133838,0.140525461842942,0.005155262495093,0.521787403070985,0.0,0.0
Sector Laguna del Pondaje,1397.0,704.0,112658491,8547.0,0.01883965513,0.02116275051,125032,0.11098328402766,0.00267608737642,0.247604428571429,0.0,0.0
Fenalco Kennedy,1206.0,322.0,30457537,1169.0,0.01214565578,0.0044867648458,36267,0.119074787396146,0.00377194278882,0.383812219486741,0.0,0.0
Asturias,1202.0,672.0,45781484,4469.0,0.03247126323,0.022360765222,61967,0.135353121710127,0.00483203321875,0.500352768449318,0.0,0.0
El Rodeo,1210.0,1844.0,113419457,12061.0,0.08148271457,0.051801400923,145733,0.128490323778456,0.004418802308568,0.429495074396816,0.0,0.0
Santa Mónica Belalcázar,907.0,221.0,28888159,736.0,0.01532481902,0.005904571396,46402,0.160627301489078,0.006934307248869,0.802251548369565,0.0,0.0
Aranjuez,905.0,458.0,52235763,1965.0,0.04644487692,0.022889305423,118753,0.227340833178153,0.010140802820961,1.16485014875318,0.0,0.0
Lleras Restrepo,1309.0,215.0,19990234,1274.0,0.00600032859,0.0035844487001,22169,0.110900478765653,0.002790850506977,0.28135390110675,0.0,0.0
El Cedro,1913.0,917.0,303998505,2320.0,0.0783422449,0.020587845698,656541,0.215968542073314,0.008543320054526,0.887407142155172,0.0,0.0
3 de Julio,1912.0,531.0,228124570,1746.0,0.04484023047,0.014445129528,505652,0.22165607079145,0.008444487847458,0.827327006185567,0.0,0.0
Ciudad Talanga,2108.0,2423.0,59405757,13147.0,0.06026481274,0.030087383501,57168,0.096233717940611,0.00248719821461,0.228853605392865,0.0,0.0
20 de Julio,1111.0,398.0,40916550,2427.0,0.02488287425,0.017507092169,64472,0.157569377012057,0.006251978454774,0.7213470197363,0.0,0.0
Los Naranjos II,1499.0,1450.0,44331774,6954.0,0.03450916204,0.011935405193,40422,0.091180523549041,0.002379942209655,0.171633666853609,0.0,0.0
El Prado,1110.0,218.0,51403403,1454.0,0.01386980181,0.008352374279,78123,0.151980945293428,0.006362294408257,0.574441147111417,0.0,0.0
Junín,903.0,990.0,129548124,4441.0,0.10822521267,0.053520184976,323150,0.249444222679034,0.010931839663636,1.205138144021617,0.0,0.0
Alfonso Barberena A.,1204.0,461.0,34174290,3252.0,0.02141030962,0.014950299326,45865,0.134209227313138,0.004644318789588,0.459726301537515,0.0,0.0
Ricardo Balcázar,1306.0,755.0,50181589,4804.0,0.02114018715,0.0133516807411,53993,0.107595432030164,0.002800024788079,0.277928408432556,0.0,0.0
Sector Altos de Santa Isabel,1981.0,53.0,168616480,2466.0,0.00045009102,0.001820526861,34956,0.020730918652823,0.000849228339623,0.073825095742092,0.0,0.0
Las Acacias,1005.0,316.0,43440401,1637.0,0.01693206027,0.009049868636,60660,0.139639485047935,0.005358246920886,0.552832537324374,0.0,0.0
Los Naranjos,1496.0,426.0,19064468,2813.0,0.01024138619,0.006211263034,18106,0.094970345813239,0.002404081265258,0.220805653537149,0.0,0.0
San Cristóbal,1015.0,761.0,97365309,3896.0,0.05219317712,0.030415922132,174648,0.179374251022947,0.00685849896452,0.780696153285421,0.0,0.0
Aguablanca,1109.0,902.0,94972479,5827.0,0.055548735,0.036194447132,145149,0.152832890409327,0.006158396341463,0.621150628659688,0.0,0.0
Prados de Oriente,1112.0,712.0,118608130,4634.0,0.0397512543,0.030049221077,148821,0.125472857837338,0.00558304133427,0.648451037483815,0.0,0.0
Santa Isabel,1908.0,755.0,444269376,4755.0,0.023057791016,0.0116428731526,286440,0.064474414694588,0.003054012055099,0.244855376500526,0.0,0.0
Marroquín III,1394.0,604.0,31928071,2340.0,0.02002066742,0.0070901744642,35258,0.110428780098759,0.003314680036424,0.302998908726496,0.0,0.0
Champagnat,1914.0,712.0,170570689,2519.0,0.05821491498,0.023427254544,374546,0.219584020067008,0.008176252103933,0.930022014450179,0.0,0.0
Puerta del Sol,1495.0,1103.0,27875336,5207.0,0.03007112445,0.00881542947,24893,0.089301403417699,0.002726303213962,0.169299586518149,0.0,0.0
Bello Horizonte,1212.0,186.0,19456762,1341.0,0.00902065191,0.006928598543,26537,0.136388612841496,0.004849812854839,0.516674015137957,0.0,0.0
Villanueva,1201.0,559.0,41183572,3332.0,0.02970046913,0.016243656688,58646,0.142401669674051,0.005313142957066,0.487504702521008,0.0,0.0
El Pondaje,1398.0,569.0,44597749,3751.0,0.0129246788,0.008525186919,46156,0.103493298028107,0.00227147254833,0.227277710450547,0.0,0.0
Urbanización Colseguros,1915.0,978.0,285504193,6016.0,0.07575478579,0.053116301438,570980,0.199989974261157,0.007745888117587,0.882917244647606,0.0,0.0
El Paraíso,1205.0,617.0,65621055,3765.0,0.02967280372,0.017224518516,89975,0.137113064242634,0.004809206437601,0.457490531633466,0.0,0.0
Compartir,2107.0,2173.0,74641293,11305.0,0.05365962219,0.02874394791,79051,0.105907237032925,0.002469379760239,0.254258716585582,0.0,0.0
Santa Elena,1004.0,1740.0,199167520,6713.0,0.09673804016,0.034916625217,294077,0.14765315775258,0.00555965748046,0.520134443870103,0.0,0.0
Sindical,1211.0,695.0,64730566,4378.0,0.0221774529,0.01403067826,70379,0.108725858938309,0.003191000417266,0.320481458656921,0.0,0.0
San Fernando Nuevo,1906.0,722.0,1149031768,2043.0,0.032091905409,0.0096229714877,921984,0.080240050374859,0.004444862245014,0.471021609774841,0.0,0.0
Los Lagos,1395.0,1876.0,105412359,8370.0,0.04947920808,0.0204380680778,103746,0.098418729618124,0.002637484439232,0.244182414310633,0.0,0.0
Colseguros Andes,1014.0,547.0,224262013,6313.0,0.027302202075,0.026710160258,283086,0.126230122852928,0.004991261805302,0.423097738919689,0.0,0.0
Villablanca,1314.0,597.0,33675497,3201.0,0.01691103864,0.0088409759105,36058,0.107073826180475,0.002832669788945,0.276194186519838,0.0,0.0
El Recuerdo,1108.0,297.0,34896929,1907.0,0.01901088897,0.013282174263,53293,0.15271494107579,0.006400972717172,0.696495766282119,0.0,0.0
Eduardo Santos,1203.0,558.0,34149146,3378.0,0.02838065213,0.017248122668,48230,0.14123382451746,0.005086138374552,0.510601618354056,0.0,0.0
San Benito,1121.0,433.0,24422987,3312.0,0.02663084127,0.022015078611,38612,0.158097091848772,0.006150309762125,0.664706479800725,0.0,0.0
Promociones Populares B,1498.0,4674.0,120413766,24238.0,0.12069875694,0.045939281249,111551,0.09263988406526,0.00258234396534,0.189534125129961,0.0,0.0
Ciudadela del Rio - CVC,2197.0,1808.0,51670193,11296.0,0.03503078648,0.022187340031,46662,0.090308187926099,0.0019375435,0.196417670246105,0.0,0.0
Doce de Octubre,1209.0,660.0,60156606,4063.0,0.02887833936,0.019259521564,81403,0.135319201385389,0.004375505963636,0.474022189613586,0.0,0.0
Desepaz Invicali,2106.0,2539.0,74589636,13463.0,0.0677738572,0.030805213528,74275,0.099578604926482,0.00266931300512,0.228813886414618,0.0,0.0
Belén,2005.0,852.0,43109543,5162.0,0.019045978966,0.0078516913708,29142,0.067600554511668,0.00223544354061,0.152105605788454,0.0,0.0
El Jardín,1106.0,1821.0,187705629,11746.0,0.10224552587,0.068496670552,274062,0.146006196205183,0.005614800981329,0.583148906453261,0.0,0.0
Julio Rincón,1208.0,175.0,32638338,1921.0,0.00681271418,0.007860881571,40573,0.124310453730122,0.003892979531429,0.409207786100989,0.0,0.0
Rodrigo Lara Bonilla,1312.0,680.0,33557216,3454.0,0.01974259228,0.0081108277245,33912,0.101055939683274,0.002903322394118,0.234824195845397,0.0,0.0
Yira Castro,1390.0,362.0,23612932,2029.0,0.00861234281,0.005116258448,21603,0.091487600069625,0.002379100223757,0.252156650961065,0.0,0.0
Los Comuneros II,1305.0,1860.0,120331416,9790.0,0.05900004943,0.0296378472094,135320,0.112456003531315,0.00317204566828,0.302735926551583,0.0,0.0
La Fortaleza,1107.0,968.0,85061240,7268.0,0.05570573137,0.044400648865,127539,0.149938115871662,0.005754724315083,0.610906010800771,0.0,0.0
Eucaristico,1905.0,669.0,323332323,2265.0,0.039107642515,0.012879196004,387024,0.119698602311972,0.005845686474589,0.568617925121413,0.0,0.0
Cristóbal Colón,1009.0,2117.0,285169435,11128.0,0.10313026622,0.053479370816,391179,0.13717421751995,0.004871528871989,0.480583849892164,0.0,0.0
León XIII,1116.0,538.0,36304877,3581.0,0.03116339146,0.0229052658275,55318,0.152371419019109,0.005792451944238,0.639633226123988,0.0,0.0
Los Conquistadores,1119.0,493.0,29832443,3305.0,0.02292010185,0.015664407572,40149,0.134581694042343,0.004649107880325,0.473960894765507,0.0,0.0
Omar Torrijos,1307.0,800.0,50244476,3884.0,0.02184749645,0.0095114535246,51159,0.101819171081764,0.00273093705625,0.244888092806385,0.0,0.0
José Manuel Marroquín I,1406.0,3638.0,220621223,24658.0,0.10234628616,0.058036954286,227934,0.103314415979635,0.002813256903793,0.235367646548787,0.0,0.0
Calipso,1315.0,1055.0,66054669,6226.0,0.02008939318,0.013876860184,60963,0.092292477705185,0.00190420788436,0.222885643816254,0.0,0.0
San Pedro Claver,1118.0,578.0,32419187,4106.0,0.02363744352,0.018601557004,41735,0.128735308397758,0.004089523100346,0.453033536385777,0.0,0.0
Alfonso Bonilla Aragón,1401.0,3597.0,196816770,24421.0,0.09269236289,0.052888136416,199587,0.101407665198917,0.002576935304142,0.216568266721264,0.0,0.0
Urbanización Boyaca,1105.0,464.0,45668438,3177.0,0.02036240335,0.01453158199,61013,0.133599274589506,0.004388448997845,0.457399496065471,0.0,0.0
Manuela Beltrán,1403.0,4464.0,188442208,14600.0,0.12445519357,0.0292393190937,188056,0.099794814247545,0.002787974766353,0.200269308860959,0.0,0.0
Urbanización Nueva Granada,1907.0,422.0,123547134,2490.0,0.032030264546,0.013852184027,164150,0.132864669802846,0.007590110081991,0.556312611526104,0.0,0.0
San Carlos,1101.0,1172.0,121813575,8503.0,0.049922176498,0.036849494141,151903,0.124701486875752,0.004259571373549,0.433370506186052,0.0,0.0
La Libertad,1003.0,354.0,34112250,1899.0,0.01647180066,0.009286227749,45998,0.134843674574897,0.004653051033898,0.489006200579252,0.0,0.0
Sector Asprosocial - Diamante,1399.0,181.0,13332281,1651.0,0.00421184765,0.003470999554,11561,0.086714153216262,0.002326987651934,0.21023619345851,0.0,0.0
Olímpico,1008.0,699.0,105707200,3495.0,0.03679728883,0.021191284312,176730,0.167188521359505,0.005264275941345,0.606331453848355,0.0,0.0
José María Córdoba,1117.0,171.0,34993539,1367.0,0.007447858,0.006468071074,48811,0.139485200276552,0.00435547251462,0.473158088807608,0.0,0.0
El Diamante,1308.0,1615.0,152234598,11164.0,0.04838514113,0.0358473338934,174474,0.114608874005867,0.002995983970898,0.321097580557148,0.0,0.0
Primavera,1122.0,838.0,63800908,6690.0,0.03751092434,0.034973526928,86158,0.135042583163356,0.004476243954654,0.522773197727952,0.0,0.0
Urbanización Tequendama,1904.0,958.0,484842235,3553.0,0.05849816843,0.020429636131,829250,0.171035115014507,0.006106280629436,0.574996795130875,0.0,0.0
El Poblado II,1304.0,2485.0,192153781,14832.0,0.07355709241,0.040675555909,232917,0.121213635141188,0.002960043960161,0.274241881802859,0.0,0.0
Los Robles,1311.0,1054.0,64659516,6251.0,0.02911957586,0.016575968437,65157,0.100770151329027,0.002762768108159,0.265173067301232,0.0,0.0
El Lido,1903.0,860.0,331388600,6066.0,0.069725805071,0.042102196324,648714,0.195756244806445,0.008107651752442,0.694068518364656,0.0,0.0
La Gran Colombia,1120.0,315.0,32628784,2406.0,0.01220927921,0.011080303864,42177,0.129262523219557,0.003875961653968,0.460528007647548,0.0,0.0
El Dorado,1001.0,451.0,77467716,4194.0,0.02205227968,0.017977678934,95184,0.122868898663662,0.004889640727273,0.428652335097759,0.0,0.0
El Poblado I,1303.0,2131.0,122973508,12496.0,0.05912847866,0.035360698112,129746,0.10550720735947,0.002774682245894,0.282976137259923,0.0,0.0
Los Cámbulos,1916.0,720.0,360788659,4309.0,0.041227297852,0.01737402068,500736,0.138789417872622,0.005726013590556,0.403203079136691,0.0,0.0
Los Lideres,2105.0,545.0,18470879,3558.0,0.01187037565,0.007150795115,16511,0.089387476898037,0.002178050577982,0.200977940275436,0.0,0.0
La Esperanza,1104.0,201.0,21276472,1310.0,0.00827193493,0.005681858524,27281,0.128219554667207,0.004115390512438,0.433729658320611,0.0,0.0
Antonio Nariño,1604.0,3168.0,223990260,18598.0,0.10704147781,0.0653441866806,258633,0.115466275009493,0.003378834526831,0.351350611251748,0.0,0.0
Departamental,1011.0,942.0,184937184,5988.0,0.04206677557,0.029871537888,272210,0.147190450024668,0.004465687427813,0.498856678156313,0.0,0.0
El Remanso,2104.0,873.0,24807745,5001.0,0.02488171713,0.011219133203,25618,0.103264517279571,0.002850139419244,0.2243377965007,0.0,0.0
Pasoancho,1012.0,278.0,48978484,2422.0,0.01378509812,0.013065988838,70608,0.144160280047445,0.004958668388489,0.539471050289017,0.0,0.0
Los Sauces,1113.0,1152.0,130072558,7657.0,0.06082707193,0.043696872449,184912,0.142160460393991,0.005280127771701,0.570678757333159,0.0,0.0
Maracaibo,1102.0,188.0,18541954,1084.0,0.00966910409,0.006022587353,26597,0.143442760483797,0.005143140473404,0.555589239206642,0.0,0.0
La Independencia,1103.0,1320.0,132112705,9058.0,0.07009183564,0.052750523529,189313,0.143296674028928,0.005309987548485,0.582363916195628,0.0,0.0
El Vergel,1302.0,2786.0,81929396,16658.0,0.07647460375,0.033856114701,79365,0.096870539976187,0.002744960651472,0.203242374240605,0.0,0.0
El Guabal,1002.0,2265.0,247954238,16631.0,0.10102372669,0.080639953476,340712,0.137409040583413,0.004460208683885,0.484877358402982,0.0,0.0
Calimio Desepaz,2103.0,3061.0,92717532,16956.0,0.0815060863,0.044000750358,100562,0.108460144890146,0.002662727419144,0.259499589278132,0.0,0.0
Mojica,1598.0,4109.0,131230345,12235.0,0.11657569724,0.0235438323339,126854,0.096665245452434,0.002837081947919,0.192430178454434,0.0,0.0
Unidad Residencial Santiago de Cali,1984.0,65.0,232496048,145.0,0.002551644078,0.00060305441,293715,0.126331333402476,0.003925606273846,0.415899593103448,0.0,0.0
El Cortijo,2001.0,187.0,16908348,756.0,0.01665367576,0.006724328029,40351,0.238644244603528,0.008905708962567,0.889461379497354,0.0,0.0
Pueblo Joven,2008.0,390.0,11688947,2415.0,0.03762032102,0.01174066658,22847,0.19545489735013,0.009646236158974,0.486155966045549,0.0,0.0
Las Orquídeas,1404.0,2075.0,94587029,12511.0,0.05105420424,0.02302788537,92029,0.097295709025161,0.002460443577831,0.184061109183918,0.0,0.0
Nueva Tequendama,1921.0,1250.0,384534436,5394.0,0.060384969221,0.020732743353,428686,0.11148171777608,0.00483079753768,0.384366765906563,0.0,0.0
Panamericano,1013.0,917.0,109855072,5935.0,0.04819263621,0.031138391754,176026,0.160234295036311,0.005255467416576,0.524656979848357,0.0,0.0
Belisario Caicedo,2002.0,526.0,57428593,3619.0,0.04497169436,0.033223595024,123658,0.215325188884539,0.008549751779468,0.918032468195634,0.0,0.0
Los Comuneros I,1502.0,2688.0,153728824,13076.0,0.08112327712,0.028604979087,158488,0.103095981982067,0.003017979059524,0.218759399564087,0.0,0.0
Urbanización Militar,1918.0,177.0,264191247,649.0,0.009535431526,0.002618733249,333437,0.126210489435751,0.005387249449718,0.403502811864407,0.0,0.0
Laureano Gómez,1503.0,1314.0,62022722,7462.0,0.03549202064,0.0179766969857,63537,0.102441367760946,0.002701067019787,0.240909903319485,0.0,0.0
San Judas Tadeo II,1018.0,670.0,67292542,3817.0,0.03053700476,0.018948927854,88225,0.1311073357685,0.004557761904478,0.496435102279277,0.0,0.0
Unidad Residencial El Coliseo,1985.0,143.0,48389804,3418.0,0.01078440047,0.021855613896,62440,0.129034635134318,0.00754153879021,0.639426971796372,0.0,0.0
Unión de Vivienda Popular,1603.0,2646.0,224309813,21192.0,0.1015621583,0.083454189448,271090,0.120855097365406,0.00383832797808,0.393800440958852,0.0,0.0
Venezuela - Urbanización Cañaveralejo,2098.0,542.0,41799115,3126.0,0.04492415697,0.021115840847,90998,0.217702680538845,0.008288589846863,0.67549075006398,0.0,0.0
U. D. A. Galindo Plaza de Toros,1999.0,17.0,75229825,0.0,0.00110838495,0.0,114476,0.152168422840909,0.006519911470588,0.0,0.0,0.0
Villa del Sur,1114.0,956.0,122426542,6413.0,0.0549932296,0.039635631533,168845,0.137915259680853,0.005752429874477,0.618051325947295,0.0,0.0
Santo Domingo,1006.0,365.0,38805000,2746.0,0.01805485284,0.014306822261,60362,0.155551566550221,0.004946535024658,0.521005908994902,0.0,0.0
El Retiro,1501.0,2263.0,62189624,8825.0,0.06105045147,0.012464414816,53454,0.085952931452564,0.002697766304463,0.141239827943343,0.0,0.0
La Selva,1010.0,685.0,90626304,5310.0,0.03029223855,0.026289136356,119539,0.131903182886103,0.004422224605839,0.495087313672316,0.0,0.0
Sector Cañaveralejo Guadalupe,1995.0,362.0,125642137,3606.0,0.02189000777,0.020012337538,168848,0.134388187932621,0.006046963472376,0.55497330942873,0.0,0.0
Jorge Zawadsky,1007.0,534.0,58250963,3058.0,0.02611205238,0.017156700166,92484,0.158768027179939,0.004889897449438,0.56104317089601,0.0,0.0
República de Israel,1602.0,2252.0,203361367,17502.0,0.084949782,0.063301140283,253534,0.124671548074204,0.003772192806394,0.361679466820935,0.0,0.0
Las Granjas,1016.0,499.0,67979071,4687.0,0.021056919354,0.021556366171,81569,0.119990961125151,0.004219823517836,0.459918202922978,0.0,0.0
San Judas Tadeo I,1017.0,1295.0,123365253,8874.0,0.05905299089,0.044634081068,170507,0.138213211007101,0.004560076516602,0.502975896641875,0.0,0.0
Villamercedes I - Villa Luz - Las Garzas,2194.0,621.0,28350236,3218.0,0.01555776891,0.0062028292407,26876,0.094798668057128,0.002505276797101,0.192754171556868,0.0,0.0
Potrero Grande,2196.0,1852.0,73218050,13331.0,0.02878279902,0.029913111794,67115,0.091664661170518,0.001554146815335,0.2243876062861,0.0,0.0
Camino Real - Joaquin Borrero Sinisterra,1922.0,700.0,160517011,3514.0,0.034523558422,0.016045201578,214551,0.133662318418967,0.004931936917429,0.456607899203187,0.0,0.0
Cuarto de Legua - Guadalupe,1919.0,509.0,337925242,2604.0,0.0407432367,0.014322067706,462259,0.136793352788764,0.008004565166994,0.550002600076805,0.0,0.0
Cañaveral,1992.0,108.0,53412282,864.0,0.0097141691,0.006816598678,87397,0.163626866961364,0.008994601018519,0.788958180324074,0.0,0.0
Camino Real - Los Fundadores,1923.0,239.0,114965549,2901.0,0.009332295946,0.010177176838,101442,0.088237157638142,0.003904726337238,0.35081616125474,0.0,0.0
El Vallado,1504.0,2835.0,129059785,11207.0,0.06782427048,0.0278331604456,125318,0.097100573644371,0.002392390493122,0.248355139159454,0.0,0.0
Pizamos III - Las Dalias,2195.0,438.0,7718414,1656.0,0.01136536659,0.0019545342,6652,0.086185324211726,0.002594832554795,0.118027427536232,0.0,0.0
Santa Anita - La Selva,1778.0,546.0,300793449,7193.0,0.026097984946,0.029133879844,399887,0.132944063185366,0.004779850722711,0.405031000194634,0.0,0.0
José Holguín Garcés,1115.0,220.0,26050482,1594.0,0.01140179434,0.008858870841,35136,0.13487670707105,0.005182633790909,0.555763540840652,0.0,0.0
Mariano Ramos,1601.0,3461.0,262336647,21715.0,0.12790450541,0.0797675972663,309197,0.117862656446492,0.003695593915342,0.367338693374626,0.0,0.0
Pizamos II,2102.0,1642.0,21969547,5612.0,0.04896587554,0.006400418724,19171,0.087261894025415,0.002982087426309,0.114048801211689,0.0,0.0
Primero de Mayo,1702.0,736.0,194988564,7433.0,0.022619199013,0.025979739905,212948,0.109210263429146,0.003073260735462,0.349518900914839,0.0,0.0
Ciudad Córdoba,1596.0,5577.0,307971858,29152.0,0.16474223887,0.078184018844,312123,0.1013478797554,0.002953958021696,0.268194356627333,0.0,0.0
El Limonar,1787.0,457.0,198929021,11459.0,0.012533614033,0.0266076228511,143212,0.071991502636175,0.002742585127571,0.232198471516712,0.0,0.0
Pampa Linda,1994.0,945.0,736558942,4422.0,0.0698700462,0.0352217529,1275812,0.173212471962086,0.00739365568254,0.796511824966079,0.0,0.0
Cañaverales - Los Samanes,1786.0,1099.0,156299793,11678.0,0.024668927778,0.028503420045,130532,0.083514087543108,0.002244670407461,0.244077924687446,0.0,0.0
Cañaveralejo - Seguros Patria,1988.0,617.0,207726298,3539.0,0.0311307904,0.016567727662,283276,0.136369974989946,0.00504550897893,0.468147150664029,0.0,0.0
Pizamos I,2101.0,785.0,24023615,3710.0,0.02324863236,0.005074855158,25937,0.107966115337492,0.002961609217834,0.136788548733154,0.0,0.0
La Cascada,1902.0,326.0,94567285,2776.0,0.025626171426,0.019444514624,148037,0.156541795799089,0.007860788780982,0.700450814985591,0.0,0.0
El Morichal,1599.0,8940.0,341110330,39279.0,0.20382590815,0.090052661012,323951,0.094969670632911,0.002279931858501,0.229264138628784,0.0,0.0
Brisas del Limonar,1605.0,302.0,17814968,1988.0,0.01060838259,0.007710966504,20480,0.114960648541216,0.003512709466887,0.387875578672032,0.0,0.0
Bosques del Limonar,1788.0,413.0,126511944,4887.0,0.008000604984,0.009452790248,86093,0.068051469378794,0.001937192490073,0.193427261059955,0.0,0.0
El Gran Limonar - Cataya,1789.0,936.0,222254125,2746.0,0.039989656573,0.012942478691,299730,0.134859150391412,0.004272399206517,0.471321146795339,0.0,0.0
El Refugio,1901.0,982.0,319360489,8846.0,0.038315281999,0.037680221689,334410,0.104712486461341,0.003901759877699,0.425957740097219,0.0,0.0
El Gran Limonar,1790.0,418.0,224428598,1684.0,0.017174120472,0.004251709753,227853,0.101525938564438,0.004108641261244,0.252476826187648,0.0,0.0
La Alborada,1698.0,45.0,32391000,2600.0,0.0008859452,0.008421432,28713,0.088645042143251,0.001968767111111,0.323901230769231,0.0,0.0
Ciudad 2000,1697.0,2069.0,266750732,10146.0,0.061218286177,0.0341842859103,274466,0.102892294781544,0.00295883451798,0.336923772031342,0.0,0.0
La Hacienda,1784.0,534.0,806754333,11698.0,0.009196918594,0.0219991399214,557664,0.069124417015282,0.001722269399625,0.188058983769875,0.0,0.0
Caldas,1802.0,462.0,64381576,2646.0,0.010612780826,0.006044774591,57984,0.090063398782511,0.002297138706926,0.228449531027967,0.0,0.0
Los Portales - Nuevo Rey,1785.0,314.0,162835553,2307.0,0.008590485495,0.004679076834,105455,0.064761800847701,0.002735823406051,0.202820842392718,0.0,0.0
Los Chorros,1803.0,336.0,67931930,2302.0,0.006917255251,0.0040085825296,41895,0.061672145905547,0.00205870691994,0.174134775395308,0.0,0.0
Sector Alto de los Chorros,1890.0,2144.0,85574290,14497.0,0.14646017222,0.073056287463,130766,0.152810153293481,0.006831164749067,0.503940728861144,0.0,0.0
Buenos Aires,1801.0,450.0,109924027,3211.0,0.01136532921,0.007751568013,95197,0.086602793948025,0.002525628713333,0.241406664995329,0.0,0.0
El Caney,1600.0,0.0,0,0.0,0.0,0.0,0,0.0,0.0,0.0,0.0,0.0
Lourdes,1811.0,597.0,53618272,3712.0,0.034872027249,0.019527577609,84961,0.158456221071899,0.005841210594472,0.526066207139009,0.0,0.0
Prados del Limonar,1794.0,374.0,142710108,2796.0,0.006443357532,0.005633752659,101253,0.070949803579673,0.001722822869519,0.201493299678112,0.0,0.0
Ciudad Capri,1783.0,1061.0,267034254,6228.0,0.025200224798,0.014682099485,218204,0.081713986662314,0.002375139000754,0.235743408558125,0.0,0.0
Los Farallones,1805.0,242.0,16317132,1210.0,0.01674543115,0.00730149361,26647,0.163305271095416,0.00691959964876,0.603429223966942,0.0,0.0
Las Quintas de Don Simón,1782.0,308.0,242488317,4791.0,0.006537841458,0.007772935683,152169,0.062752972643863,0.002122675798052,0.162240360738885,0.0,0.0
Alférez Real,1813.0,389.0,168021452,5164.0,0.01569394544,0.016793969374,157883,0.093965827852045,0.004034433275064,0.325212420100697,0.0,0.0
Caney,1774.0,3118.0,557053387,21828.0,0.092939380652,0.062903422055,473442,0.084990474500336,0.002980737031815,0.288177671133407,0.0,0.0
Prados del Sur,1808.0,975.0,59457173,7110.0,0.07537245973,0.053005343314,115634,0.194482442855071,0.007730508690256,0.745504125372714,0.0,0.0
Alto Nápoles,1898.0,1481.0,111416054,11519.0,0.12171193324,0.068886495677,198906,0.178525620444964,0.008218226417286,0.598024964641028,0.0,0.0
Colinas del Sur,1812.0,140.0,9757895,913.0,0.00928734099,0.006548476557,17194,0.17620485774455,0.006633814992857,0.717248253778751,0.0,0.0
Mario Correa Rengifo,1810.0,561.0,57145607,3776.0,0.05181749437,0.02993352039,108994,0.190729617491769,0.009236630012478,0.79273094253178,0.0,0.0
Francisco Eladio Ramírez,1807.0,710.0,63829792,4442.0,0.02989137456,0.0185878362,77165,0.120892152792738,0.00421005275493,0.418456465556056,0.0,0.0
Ciudadela Comfandi,1703.0,1565.0,85653441,5214.0,0.054792434635,0.013918275828,88293,0.103081449845799,0.003501114034185,0.266940464672037,0.0,0.0
Ciudadela Pasoancho,1793.0,69.0,148191228,948.0,0.00138140091,0.001867275173,110634,0.074656480782158,0.002002030304348,0.196969954957806,0.0,0.0
El Ingenio,1780.0,1446.0,668564431,9211.0,0.033170270655,0.0255846965146,555071,0.083024273692778,0.002293932963693,0.277762420091195,0.0,0.0
Nápoles,1814.0,369.0,37602841,2515.0,0.01558691032,0.009394818088,41727,0.110967517996483,0.004224094937669,0.373551415029821,0.0,0.0
Mayapan - Las Vegas,1781.0,545.0,324796020,5711.0,0.028324291609,0.021591236443,342093,0.105325460172488,0.005197117726422,0.378064024566626,0.0,0.0
Cuarteles de Nápoles,1816.0,245.0,267701974,2415.0,0.00999693736,0.00934485501,332248,0.124111026372449,0.004080382595918,0.386950518012422,0.0,0.0
Unicentro Cali,1791.0,74.0,632625053,3172.0,0.003264160314,0.01291582417,382976,0.060537650369586,0.004411027451351,0.407182350882724,0.0,0.0
Meléndez,1804.0,543.0,105023555,3254.0,0.033336599841,0.012556645498,151927,0.144659636866183,0.006139336987293,0.385883389612784,0.0,0.0
Sector Alto Jordán,1897.0,2903.0,158856350,19046.0,0.23092236558,0.115635032818,294051,0.185105148802977,0.007954611284189,0.607135528814449,0.0,0.0
Ciudad Universitaria,1705.0,0.0,0,0.0,0.0,0.0,0,0.0,0.0,0.0,0.0,0.0
Urbanización San Joaquin,1796.0,373.0,822376013,2670.0,0.007058847817,0.005190995559,503801,0.061261585646561,0.001892452497855,0.194419309325843,0.0,0.0
Lili,1775.0,2128.0,1012388509,35983.0,0.052448756739,0.069103254896,701517,0.069293246468599,0.002464697215179,0.192044173348526,0.0,0.0
El Jordán,1815.0,1130.0,82462596,7453.0,0.0944443122,0.053558963744,153447,0.186081044988217,0.008357903734513,0.718622886676506,0.0,0.0
Horizontes,1809.0,196.0,50028921,2243.0,0.015836802,0.01782914426,82292,0.164489489238368,0.008080001020408,0.794879369594293,0.0,0.0
Polvorines,1891.0,343.0,102445674,7997.0,0.01945432507,0.03717512267,111757,0.109088708991341,0.005671814889213,0.464863357133925,0.0,0.0
Sector Meléndez,1896.0,528.0,90983139,3040.0,0.044183377616,0.017175681667,172831,0.189959656623421,0.008368063942424,0.564989528519737,0.0,0.0
La Playa,1701.0,166.0,620088144,272.0,0.003771470032,0.0006743555921,423205,0.068249191880782,0.002271969898795,0.247924850036765,0.0,0.0
Club Campestre,2299.0,45.0,90776158,449.0,0.003413640798,0.00041165776,97800,0.107737782655238,0.00758586844,0.091683242761693,0.0,0.0
Ciudad Campestre,2298.0,385.0,311019413,2163.0,0.008503256074,0.0054027830886,193407,0.062184943474017,0.002208637941299,0.249781927350902,0.0,0.0
Urbanización Ciudad Jardín,2201.0,1721.0,785266861,5552.0,0.094517889981,0.0300222203334,1056479,0.134537551095244,0.005492033119175,0.54074604346902,0.0,0.0
Urbanización Rio Lili,2297.0,378.0,204089857,3687.0,0.008903971583,0.0084729803808,119473,0.058539600600374,0.002355548037831,0.229806899397884,0.0,0.0
Parcelaciones Pance,2296.0,3580.0,2078985279,11770.0,0.280560165312,0.0859989410086,3659169,0.176007436552748,0.007836876126034,0.730662200582838,0.0,0.0
Villa del Prado - El Guabito,599.0,3804.0,276402815,17477.0,0.15735648166,0.082562464755,357807,0.129451352522181,0.004136605721872,0.472406389855238,0.0,0.0
Puerto Mallarino,705.0,597.0,48399082,2843.0,0.02013761205,0.0091806967385,54512,0.112630402175114,0.003373134346734,0.322922853974675,0.0,0.0
La Sultana,2099.0,454.0,21794737,3465.0,0.03685931122,0.018113015793,39398,0.180766705964999,0.008118791017621,0.522742158528139,0.0,0.0
Lleras Camargo,2004.0,1869.0,47615589,10708.0,0.07919083539,0.025692293596,48460,0.101773269213981,0.004237069844302,0.239935502390736,0.0,0.0
Brisas de Mayo,2006.0,366.0,75848083,7200.0,0.02722786486,0.0548665625,150222,0.198056368458105,0.007439307338798,0.762035590277778,0.0,0.0
Tierra Blanca,2007.0,342.0,7917105,1041.0,0.0095912112,0.0017421571419,5917,0.074741885100154,0.002804447719298,0.167354192305475,0.0,0.0
Siloé,2003.0,3253.0,133682530,17335.0,0.21579170721,0.08777591449,238570,0.178460228721631,0.006633621494313,0.506350819094318,0.0,0.0
Villamercedes I - Villa Luz - Las Garzas,2194.0,621.0,28350236,3218.0,0.01555776891,0.0062028292407,26876,0.094798668057128,0.002505276797101,0.192754171556868,0.0,0.0
