NM_BARR,ID_BARR,number,rc_usd,night,fatalities,collapsed,losses,str_lr,col_lr,occ_lr
SANTA MARTHA,1.0,4.0,295889,13.999999999999998,0.0,0.0,0,0.0,0.0,0.0
NAYÓN CENTRO,2.0,977.0,139613033,6167.3,0.0,0.0,0,0.0,0.0,0.0
ORGANIZACIÓN ARA,3.0,38.0,1867125,56.7,0.0,0.0,0,0.0,0.0,0.0
SANTA ANA,4.0,59.0,8841705,324.7,0.0,0.0,0,0.0,0.0,0.0
NINALLACTA,5.0,59.0,53653784,2483.7,0.0,0.0,0,0.0,0.0,0.0
ALLPALLACTA,6.0,193.0,23893549,1794.0,0.0,0.0,0,0.0,0.0,0.0
LA CRISTALINA,7.0,0.0,0,0.0,0.0,0.0,0,0.0,0.0,0.0
SAN FRANCISCO DE HUARCAY,8.0,199.0,17497074,1208.4,0.0,0.0,0,0.0,0.0,0.0
LA VICTORIA,9.0,0.0,0,0.0,0.0,0.0,0,0.0,0.0,0.0
NÉSTOR ROMERO DÍAZ,10.0,335.0,39553813,2106.0,0.0,0.0,0,0.0,0.0,0.0
LA INDEPENDENCIA,11.0,228.0,16218429,1104.0,0.0,0.0,0,0.0,0.0,0.0
UNIÓN Y PROGRESO,12.0,208.0,26567631,1325.0,0.0,0.0,0,0.0,0.0,0.0
MARTHA BUCARAM DE ROLDÓS,13.0,678.0,73630344,4120.0,0.0,0.0,0,0.0,0.0,0.0
LAS ORQUIDEAS,14.0,461.0,56544529,3009.0,0.0,0.0,0,0.0,0.0,0.0
LA DELICIA,15.0,602.0,70271109,3814.0,0.0,0.0,0,0.0,0.0,0.0
LA MERCED,16.0,445.0,44440790,2543.0,0.0,0.0,0,0.0,0.0,0.0
FLORIDA,17.0,478.0,56938305,3070.0,0.0,0.0,0,0.0,0.0,0.0
SAN JUAN DE CHILLO,18.0,0.0,0,0.0,0.0,0.0,0,0.0,0.0,0.0
ESPEJO,19.0,105.0,13057137,804.1,0.0,0.0,0,0.0,0.0,0.0
ZONA DE PROTECCIÓN LA ECUATORIANA,20.0,3.0,238275,10.5,0.0,0.0,0,0.0,0.0,0.0
RUMIHUCO,21.0,87.0,12385730,652.0,0.0,0.0,0,0.0,0.0,0.0
LA CONCEPCIÓN,22.0,36.0,4577629,186.2,0.0,0.0,0,0.0,0.0,0.0
CHINCHILOMA,23.0,4.0,666341,30.1,0.0,0.0,0,0.0,0.0,0.0
PATICHUBAMBA,24.0,40.0,1267054,52.5,0.0,0.0,0,0.0,0.0,0.0
SAN ANDRÉS,25.0,0.0,0,0.0,0.0,0.0,0,0.0,0.0,0.0
SAN FRANCISCO,26.0,101.0,26082218,957.8,0.0,0.0,0,0.0,0.0,0.0
SAN JUANITO,27.0,8.0,2985062,123.9,0.0,0.0,0,0.0,0.0,0.0
COMUNA RUMILOMA,28.0,6.0,837178,756.0,0.0,0.0,0,0.0,0.0,0.0
SAN CARLOS,29.0,518.0,153608974,4317.1,0.0,0.0,0,0.0,0.0,0.0
JACARANDA,30.0,639.0,164505922,2401.9,0.0,0.0,0,0.0,0.0,0.0
COMUNA SAN JUAN BAUTISTA DE ANGAMARCA,31.0,2.0,67499,2.8,0.0,0.0,0,0.0,0.0,0.0
BARRIO CENTRAL,32.0,360.0,50256435,3024.0,0.0,0.0,0,0.0,0.0,0.0
SANTA  ANA,33.0,104.0,6337676,262.5,0.0,0.0,0,0.0,0.0,0.0
ANGAMARCA,34.0,82.0,10763752,420.0,0.0,0.0,0,0.0,0.0,0.0
CERRO NEGRO,35.0,3.0,421579,16.799999999999997,0.0,0.0,0,0.0,0.0,0.0
LA PRAGA,36.0,22.0,31407027,121.0,0.0,0.0,0,0.0,0.0,0.0
SAN JUAN LOMA,37.0,51.0,8889411,585.0,0.0,0.0,0,0.0,0.0,0.0
CURIQUINGUE,38.0,54.0,5594256,216.1,0.0,0.0,0,0.0,0.0,0.0
LA PRIMAVERA,39.0,937.0,225189221,4111.7,0.0,0.0,0,0.0,0.0,0.0
ACOSTA SOBERÓN,40.0,268.0,47146671,1304.7,0.0,0.0,0,0.0,0.0,0.0
SANTO DOMINGO,41.0,72.0,4447708,191.79999999999998,0.0,0.0,0,0.0,0.0,0.0
LA GRANJA,42.0,130.0,47247040,967.0,0.0,0.0,0,0.0,0.0,0.0
LA MOYA,43.0,293.0,80760475,1455.2,0.0,0.0,0,0.0,0.0,0.0
INGA,44.0,10.0,5172673,91.0,0.0,0.0,0,0.0,0.0,0.0
COMUNA LA TOGLLA,45.0,6.0,880306,35.7,0.0,0.0,0,0.0,0.0,0.0
LA MANDARINA,46.0,170.0,85187467,1330.1,0.0,0.0,0,0.0,0.0,0.0
SANTA  ROSA,47.0,61.0,16939876,331.09999999999997,0.0,0.0,0,0.0,0.0,0.0
ONTANEDA BAJA,48.0,208.0,57018340,990.4,0.0,0.0,0,0.0,0.0,0.0
SOLIDARIDAD,49.0,646.0,73684470,3864.0,0.0,0.0,0,0.0,0.0,0.0
ROJAS,50.0,201.0,44323061,979.1,0.0,0.0,0,0.0,0.0,0.0
SAN PEDRO DE EL VALLE,51.0,263.0,48228002,1768.6,0.0,0.0,0,0.0,0.0,0.0
SAN ANDRÉS DE CONOCOTO,52.0,19.0,1416425,60.9,0.0,0.0,0,0.0,0.0,0.0
MUYULLACTA,53.0,372.0,51130472,1930.3,0.0,0.0,0,0.0,0.0,0.0
TACURI,54.0,236.0,68442178,2743.7,0.0,0.0,0,0.0,0.0,0.0
COMUNA SAN PEDRO DEL TINGO,55.0,0.0,0,0.0,0.0,0.0,0,0.0,0.0,0.0
PAPALOMA,56.0,14.0,6941516,279.3,0.0,0.0,0,0.0,0.0,0.0
LA  PAZ,57.0,322.0,64576639,2055.1,0.0,0.0,0,0.0,0.0,0.0
ONTANEDA ALTA,58.0,119.0,10411283,336.7,0.0,0.0,0,0.0,0.0,0.0
QUILLALLACTA,59.0,92.0,28858197,514.5,0.0,0.0,0,0.0,0.0,0.0
SAN MARTÍN DE PORRES,60.0,588.0,59695313,3056.0,0.0,0.0,0,0.0,0.0,0.0
BIENESTAR SOCIAL,61.0,133.0,21641460,1258.0,0.0,0.0,0,0.0,0.0,0.0
SAN JUAN DE CONOCOTO,62.0,270.0,44935851,2038.1,0.0,0.0,0,0.0,0.0,0.0
PUEBLO UNIDO,63.0,946.0,99808669,5448.0,0.0,0.0,0,0.0,0.0,0.0
SAN ANTONIO,64.0,210.0,56691002,1495.7,0.0,0.0,0,0.0,0.0,0.0
SAN JOSÉ DE CONOCOTO BAJO,65.0,640.0,137907109,3033.2,0.0,0.0,0,0.0,0.0,0.0
CUNUNYACU,66.0,102.0,34181351,1346.8,0.0,0.0,0,0.0,0.0,0.0
INGA ALTO,67.0,5.0,457566,8.399999999999999,0.0,0.0,0,0.0,0.0,0.0
SANTA INÉS,68.0,522.0,166285943,2718.8,0.0,0.0,0,0.0,0.0,0.0
SAN GABRIEL,69.0,749.0,214264467,3828.9,0.0,0.0,0,0.0,0.0,0.0
USHIMANA,70.0,149.0,25114717,891.8,0.0,0.0,0,0.0,0.0,0.0
EL VERGEL,71.0,90.0,10348932,292.3,0.0,0.0,0,0.0,0.0,0.0
TAMBO DEL INCA,72.0,241.0,18275350,1105.0,0.0,0.0,0,0.0,0.0,0.0
LAS PALMERAS,73.0,98.0,14882763,608.3,0.0,0.0,0,0.0,0.0,0.0
SAN FRANCISCO DE TANDA,74.0,506.0,157678112,5040.5,0.0,0.0,0,0.0,0.0,0.0
ZONA DE PROTECCIÓN QUITUMBE,75.0,1.0,110551,4.199999999999998,0.0,0.0,0,0.0,0.0,0.0
COCHAUCO,76.0,39.0,3976164,169.4,0.0,0.0,0,0.0,0.0,0.0
COMUNA SORIALOMA,77.0,0.0,0,0.0,0.0,0.0,0,0.0,0.0,0.0
JERUSALÉN,78.0,8.0,1717642,82.89999999999999,0.0,0.0,0,0.0,0.0,0.0
VALLE DEL SUR,79.0,351.0,37075623,2322.0,0.0,0.0,0,0.0,0.0,0.0
EL TABLÓN,80.0,1.0,95396,3.5,0.0,0.0,0,0.0,0.0,0.0
COLLAS,81.0,57.0,12679870,185.0,0.0,0.0,0,0.0,0.0,0.0
SAN SEBASTIÁN DE PACHIJAL,82.0,3.0,349248,15.4,0.0,0.0,0,0.0,0.0,0.0
LOS PUENTES,83.0,1.0,40048,1.4,0.0,0.0,0,0.0,0.0,0.0
CARTAGENA,84.0,4.0,786819,34.3,0.0,0.0,0,0.0,0.0,0.0
PALUPE,85.0,1.0,24752,1.4,0.0,0.0,0,0.0,0.0,0.0
BRISAS DE ALAMBI,86.0,2.0,1112614,50.4,0.0,0.0,0,0.0,0.0,0.0
MIRAFLORES,87.0,11.0,1290262,49.699999999999996,0.0,0.0,0,0.0,0.0,0.0
LA PERLA,88.0,8.0,536289,23.1,0.0,0.0,0,0.0,0.0,0.0
PUCARÁ,89.0,6.0,185563,7.7,0.0,0.0,0,0.0,0.0,0.0
LA LAGUA,90.0,6.0,293542,12.599999999999998,0.0,0.0,0,0.0,0.0,0.0
LAS PALMAS,91.0,2.0,164210,7.0,0.0,0.0,0,0.0,0.0,0.0
TANDAYAPA,92.0,3.0,364829,15.4,0.0,0.0,0,0.0,0.0,0.0
LA ARMENIA,93.0,14.0,2435995,94.49999999999999,0.0,0.0,0,0.0,0.0,0.0
NANEGALITO CENTRO,94.0,32.0,5295939,1102.9,0.0,0.0,0,0.0,0.0,0.0
SAN FRANCISCO DE ALASPUNGO,95.0,0.0,0,0.0,0.0,0.0,0,0.0,0.0,0.0
GUAMACUCHO,96.0,2.0,221626,10.499999999999998,0.0,0.0,0,0.0,0.0,0.0
SAN FRANCISCO,97.0,1.0,50698,2.1,0.0,0.0,0,0.0,0.0,0.0
EMAAP,98.0,16.0,13038190,352.0,0.0,0.0,0,0.0,0.0,0.0
CARCELÉN BAJO,99.0,116.0,25449295,835.6,0.0,0.0,0,0.0,0.0,0.0
PAREDES,100.0,481.0,128752702,7071.4,0.0,0.0,0,0.0,0.0,0.0
BARRIO CENTRAL,101.0,407.0,74172593,2775.0,0.0,0.0,0,0.0,0.0,0.0
JESÚS DEL GRAN PODER,102.0,145.0,13180944,522.9,0.0,0.0,0,0.0,0.0,0.0
CENTRAL,103.0,83.0,7736472,302.4,0.0,0.0,0,0.0,0.0,0.0
CASPIGASI DEL CARMEN,104.0,45.0,9102268,364.7,0.0,0.0,0,0.0,0.0,0.0
SAN MIGUEL DE ZAMBIZA,105.0,86.0,9778519,552.5,0.0,0.0,0,0.0,0.0,0.0
ZONA DE PROTECCIÓN SAN ANTONIO,106.0,1.0,1343128,59.0,0.0,0.0,0,0.0,0.0,0.0
JOSÉ TERÁN,107.0,327.0,74305923,3016.0,0.0,0.0,0,0.0,0.0,0.0
YANAYACO,108.0,2.0,1418155,37.1,0.0,0.0,0,0.0,0.0,0.0
SANTA ANA,109.0,122.0,10522831,420.7,0.0,0.0,0,0.0,0.0,0.0
LA TOLA,110.0,844.0,128821576,5875.7,0.0,0.0,0,0.0,0.0,0.0
COLLAS,111.0,689.0,229868378,6936.9,0.0,0.0,0,0.0,0.0,0.0
MARÍA MAGDALENA,112.0,13.0,1398833,138.8,0.0,0.0,0,0.0,0.0,0.0
EL CENTRO,113.0,124.0,11211495,388.1,0.0,0.0,0,0.0,0.0,0.0
RUMICUCHO,114.0,4.0,1794469,79.79999999999998,0.0,0.0,0,0.0,0.0,0.0
RAYOCUCHO,115.0,17.0,4077366,121.79999999999998,0.0,0.0,0,0.0,0.0,0.0
TILINGÓN,116.0,17.0,5010653,526.1999999999999,0.0,0.0,0,0.0,0.0,0.0
SAN JOSÉ ALTO,117.0,484.0,115568541,4190.8,0.0,0.0,0,0.0,0.0,0.0
SAN JUAN LOMA ALTO 1,118.0,87.0,8660773,351.0,0.0,0.0,0,0.0,0.0,0.0
JESÚS DEL GRAN PODER,119.0,8.0,475432,20.3,0.0,0.0,0,0.0,0.0,0.0
EL CALVARIO,120.0,188.0,47664560,2066.0,0.0,0.0,0,0.0,0.0,0.0
RUMICUCHO CARCELÉN,121.0,88.0,14809927,1714.1,0.0,0.0,0,0.0,0.0,0.0
SAN JUAN DE CALDERÓN,122.0,327.0,30398027,1952.0,0.0,0.0,0,0.0,0.0,0.0
LA CANDELARIA ALTA,123.0,343.0,35788992,1678.4,0.0,0.0,0,0.0,0.0,0.0
CHONTA - ALANCE,124.0,50.0,3827645,306.9,0.0,0.0,0,0.0,0.0,0.0
BELLAVISTA,125.0,1161.0,83786780,3238.4,0.0,0.0,0,0.0,0.0,0.0
SANTA ROSA,126.0,4.0,504719,21.700000000000003,0.0,0.0,0,0.0,0.0,0.0
ANAGUMBA,127.0,11.0,575914,24.499999999999996,0.0,0.0,0,0.0,0.0,0.0
LOS SHYRIS,128.0,136.0,30514335,763.4,0.0,0.0,0,0.0,0.0,0.0
REDIN,129.0,289.0,57637429,2466.7,0.0,0.0,0,0.0,0.0,0.0
SAN VICENTE,130.0,4.0,150221,6.3,0.0,0.0,0,0.0,0.0,0.0
EL OASIS,131.0,117.0,71980313,1502.0,0.0,0.0,0,0.0,0.0,0.0
EL CLAVEL,132.0,404.0,114546763,3749.0,0.0,0.0,0,0.0,0.0,0.0
EL CAJÓN,133.0,295.0,75539004,1984.8,0.0,0.0,0,0.0,0.0,0.0
EQUINOCCIAL,134.0,717.0,147184939,5068.7,0.0,0.0,0,0.0,0.0,0.0
ALOBUELA,135.0,5.0,5939759,115.5,0.0,0.0,0,0.0,0.0,0.0
24 DE JUNIO,136.0,58.0,8641000,301.0,0.0,0.0,0,0.0,0.0,0.0
TANLAHUA,137.0,34.0,4748808,198.1,0.0,0.0,0,0.0,0.0,0.0
LANDAZURI,138.0,155.0,30509514,1426.4,0.0,0.0,0,0.0,0.0,0.0
CASA TUYA,139.0,287.0,24482221,1230.0,0.0,0.0,0,0.0,0.0,0.0
LA LIBERTAD,140.0,1.0,790517,35.7,0.0,0.0,0,0.0,0.0,0.0
LA FLORENCIA,141.0,7.0,328828,15.4,0.0,0.0,0,0.0,0.0,0.0
CAUPICHO SECTOR 1,142.0,306.0,28115172,1854.0,0.0,0.0,0,0.0,0.0,0.0
LA  PROVIDENCIA,143.0,6.0,895587,38.5,0.0,0.0,0,0.0,0.0,0.0
QUITUS COLONIAL,144.0,236.0,39056509,2752.0,0.0,0.0,0,0.0,0.0,0.0
HEMISFERIO SUR,145.0,30.0,9484120,441.0,0.0,0.0,0,0.0,0.0,0.0
CIUDAD FUTURA,146.0,286.0,21318238,1095.4,0.0,0.0,0,0.0,0.0,0.0
URBANIZACIÓN EJÉRCITO NACIONAL 2DA. ETAPA,147.0,662.0,96825617,2858.5,0.0,0.0,0,0.0,0.0,0.0
PRIMAVERA DEL SUR,148.0,222.0,17941729,854.0,0.0,0.0,0,0.0,0.0,0.0
PRADESUR,149.0,213.0,13486838,855.0,0.0,0.0,0,0.0,0.0,0.0
EJÉRCITO NACIONAL 1RA. ETAPA,150.0,853.0,89584589,5153.0,0.0,0.0,0,0.0,0.0,0.0
SESQUICENTENARIO DEL SUR,151.0,271.0,26142884,1153.0,0.0,0.0,0,0.0,0.0,0.0
ECUADOR DEL FUTURO,152.0,280.0,23779359,862.4,0.0,0.0,0,0.0,0.0,0.0
SAN LUIS,153.0,12.0,833074,32.199999999999996,0.0,0.0,0,0.0,0.0,0.0
NUEVOS HORIZONTES DEL SUR,154.0,996.0,84191505,4618.0,0.0,0.0,0,0.0,0.0,0.0
MIRANDA,155.0,255.0,88896463,1811.6,0.0,0.0,0,0.0,0.0,0.0
LA LIBERTAD,156.0,5.0,246414,13.0,0.0,0.0,0,0.0,0.0,0.0
CORPORACIÓN NACIONAL DE TELECOMUNICACIONES - CNT,157.0,5.0,10553636,0.0,0.0,0.0,0,0.0,0.0,0.0
CLEMENTE SÁNCHEZ DE ORELLANA,158.0,690.0,94044106,3812.0,0.0,0.0,0,0.0,0.0,0.0
EL PARAÍSO,159.0,134.0,13235196,799.0,0.0,0.0,0,0.0,0.0,0.0
SAN FERNANDO,160.0,689.0,80734664,4760.0,0.0,0.0,0,0.0,0.0,0.0
SAN JUAN,161.0,199.0,25788807,1256.0,0.0,0.0,0,0.0,0.0,0.0
SANTOSPAMBA,162.0,0.0,0,0.0,0.0,0.0,0,0.0,0.0,0.0
SAN JUAN,163.0,74.0,11331023,329.0,0.0,0.0,0,0.0,0.0,0.0
EL BLANQUEADO,164.0,216.0,36688165,1628.0,0.0,0.0,0,0.0,0.0,0.0
TIERRA MIA,165.0,21.0,1248045,75.0,0.0,0.0,0,0.0,0.0,0.0
VENECIA 2,166.0,228.0,19606299,1182.0,0.0,0.0,0,0.0,0.0,0.0
CIUDADELA METROPOLITANA CAUPICHU,167.0,1695.0,143753915,8339.7,0.0,0.0,0,0.0,0.0,0.0
CIUDADELA ARGENTINA,168.0,196.0,37373900,1566.0,0.0,0.0,0,0.0,0.0,0.0
ALFREDO PÉREZ CHIRIBOGA,169.0,179.0,17447773,958.0,0.0,0.0,0,0.0,0.0,0.0
EDÉN DEL SUR,170.0,135.0,8874362,620.0,0.0,0.0,0,0.0,0.0,0.0
EL DEAN,171.0,379.0,117275511,2574.2,0.0,0.0,0,0.0,0.0,0.0
VICTORIA ALTA,172.0,414.0,52946040,1982.7,0.0,0.0,0,0.0,0.0,0.0
CORAZÓN DE JESÚS,173.0,65.0,5943567,376.0,0.0,0.0,0,0.0,0.0,0.0
VIRGEN DEL QUINCHE,174.0,127.0,13375315,742.0,0.0,0.0,0,0.0,0.0,0.0
TURUBAMBA DE MONJAS I,175.0,686.0,63337428,3300.0,0.0,0.0,0,0.0,0.0,0.0
18 DE OCTUBRE,176.0,448.0,33112577,2019.7,0.0,0.0,0,0.0,0.0,0.0
MATILDE ÁLVAREZ,177.0,470.0,81764067,3437.0,0.0,0.0,0,0.0,0.0,0.0
LA PAMPA,178.0,2.0,214415,13.0,0.0,0.0,0,0.0,0.0,0.0
PANAMERICANA SUR,179.0,42.0,3179929,184.0,0.0,0.0,0,0.0,0.0,0.0
SAN FRANCISCO DE ASÍS,180.0,299.0,27978922,1302.7,0.0,0.0,0,0.0,0.0,0.0
BELLAVISTA DEL SUR,181.0,597.0,68514432,2616.0,0.0,0.0,0,0.0,0.0,0.0
ZONA DE PROTECCIÓN GUAMANÍ,182.0,1.0,74504,27.0,0.0,0.0,0,0.0,0.0,0.0
SEÑOR DE LA BUENA ESPERANZA,183.0,132.0,12987835,771.0,0.0,0.0,0,0.0,0.0,0.0
VERTIENTES SUR,184.0,44.0,5801387,507.0,0.0,0.0,0,0.0,0.0,0.0
CARAPUNGO,185.0,238.0,25574327,1044.3999999999999,0.0,0.0,0,0.0,0.0,0.0
YANAHUAICO,186.0,82.0,19098189,453.59999999999997,0.0,0.0,0,0.0,0.0,0.0
VICTORIA BAJA,187.0,227.0,23662190,1055.0,0.0,0.0,0,0.0,0.0,0.0
LA TRINIDAD,188.0,186.0,17958285,835.7,0.0,0.0,0,0.0,0.0,0.0
LOS CÓNDORES,189.0,185.0,12503377,697.1,0.0,0.0,0,0.0,0.0,0.0
LA BRETANIA,190.0,758.0,84828484,4761.9,0.0,0.0,0,0.0,0.0,0.0
GUAMANÍ ALTO,191.0,332.0,60862280,2537.5,0.0,0.0,0,0.0,0.0,0.0
BEATERIO ALTO,192.0,39.0,2532869,212.0,0.0,0.0,0,0.0,0.0,0.0
LA FLORENCIA,193.0,247.0,23437610,1281.0,0.0,0.0,0,0.0,0.0,0.0
TREBOLES DEL SUR,194.0,546.0,55869826,2472.7,0.0,0.0,0,0.0,0.0,0.0
LIBERTAD DE CATAGUANGO,195.0,92.0,11700521,461.99999999999994,0.0,0.0,0,0.0,0.0,0.0
SAN ALFONSO,196.0,356.0,25744982,1631.0,0.0,0.0,0,0.0,0.0,0.0
SAN LORENZO,197.0,121.0,12203144,506.9,0.0,0.0,0,0.0,0.0,0.0
NUEVOS HORIZONTES DEL SUR,198.0,475.0,35735655,2236.0,0.0,0.0,0,0.0,0.0,0.0
EL VERGEL,199.0,76.0,5769428,382.0,0.0,0.0,0,0.0,0.0,0.0
LA INMACULADA CONCEPCIÓN,200.0,319.0,38928244,2120.0,0.0,0.0,0,0.0,0.0,0.0
LA ECUATORIANA,201.0,902.0,119072498,6408.0,0.0,0.0,0,0.0,0.0,0.0
CARLOS EDUARDO FRANCO MÉNDEZ,202.0,142.0,32950948,968.7,0.0,0.0,0,0.0,0.0,0.0
CEDOC,203.0,449.0,36550810,1897.0,0.0,0.0,0,0.0,0.0,0.0
SAN MIGUEL DE CONOCOTO,204.0,389.0,92034545,1930.1,0.0,0.0,0,0.0,0.0,0.0
SANTO TOMÁS I,205.0,718.0,90695861,4418.0,0.0,0.0,0,0.0,0.0,0.0
SAN JUAN II,206.0,42.0,2326749,120.39999999999999,0.0,0.0,0,0.0,0.0,0.0
CUENDINA,207.0,230.0,21345230,781.6,0.0,0.0,0,0.0,0.0,0.0
LOS PEDESTALES,208.0,156.0,9069388,484.0,0.0,0.0,0,0.0,0.0,0.0
SAN JOSÉ DE GUAMANÍ,209.0,569.0,89378209,4343.0,0.0,0.0,0,0.0,0.0,0.0
EL GARROCHAL,210.0,781.0,93837794,3548.0,0.0,0.0,0,0.0,0.0,0.0
PARQUE INDUSTRIAL TURUBAMBA,211.0,68.0,77290759,183.0,0.0,0.0,0,0.0,0.0,0.0
VALLES DEL SUR,212.0,147.0,17147322,753.0,0.0,0.0,0,0.0,0.0,0.0
VENCEREMOS DE TURUBAMBA,213.0,243.0,23172797,2210.0,0.0,0.0,0,0.0,0.0,0.0
TIERRA MIA,214.0,138.0,6090687,405.0,0.0,0.0,0,0.0,0.0,0.0
SIERRA HERMOSA,215.0,317.0,26063766,1368.0,0.0,0.0,0,0.0,0.0,0.0
PABLO LOZADA,216.0,126.0,11722656,600.0,0.0,0.0,0,0.0,0.0,0.0
SAN PABLO,217.0,180.0,40110963,1111.0,0.0,0.0,0,0.0,0.0,0.0
SANTO TOMÁS II,218.0,515.0,51973138,2398.7,0.0,0.0,0,0.0,0.0,0.0
EL DORADO,219.0,0.0,0,0.0,0.0,0.0,0,0.0,0.0,0.0
LOS ROSALES DE GUAMANÍ,220.0,54.0,3418303,252.0,0.0,0.0,0,0.0,0.0,0.0
PLAN VICTORIA,221.0,511.0,45804209,2434.0,0.0,0.0,0,0.0,0.0,0.0
SAN JOSÉ DE LA SALLE,222.0,223.0,44863088,998.6,0.0,0.0,0,0.0,0.0,0.0
SAN MARCELO,223.0,191.0,22438381,1440.0,0.0,0.0,0,0.0,0.0,0.0
COMUNA EL EJIDO,224.0,144.0,20266745,1640.7,0.0,0.0,0,0.0,0.0,0.0
SAN GERMÁN,225.0,130.0,48767575,1055.7,0.0,0.0,0,0.0,0.0,0.0
LA BALVINA,226.0,128.0,47055525,1255.1,0.0,0.0,0,0.0,0.0,0.0
TURUBAMBA DE MONJAS BEV,227.0,216.0,32446963,1583.0,0.0,0.0,0,0.0,0.0,0.0
CENTRAL,228.0,461.0,77808012,2479.8,0.0,0.0,0,0.0,0.0,0.0
MÚSCULOS Y RIELES,229.0,269.0,17186379,1329.0,0.0,0.0,0,0.0,0.0,0.0
JOSÉ PERALTA,230.0,393.0,28957527,1767.0,0.0,0.0,0,0.0,0.0,0.0
LA ESPERANZA DE GUAMANÍ ALTO,231.0,184.0,13900762,1015.8,0.0,0.0,0,0.0,0.0,0.0
LA DOLOROSA,232.0,21.0,982260,64.0,0.0,0.0,0,0.0,0.0,0.0
SUREÑOS DE CORAZÓN,233.0,121.0,8980907,665.0,0.0,0.0,0,0.0,0.0,0.0
SAN BLAS II,234.0,486.0,43731045,2489.0,0.0,0.0,0,0.0,0.0,0.0
VISTA HERMOSA DEL SUR,235.0,37.0,3541261,210.0,0.0,0.0,0,0.0,0.0,0.0
CAMPO ALEGRE,236.0,26.0,1272716,75.0,0.0,0.0,0,0.0,0.0,0.0
SALVADOR ALLENDE,237.0,80.0,70463042,2773.0,0.0,0.0,0,0.0,0.0,0.0
MANANTIAL DEL SUR,238.0,18.0,1482097,193.0,0.0,0.0,0,0.0,0.0,0.0
SAN JUAN III,239.0,168.0,9141186,667.2,0.0,0.0,0,0.0,0.0,0.0
TURUBAMBA DE MONJAS II,240.0,437.0,40633392,1413.7,0.0,0.0,0,0.0,0.0,0.0
SANTO DOMINGO,241.0,39.0,8852580,419.0,0.0,0.0,0,0.0,0.0,0.0
LOS NARANJOS,242.0,0.0,0,0.0,0.0,0.0,0,0.0,0.0,0.0
TENA,243.0,101.0,21423506,847.4,0.0,0.0,0,0.0,0.0,0.0
VENCEREMOS DE QUITUMBE,244.0,180.0,12673649,654.0,0.0,0.0,0,0.0,0.0,0.0
VENECIA 1,245.0,473.0,43634964,2154.0,0.0,0.0,0,0.0,0.0,0.0
VICTORIA CENTRAL,246.0,162.0,21620859,1096.0,0.0,0.0,0,0.0,0.0,0.0
BALCONES DE LA VICTORIA,247.0,21.0,1008037,83.0,0.0,0.0,0,0.0,0.0,0.0
SAN BLAS I,248.0,59.0,7046318,1132.0,0.0,0.0,0,0.0,0.0,0.0
LA CONCORDIA,249.0,54.0,8934949,559.0,0.0,0.0,0,0.0,0.0,0.0
PLAYA CHICA,250.0,177.0,56817178,738.6,0.0,0.0,0,0.0,0.0,0.0
SANTA ANITA DEL SUR,251.0,93.0,5692381,456.0,0.0,0.0,0,0.0,0.0,0.0
EL SOL,252.0,8.0,642752,79.0,0.0,0.0,0,0.0,0.0,0.0
SAN RAFAEL,253.0,29.0,4003624,255.0,0.0,0.0,0,0.0,0.0,0.0
PUEBLO SOLO PUEBLO,254.0,1073.0,162539592,9128.0,0.0,0.0,0,0.0,0.0,0.0
EL CISNE,255.0,49.0,6277798,371.0,0.0,0.0,0,0.0,0.0,0.0
PADRE INOSENCIO JÁCOME,256.0,372.0,31861269,1725.0,0.0,0.0,0,0.0,0.0,0.0
SAN ISIDRO,257.0,163.0,8827958,1095.0,0.0,0.0,0,0.0,0.0,0.0
PELUCHE- LA BAQUERIA- PUCARÁ,258.0,103.0,15485789,772.5,0.0,0.0,0,0.0,0.0,0.0
SAN  ANTONIO DE PASOCHOA,259.0,1.0,4215637,191.1,0.0,0.0,0,0.0,0.0,0.0
SAN FRANCISCO,260.0,510.0,124402062,3341.0,0.0,0.0,0,0.0,0.0,0.0
NUEVA AURORA,261.0,1990.0,257737491,13375.8,0.0,0.0,0,0.0,0.0,0.0
CORAZÓN DE JESÚS,262.0,59.0,17487210,213.0,0.0,0.0,0,0.0,0.0,0.0
ESPERANZA Y PROGRESO DEL PUEBLO,263.0,70.0,4520986,380.0,0.0,0.0,0,0.0,0.0,0.0
LA COCHA,264.0,122.0,6713626,583.0,0.0,0.0,0,0.0,0.0,0.0
LOS ARRAYANES,265.0,94.0,6988553,448.0,0.0,0.0,0,0.0,0.0,0.0
EL ROSARIO,266.0,108.0,14633510,859.0,0.0,0.0,0,0.0,0.0,0.0
ZONA DE PROTECCIÓN TURUBAMBA,267.0,5.0,289436,12.6,0.0,0.0,0,0.0,0.0,0.0
SAN VICENTE DE CORNEJO,268.0,356.0,62561390,2601.6,0.0,0.0,0,0.0,0.0,0.0
HÉROES DE PAQUISHA,269.0,490.0,33679408,2058.0,0.0,0.0,0,0.0,0.0,0.0
CHILLO JIJÓN,270.0,302.0,80302246,1881.6,0.0,0.0,0,0.0,0.0,0.0
EL CONDE - 4,271.0,0.0,0,0.0,0.0,0.0,0,0.0,0.0,0.0
CUIDAD JARDÍN,272.0,54.0,46664512,1203.5,0.0,0.0,0,0.0,0.0,0.0
DOS MIL,273.0,138.0,6647597,464.0,0.0,0.0,0,0.0,0.0,0.0
EL ROCÍO,274.0,685.0,64701837,3626.0,0.0,0.0,0,0.0,0.0,0.0
RECINTO PASOCHOA,275.0,3.0,1078249,32.9,0.0,0.0,0,0.0,0.0,0.0
MONTERREY,276.0,14.0,354260,23.0,0.0,0.0,0,0.0,0.0,0.0
SANTA ISABEL,277.0,66.0,4658010,376.0,0.0,0.0,0,0.0,0.0,0.0
TEPEYAC,278.0,148.0,7614290,509.0,0.0,0.0,0,0.0,0.0,0.0
LA PERLA,279.0,183.0,32232521,1470.0,0.0,0.0,0,0.0,0.0,0.0
SANTA ISABEL,280.0,900.0,99741968,3260.2999999999997,0.0,0.0,0,0.0,0.0,0.0
LA SALLE,281.0,176.0,39421384,453.6,0.0,0.0,0,0.0,0.0,0.0
EL MIRADOR DE GUAJALO ALTO,282.0,217.0,14044547,865.7,0.0,0.0,0,0.0,0.0,0.0
CHAUPITENA,283.0,228.0,35833713,1232.6999999999998,0.0,0.0,0,0.0,0.0,0.0
MANUELITA SÁENZ,284.0,557.0,37145283,2388.0,0.0,0.0,0,0.0,0.0,0.0
TOLONTAG EL MARCO,285.0,428.0,49429583,2320.1,0.0,0.0,0,0.0,0.0,0.0
VILLAFLORA,286.0,1.0,107844,4.9,0.0,0.0,0,0.0,0.0,0.0
ALOFICO,287.0,2.0,335676,151.0,0.0,0.0,0,0.0,0.0,0.0
EL ROSARIO,288.0,9.0,2880860,127.4,0.0,0.0,0,0.0,0.0,0.0
PINANTURA,289.0,2.0,99831,4.2,0.0,0.0,0,0.0,0.0,0.0
SANTA ROSA,290.0,45.0,4813439,200.2,0.0,0.0,0,0.0,0.0,0.0
LOMAS DE LA CONCEPCIÓN,291.0,9.0,4976263,211.39999999999998,0.0,0.0,0,0.0,0.0,0.0
EL BATÁN,292.0,21.0,4167987,167.29999999999998,0.0,0.0,0,0.0,0.0,0.0
SAN JUAN DE LA TOLA,293.0,8.0,1109924,45.5,0.0,0.0,0,0.0,0.0,0.0
COMUNA 05 DE ABRIL,294.0,50.0,2726709,348.9,0.0,0.0,0,0.0,0.0,0.0
LA VICTORIA,295.0,15.0,1188006,47.599999999999994,0.0,0.0,0,0.0,0.0,0.0
LA MERCED,296.0,10.0,3329488,133.7,0.0,0.0,0,0.0,0.0,0.0
CHACHIL,297.0,83.0,7607612,312.2,0.0,0.0,0,0.0,0.0,0.0
SAN AGUSTÍN,298.0,72.0,7101502,299.59999999999997,0.0,0.0,0,0.0,0.0,0.0
VERDE PAMBA,299.0,20.0,5290078,1259.7,0.0,0.0,0,0.0,0.0,0.0
IÑALA,300.0,0.0,0,0.0,0.0,0.0,0,0.0,0.0,0.0
SAN FRANCISCO DE ALPAHUMA,301.0,25.0,2827423,94.5,0.0,0.0,0,0.0,0.0,0.0
UBILLUS,302.0,1.0,37247,1.4,0.0,0.0,0,0.0,0.0,0.0
YURAC,303.0,24.0,3116244,120.39999999999999,0.0,0.0,0,0.0,0.0,0.0
LA COCHA,304.0,184.0,20397953,859.4,0.0,0.0,0,0.0,0.0,0.0
VALENCIA,305.0,16.0,2290209,96.6,0.0,0.0,0,0.0,0.0,0.0
SAN VICENTE,306.0,24.0,3101481,109.9,0.0,0.0,0,0.0,0.0,0.0
JERUSALÉN,307.0,11.0,2062233,712.0,0.0,0.0,0,0.0,0.0,0.0
CORAZÓN DE JESÚS,308.0,0.0,0,0.0,0.0,0.0,0,0.0,0.0,0.0
SAN ISIDRO,309.0,16.0,1730602,826.7,0.0,0.0,0,0.0,0.0,0.0
PINTAG CENTRO,310.0,23.0,2580106,1827.0,0.0,0.0,0,0.0,0.0,0.0
SAN ALFONSO,311.0,25.0,4335544,171.5,0.0,0.0,0,0.0,0.0,0.0
LAS RETAMAS,312.0,2.0,292904,12.6,0.0,0.0,0,0.0,0.0,0.0
EL CHORRO,313.0,0.0,0,0.0,0.0,0.0,0,0.0,0.0,0.0
LA FLORESTA,314.0,174.0,21726342,767.5,0.0,0.0,0,0.0,0.0,0.0
SANTA TERESA,315.0,22.0,5464512,210.0,0.0,0.0,0,0.0,0.0,0.0
EL CARMEN,316.0,0.0,0,0.0,0.0,0.0,0,0.0,0.0,0.0
SAN JOSÉ DE TIPÁN,317.0,0.0,0,0.0,0.0,0.0,0,0.0,0.0,0.0
SAN ELÍAS,318.0,3.0,337368,13.999999999999996,0.0,0.0,0,0.0,0.0,0.0
COMUNA 04 DE OCTUBRE,319.0,21.0,950499,39.199999999999996,0.0,0.0,0,0.0,0.0,0.0
CHIRIBOGA,320.0,0.0,0,0.0,0.0,0.0,0,0.0,0.0,0.0
VALLE DE  PUENGASI,321.0,168.0,18504982,1647.0,0.0,0.0,0,0.0,0.0,0.0
SANTA ROSA 1RA. ETAPA,322.0,364.0,49085861,2932.0,0.0,0.0,0,0.0,0.0,0.0
MÉXICO,323.0,710.0,98944814,5605.0,0.0,0.0,0,0.0,0.0,0.0
CLEMENTE BALLEN,324.0,325.0,70969600,3689.0,0.0,0.0,0,0.0,0.0,0.0
LOS LIBERTADORES,325.0,533.0,85860816,5009.0,0.0,0.0,0,0.0,0.0,0.0
LA PAMPA,326.0,686.0,110280824,2372.0,0.0,0.0,0,0.0,0.0,0.0
LA MERCED,327.0,146.0,65787476,979.0,0.0,0.0,0,0.0,0.0,0.0
LA GARZOTA,328.0,1.0,121794,175.0,0.0,0.0,0,0.0,0.0,0.0
ALTA VISTA,329.0,120.0,66871312,2591.0,0.0,0.0,0,0.0,0.0,0.0
EL PARAISO,330.0,203.0,30076131,1789.0,0.0,0.0,0,0.0,0.0,0.0
OBRERO INDEPENDIENTE 2,331.0,126.0,16637799,1381.0,0.0,0.0,0,0.0,0.0,0.0
HUAYRALLACTA,332.0,1.0,639480,287.0,0.0,0.0,0,0.0,0.0,0.0
SAN GREGORIO,333.0,308.0,36439830,2060.0,0.0,0.0,0,0.0,0.0,0.0
PRIMERA ZONA AÉREA,334.0,240.0,52139707,1316.4,0.0,0.0,0,0.0,0.0,0.0
SAN JOSÉ DE CHILIBULO,335.0,516.0,79320056,4971.0,0.0,0.0,0,0.0,0.0,0.0
EL PANECILLO,336.0,608.0,95948614,6836.0,0.0,0.0,0,0.0,0.0,0.0
HACIENDA LA MERCED,337.0,4.0,15541725,683.9,0.0,0.0,0,0.0,0.0,0.0
SANTA ROSA DE CONOCOTO,338.0,31.0,10700732,178.1,0.0,0.0,0,0.0,0.0,0.0
COLLALOMA 9 DE JUNIO,339.0,682.0,211825118,4892.7,0.0,0.0,0,0.0,0.0,0.0
EL MIRADOR ALTO DE LA ARGELIA,340.0,370.0,50263098,3012.0,0.0,0.0,0,0.0,0.0,0.0
SALVADOR CELI,341.0,188.0,42096816,1817.1,0.0,0.0,0,0.0,0.0,0.0
CARRETAS,342.0,169.0,68077921,1090.0,0.0,0.0,0,0.0,0.0,0.0
BARRIO CENTRAL,343.0,19.0,2075563,1187.0,0.0,0.0,0,0.0,0.0,0.0
REINA DEL CISNE,344.0,69.0,3828576,130.8,0.0,0.0,0,0.0,0.0,0.0
SANTA MARTHA ALTA,345.0,92.0,9916355,613.0,0.0,0.0,0,0.0,0.0,0.0
PACARILLACTA,346.0,383.0,70205564,1395.7,0.0,0.0,0,0.0,0.0,0.0
CHIRIYACU MEDIO,347.0,409.0,82030478,4061.0,0.0,0.0,0,0.0,0.0,0.0
MARCOPAMBA,348.0,204.0,45684966,1907.0,0.0,0.0,0,0.0,0.0,0.0
CHIMBACALLE,349.0,282.0,79368463,3366.7,0.0,0.0,0,0.0,0.0,0.0
GONZÁLEZ SUÁREZ,350.0,529.0,292007638,4134.0,0.0,0.0,0,0.0,0.0,0.0
LLOA,351.0,131.0,5951678,665.8,0.0,0.0,0,0.0,0.0,0.0
JESÚS DEL GRAN PODER,352.0,285.0,38639971,3158.0,0.0,0.0,0,0.0,0.0,0.0
PRADERAS DE CHACHAS,353.0,0.0,0,0.0,0.0,0.0,0,0.0,0.0,0.0
EL RECREO,354.0,669.0,126495702,6453.0,0.0,0.0,0,0.0,0.0,0.0
CRISTO REY,355.0,116.0,9459883,581.0,0.0,0.0,0,0.0,0.0,0.0
NONOPUNGO,356.0,4.0,640300,25.9,0.0,0.0,0,0.0,0.0,0.0
EUGENIO DE SANTA CRUZ Y ESPEJO,357.0,140.0,17600259,1011.0,0.0,0.0,0,0.0,0.0,0.0
EX COMBATIENTES DEL 41,358.0,791.0,100625579,6472.0,0.0,0.0,0,0.0,0.0,0.0
LOS ANDES,359.0,91.0,9539139,625.0,0.0,0.0,0,0.0,0.0,0.0
FORESTAL ALTA,360.0,779.0,98422556,6506.0,0.0,0.0,0,0.0,0.0,0.0
EL PORTAL DE GUAJALO,361.0,91.0,15205796,801.0,0.0,0.0,0,0.0,0.0,0.0
TARQUI,362.0,1167.0,134971042,8548.0,0.0,0.0,0,0.0,0.0,0.0
CARCELÉN ALTO,363.0,207.0,87956618,1805.0,0.0,0.0,0,0.0,0.0,0.0
LUZ DEL NORTE,364.0,11.0,3044594,263.0,0.0,0.0,0,0.0,0.0,0.0
LUZ Y VIDA,365.0,844.0,74916310,4288.0,0.0,0.0,0,0.0,0.0,0.0
PUSUQUI CHICO ALTO,366.0,266.0,47058716,1379.4,0.0,0.0,0,0.0,0.0,0.0
CONSEJO PROVINCIAL,367.0,729.0,69164185,4116.0,0.0,0.0,0,0.0,0.0,0.0
SAN LUIS DE LA ARGELIA,368.0,129.0,16791200,1026.0,0.0,0.0,0,0.0,0.0,0.0
MARISCAL SUCRE,369.0,102.0,12981121,745.0,0.0,0.0,0,0.0,0.0,0.0
COUNTRY CLUB LIGA DEPORTIVA UNIVERSITARIA,370.0,28.0,6526486,148.7,0.0,0.0,0,0.0,0.0,0.0
MIRADOR DE PUENGASI,371.0,4.0,2036557,37.0,0.0,0.0,0,0.0,0.0,0.0
VALLE DE CARCELEN,372.0,133.0,14010104,704.0,0.0,0.0,0,0.0,0.0,0.0
PLYWOOD,373.0,108.0,22037896,1066.0,0.0,0.0,0,0.0,0.0,0.0
LA MARQUEZA,374.0,2.0,185215,7.0,0.0,0.0,0,0.0,0.0,0.0
SUR OCCIDENTAL,375.0,67.0,2926009,284.0,0.0,0.0,0,0.0,0.0,0.0
SANTA ROSA 2DA. ETAPA,376.0,255.0,28640860,1656.0,0.0,0.0,0,0.0,0.0,0.0
CUMBRES ORIENTALES,377.0,27.0,5067109,266.0,0.0,0.0,0,0.0,0.0,0.0
BOSQUE  IESS,378.0,63.0,11015414,682.0,0.0,0.0,0,0.0,0.0,0.0
SANTA CLARA,379.0,234.0,41616351,1838.7,0.0,0.0,0,0.0,0.0,0.0
SAN LUIS ALTO,380.0,14.0,1940652,81.19999999999999,0.0,0.0,0,0.0,0.0,0.0
HIERBA BUENA 2,381.0,385.0,51624943,3200.0,0.0,0.0,0,0.0,0.0,0.0
GUAGRAPAMBA,382.0,0.0,0,0.0,0.0,0.0,0,0.0,0.0,0.0
MARISCAL DE AYACUCHO,383.0,314.0,64474557,2977.0,0.0,0.0,0,0.0,0.0,0.0
SAN JORGE,384.0,1.0,239921,9.8,0.0,0.0,0,0.0,0.0,0.0
SAN MARTÍN,385.0,6.0,399867,18.9,0.0,0.0,0,0.0,0.0,0.0
JESÚS DEL GRAN PODER,386.0,216.0,25953726,1217.8,0.0,0.0,0,0.0,0.0,0.0
ZONA DE PROTECCION COCHAPAMBA,387.0,5.0,1631698,4.2,0.0,0.0,0,0.0,0.0,0.0
MIRAFLORES,388.0,351.0,83714203,2214.0,0.0,0.0,0,0.0,0.0,0.0
SANTA PRISCA,389.0,184.0,120523606,1050.7,0.0,0.0,0,0.0,0.0,0.0
COLINAS PICHINCHA,390.0,23.0,34331272,433.0,0.0,0.0,0,0.0,0.0,0.0
REAL ALTO,391.0,397.0,95327598,1720.0,0.0,0.0,0,0.0,0.0,0.0
LUCHA DE LOSPOBRES  BAJO,392.0,1901.0,206944885,14106.0,0.0,0.0,0,0.0,0.0,0.0
SAN JUAN,393.0,1726.0,318256672,15490.0,0.0,0.0,0,0.0,0.0,0.0
QUITO TENNIS CLUB,394.0,1.0,24353384,0.0,0.0,0.0,0,0.0,0.0,0.0
VALLE DORADO,395.0,0.0,0,0.0,0.0,0.0,0,0.0,0.0,0.0
NINGUILLA,396.0,6.0,2961064,11.0,0.0,0.0,0,0.0,0.0,0.0
LA PRIMAVERA,397.0,268.0,60252931,4165.0,0.0,0.0,0,0.0,0.0,0.0
SANTA CLARA DE SAN MILLÁN (COMUNA),398.0,55.0,6484579,3464.0,0.0,0.0,0,0.0,0.0,0.0
LAS CASAS,399.0,712.0,162106513,6706.0,0.0,0.0,0,0.0,0.0,0.0
CORDILLERA,400.0,145.0,34649262,1729.0,0.0,0.0,0,0.0,0.0,0.0
MAGDALENA ALTA,401.0,127.0,20110934,1330.0,0.0,0.0,0,0.0,0.0,0.0
ANA MARÍA,402.0,176.0,30611501,2058.0,0.0,0.0,0,0.0,0.0,0.0
LA PULIDA,403.0,299.0,63617299,6077.0,0.0,0.0,0,0.0,0.0,0.0
SAN CARLOS VENCEDORES,404.0,139.0,39068133,2347.0,0.0,0.0,0,0.0,0.0,0.0
EL PORVENIR,405.0,192.0,31927237,2324.0,0.0,0.0,0,0.0,0.0,0.0
MARIANA DE JESÚS,406.0,630.0,184418044,3681.7,0.0,0.0,0,0.0,0.0,0.0
BELLAVISTA,407.0,496.0,93879302,5856.0,0.0,0.0,0,0.0,0.0,0.0
EL PEDREGAL,408.0,111.0,45453340,1653.0,0.0,0.0,0,0.0,0.0,0.0
LA CHORRERA,409.0,75.0,18804664,511.0,0.0,0.0,0,0.0,0.0,0.0
CUCHO HACIENDA,410.0,0.0,0,0.0,0.0,0.0,0,0.0,0.0,0.0
SAN LORENZO,411.0,136.0,22351537,1289.0,0.0,0.0,0,0.0,0.0,0.0
LOS ÁNGELES,412.0,32.0,2862353,318.0,0.0,0.0,0,0.0,0.0,0.0
ATUCUCHO,413.0,1833.0,126423838,13914.0,0.0,0.0,0,0.0,0.0,0.0
SANTA MÓNICA I,414.0,280.0,40686019,1441.7,0.0,0.0,0,0.0,0.0,0.0
ORIENTE QUITEÑO,415.0,277.0,34241551,1949.0,0.0,0.0,0,0.0,0.0,0.0
ZONA DE PROTECCIÓN SAN JUAN,416.0,19.0,2125890,892.2,0.0,0.0,0,0.0,0.0,0.0
VISTA HERMOSA,417.0,166.0,22082534,918.0,0.0,0.0,0,0.0,0.0,0.0
PLACER ALTO,418.0,312.0,41648843,3563.0,0.0,0.0,0,0.0,0.0,0.0
TOCTIUCO,419.0,380.0,57123162,4472.0,0.0,0.0,0,0.0,0.0,0.0
MIRAFLORES ALTO,420.0,222.0,31511638,2124.0,0.0,0.0,0,0.0,0.0,0.0
ÁLVARO PÉREZ,421.0,76.0,11998598,1097.0,0.0,0.0,0,0.0,0.0,0.0
SAN GABRIEL,422.0,349.0,161827896,3522.0,0.0,0.0,0,0.0,0.0,0.0
PROFESORES MUNICIPALES,423.0,66.0,39025358,260.0,0.0,0.0,0,0.0,0.0,0.0
EL ROSAL,424.0,122.0,19665370,1350.0,0.0,0.0,0,0.0,0.0,0.0
MIRADOR DEL NOROCCIDENTE,425.0,0.0,0,0.0,0.0,0.0,0,0.0,0.0,0.0
SANTA ANA ALTA,426.0,27.0,6338171,534.0,0.0,0.0,0,0.0,0.0,0.0
EL PINAR ALTO,427.0,235.0,82391024,2108.0,0.0,0.0,0,0.0,0.0,0.0
PARAÍSO,428.0,107.0,8944421,704.0,0.0,0.0,0,0.0,0.0,0.0
CIUDADELA ARGENTINA,429.0,165.0,31217639,1094.0,0.0,0.0,0,0.0,0.0,0.0
EL INCA,430.0,46.0,22442108,852.0,0.0,0.0,0,0.0,0.0,0.0
SAN JOSÉ OBRERO,431.0,77.0,5807186,245.39999999999998,0.0,0.0,0,0.0,0.0,0.0
SAN FERNANDO,432.0,200.0,74149233,2342.0,0.0,0.0,0,0.0,0.0,0.0
RUPERTO ALARCÓN,433.0,91.0,10272412,990.0,0.0,0.0,0,0.0,0.0,0.0
SAN JUAN ALTO,434.0,208.0,93577485,973.9,0.0,0.0,0,0.0,0.0,0.0
DOSCIENTAS CASAS,435.0,339.0,62961122,2841.0,0.0,0.0,0,0.0,0.0,0.0
TOLA BAJA,436.0,484.0,60709465,3590.0,0.0,0.0,0,0.0,0.0,0.0
QUITO SUR,437.0,1450.0,161826712,11017.0,0.0,0.0,0,0.0,0.0,0.0
CHAGUARQUINGO,438.0,527.0,96504782,6911.0,0.0,0.0,0,0.0,0.0,0.0
ITCHIMBÍA,439.0,85.0,28689817,1150.0,0.0,0.0,0,0.0,0.0,0.0
SAN JOSÉ DE JARRÍN  ALTO,440.0,173.0,53680877,2802.0,0.0,0.0,0,0.0,0.0,0.0
PRIMERO DE MAYO EL CALZADO,441.0,968.0,349070927,5342.0,0.0,0.0,0,0.0,0.0,0.0
BELLAVISTA ALTA,442.0,117.0,27074894,931.0,0.0,0.0,0,0.0,0.0,0.0
15 DE JULIO,443.0,8.0,610946,85.0,0.0,0.0,0,0.0,0.0,0.0
NONO,444.0,57.0,4357514,459.4,0.0,0.0,0,0.0,0.0,0.0
MIRADOR DE COTOCOLLAO,445.0,16.0,2542916,102.2,0.0,0.0,0,0.0,0.0,0.0
SANTA RITA,446.0,871.0,177254347,9855.0,0.0,0.0,0,0.0,0.0,0.0
FERROVIARIA ALTA,447.0,1100.0,166347126,9491.7,0.0,0.0,0,0.0,0.0,0.0
ABDÓN CALDERÓN,448.0,146.0,15030380,923.0,0.0,0.0,0,0.0,0.0,0.0
SAN JOSÉ DE CANGAHUA BAJO,449.0,141.0,20014506,1765.0,0.0,0.0,0,0.0,0.0,0.0
MONJAS MEDIO,450.0,74.0,9290712,719.0,0.0,0.0,0,0.0,0.0,0.0
ZONA DE PROTECCIÓN MONJAS,451.0,9.0,1470688,64.39999999999999,0.0,0.0,0,0.0,0.0,0.0
COMITÉ DEL PUEBLO,452.0,3105.0,337424584,29068.0,0.0,0.0,0,0.0,0.0,0.0
EL TEJAR,453.0,152.0,32817323,1456.0,0.0,0.0,0,0.0,0.0,0.0
LA ESTANCIA,454.0,132.0,14553886,976.0,0.0,0.0,0,0.0,0.0,0.0
PLANADA ARBOLEDA,455.0,62.0,10786915,604.0,0.0,0.0,0,0.0,0.0,0.0
EL COMERCIO,456.0,227.0,57473567,1456.0,0.0,0.0,0,0.0,0.0,0.0
BALCON DEL VALLE,457.0,640.0,58730995,4076.0,0.0,0.0,0,0.0,0.0,0.0
NÚÑEZ,458.0,11.0,2277804,144.0,0.0,0.0,0,0.0,0.0,0.0
COCHAPAMBA NORTE,459.0,313.0,67329820,3125.0,0.0,0.0,0,0.0,0.0,0.0
PUSIQUI,460.0,55.0,54452500,2759.0,0.0,0.0,0,0.0,0.0,0.0
EL ROSARIO,461.0,208.0,33930335,1106.0,0.0,0.0,0,0.0,0.0,0.0
RUMIÑAHUI,462.0,1314.0,141342871,6266.0,0.0,0.0,0,0.0,0.0,0.0
LA BOTA,463.0,1182.0,98448533,7145.0,0.0,0.0,0,0.0,0.0,0.0
TRABAJADOR MUNICIPAL,464.0,162.0,13287396,744.0,0.0,0.0,0,0.0,0.0,0.0
ZONA DE PROTECCION CHILLOGALLO,465.0,0.0,0,0.0,0.0,0.0,0,0.0,0.0,0.0
EL CONDADO,466.0,856.0,247153057,5151.8,0.0,0.0,0,0.0,0.0,0.0
LIBERTAD BAJA,467.0,438.0,60394018,4765.0,0.0,0.0,0,0.0,0.0,0.0
ESQUINA DEL MOVIMIENTO,468.0,41.0,6815441,303.0,0.0,0.0,0,0.0,0.0,0.0
CABECERA PARROQUIAL,469.0,95.0,14521034,578.7,0.0,0.0,0,0.0,0.0,0.0
JAIME ROLDÓS,470.0,1437.0,128385738,9745.0,0.0,0.0,0,0.0,0.0,0.0
LA LIBERTAD,471.0,91.0,9574350,375.9,0.0,0.0,0,0.0,0.0,0.0
COLINAS DEL SUR,472.0,24.0,2140400,252.0,0.0,0.0,0,0.0,0.0,0.0
LA BILOXI,473.0,332.0,60601543,2865.0,0.0,0.0,0,0.0,0.0,0.0
SAN PATRICIO,474.0,108.0,65156707,2024.3999999999999,0.0,0.0,0,0.0,0.0,0.0
MADRIGAL,475.0,219.0,28515898,1465.0,0.0,0.0,0,0.0,0.0,0.0
LA  PRENDA,476.0,3.0,88815,4.2,0.0,0.0,0,0.0,0.0,0.0
LA DOLORES,477.0,65.0,3135380,204.4,0.0,0.0,0,0.0,0.0,0.0
SAN LUIS CALDERÓN,478.0,274.0,64785757,3106.0,0.0,0.0,0,0.0,0.0,0.0
LA  COMUNA,479.0,107.0,10468888,844.0,0.0,0.0,0,0.0,0.0,0.0
CÓRDOVA GALARZA,480.0,22.0,3674862,146.0,0.0,0.0,0,0.0,0.0,0.0
PODER JUDICIAL,481.0,94.0,40038799,701.8,0.0,0.0,0,0.0,0.0,0.0
CIUDADELA EL COMERCIO,482.0,299.0,64990276,2423.0,0.0,0.0,0,0.0,0.0,0.0
EL TINGO,483.0,416.0,79569819,3326.9,0.0,0.0,0,0.0,0.0,0.0
CORNEJO,484.0,166.0,87677560,1922.3,0.0,0.0,0,0.0,0.0,0.0
ZONA DE PROTECCIÓN CHILIBULO,485.0,138.0,12965810,1102.3,0.0,0.0,0,0.0,0.0,0.0
SAN VICENTE,486.0,2.0,297525,13.3,0.0,0.0,0,0.0,0.0,0.0
LUZ Y VIDA DE HUARCAY,487.0,94.0,6402709,429.0,0.0,0.0,0,0.0,0.0,0.0
4 DE DICIEMBRE,488.0,456.0,117349970,4011.0,0.0,0.0,0,0.0,0.0,0.0
SAN JOSÉ,489.0,871.0,155040002,8029.0,0.0,0.0,0,0.0,0.0,0.0
EL DORADO,490.0,727.0,305975792,5661.5,0.0,0.0,0,0.0,0.0,0.0
QUITO OCCIDENTAL,491.0,258.0,22243223,1620.0,0.0,0.0,0,0.0,0.0,0.0
CARCELÉN LIBRE (URABA 1 Y URABA),492.0,259.0,44937647,1185.7,0.0,0.0,0,0.0,0.0,0.0
UNIÓN NACIONAL,493.0,1.0,109040,11.0,0.0,0.0,0,0.0,0.0,0.0
ZONA DE PROTECCIÓN PUENGASÍ,494.0,1.0,221450,250.0,0.0,0.0,0,0.0,0.0,0.0
LA UNIVERSAL,495.0,42.0,10340356,374.0,0.0,0.0,0,0.0,0.0,0.0
CIUDADELA BATALLON CHIMBORAZO,496.0,262.0,50799048,2921.0,0.0,0.0,0,0.0,0.0,0.0
ALVAROPAMBA,497.0,121.0,13367617,531.3,0.0,0.0,0,0.0,0.0,0.0
SAN LUIS DE LLOA,498.0,22.0,574128,38.3,0.0,0.0,0,0.0,0.0,0.0
LA DOLOROSA,499.0,88.0,10118096,407.4,0.0,0.0,0,0.0,0.0,0.0
YAGUACHI,500.0,460.0,81498810,4164.0,0.0,0.0,0,0.0,0.0,0.0
COFAVI,501.0,468.0,103540511,3340.0,0.0,0.0,0,0.0,0.0,0.0
LIGA DEPORTIVA BARRIAL SAN JOSÉ  DE COLLACOTO,502.0,0.0,0,0.0,0.0,0.0,0,0.0,0.0,0.0
LIRIOS DE CARCELÉN,503.0,19.0,1905840,79.0,0.0,0.0,0,0.0,0.0,0.0
PORTAL DEL VALLE,504.0,170.0,27177688,1159.0,0.0,0.0,0,0.0,0.0,0.0
SAN RAFAEL DE ALUGULLA,505.0,56.0,10908320,1829.0,0.0,0.0,0,0.0,0.0,0.0
LA LUZ,506.0,786.0,92967412,6138.0,0.0,0.0,0,0.0,0.0,0.0
LA VICTORIA,507.0,618.0,99320582,4805.0,0.0,0.0,0,0.0,0.0,0.0
ZONA DE PROTECCIÓN POMASQUI,508.0,0.0,0,0.0,0.0,0.0,0,0.0,0.0,0.0
SAN CARLOS,509.0,717.0,117479953,6700.0,0.0,0.0,0,0.0,0.0,0.0
LA KENNEDY,510.0,841.0,95053645,4747.0,0.0,0.0,0,0.0,0.0,0.0
LA HERLINDA,511.0,44.0,40233548,1325.1,0.0,0.0,0,0.0,0.0,0.0
ELOY ALFARO DE PUENGASÍ,512.0,220.0,24890870,1980.0,0.0,0.0,0,0.0,0.0,0.0
COOPERATIVA MONSERRAT,513.0,137.0,40629778,1321.7,0.0,0.0,0,0.0,0.0,0.0
LOS ANDES,514.0,664.0,122983690,5849.0,0.0,0.0,0,0.0,0.0,0.0
LA VICENTINA,515.0,744.0,147036279,6209.0,0.0,0.0,0,0.0,0.0,0.0
RODRÍGUEZ AGUIRRE,516.0,381.0,135089260,6423.0,0.0,0.0,0,0.0,0.0,0.0
JULIO MATOVELLE,517.0,267.0,67159010,2280.0,0.0,0.0,0,0.0,0.0,0.0
PUSUQUI CHICO BAJO,518.0,44.0,7800022,294.0,0.0,0.0,0,0.0,0.0,0.0
MARISCAL SUCRE,519.0,1210.0,781826174,5419.4,0.0,0.0,0,0.0,0.0,0.0
COLÓN,520.0,398.0,240363114,1803.7,0.0,0.0,0,0.0,0.0,0.0
MIRASIERRA,521.0,731.0,245085373,3438.8,0.0,0.0,0,0.0,0.0,0.0
SOLANDA SECTOR-4,522.0,1097.0,116437040,10720.0,0.0,0.0,0,0.0,0.0,0.0
LA FLORESTA,523.0,1035.0,425607288,6408.4,0.0,0.0,0,0.0,0.0,0.0
ZONA DE PROTECCIÓN LA MENA,524.0,0.0,0,0.0,0.0,0.0,0,0.0,0.0,0.0
CARCELÉN BANCO ECUATORIANO DE VIVIENDA,525.0,2345.0,211342496,12035.0,0.0,0.0,0,0.0,0.0,0.0
SAN PEDRO DE INCHAPICHO,526.0,154.0,33878687,1220.1,0.0,0.0,0,0.0,0.0,0.0
CAMPO ALEGRE,527.0,233.0,106081619,1349.6,0.0,0.0,0,0.0,0.0,0.0
CANGAGUA ALTO,528.0,170.0,18360226,1254.0,0.0,0.0,0,0.0,0.0,0.0
PRESIDENCIA REPÚBLICA,529.0,61.0,11470146,358.0,0.0,0.0,0,0.0,0.0,0.0
SANTA LUCÍA  BAJA,530.0,340.0,53074107,3628.0,0.0,0.0,0,0.0,0.0,0.0
SAN CAMILO,531.0,436.0,200103213,6583.0,0.0,0.0,0,0.0,0.0,0.0
ARGELIA BAJA,532.0,252.0,66561453,2703.0,0.0,0.0,0,0.0,0.0,0.0
SAN  BLAS,533.0,449.0,126611016,4307.0,0.0,0.0,0,0.0,0.0,0.0
UNIÓN NACIONAL,534.0,359.0,109344778,2801.0,0.0,0.0,0,0.0,0.0,0.0
LAS TOLAS,535.0,277.0,58565431,2931.7,0.0,0.0,0,0.0,0.0,0.0
LA LETICIA,536.0,5.0,815925,32.9,0.0,0.0,0,0.0,0.0,0.0
SANTA INES,537.0,117.0,24938926,1267.0,0.0,0.0,0,0.0,0.0,0.0
SEÑOR DEL ÁRBOL,538.0,91.0,13710105,448.0,0.0,0.0,0,0.0,0.0,0.0
QUITO TENNIS,539.0,577.0,344813879,4884.1,0.0,0.0,0,0.0,0.0,0.0
MALDONADO,540.0,113.0,34698875,668.0,0.0,0.0,0,0.0,0.0,0.0
LA RECOLETA,541.0,35.0,11249431,756.0,0.0,0.0,0,0.0,0.0,0.0
SANTA BARBARA BAJA,542.0,89.0,21879108,735.0,0.0,0.0,0,0.0,0.0,0.0
PLACER BAJO,543.0,171.0,43116993,2019.0,0.0,0.0,0,0.0,0.0,0.0
AMÉRICA,544.0,803.0,208761962,5694.0,0.0,0.0,0,0.0,0.0,0.0
TAMIALLACTA,545.0,98.0,36756371,1460.0,0.0,0.0,0,0.0,0.0,0.0
SAN CAYETANO,546.0,50.0,34220250,1365.0,0.0,0.0,0,0.0,0.0,0.0
ZONA DE PROTECCIÓN BELISARIO,547.0,6.0,457506,385.7,0.0,0.0,0,0.0,0.0,0.0
LA CONCEPCIÓN,548.0,437.0,79650501,2190.0,0.0,0.0,0,0.0,0.0,0.0
SAN PATRICIO DE PUENGASI,549.0,267.0,26898056,1703.0,0.0,0.0,0,0.0,0.0,0.0
SANTA ROSA BAJO,550.0,23.0,3542957,139.3,0.0,0.0,0,0.0,0.0,0.0
IÑAQUITO,551.0,163.0,210561991,1417.0,0.0,0.0,0,0.0,0.0,0.0
EL COMÍN,552.0,179.0,68608066,1288.0,0.0,0.0,0,0.0,0.0,0.0
SANTA ROSA,553.0,24.0,13402762,492.79999999999995,0.0,0.0,0,0.0,0.0,0.0
CIMA DE LA LIBERTAD,554.0,221.0,26306144,2548.0,0.0,0.0,0,0.0,0.0,0.0
EL TRIUNFO,555.0,27.0,4730509,2480.0,0.0,0.0,0,0.0,0.0,0.0
CORAZÓN DE JESÚS,556.0,694.0,125405211,7378.0,0.0,0.0,0,0.0,0.0,0.0
POFASA POLL FLOR,557.0,52.0,14952033,177.1,0.0,0.0,0,0.0,0.0,0.0
FAE,558.0,131.0,34985880,890.0,0.0,0.0,0,0.0,0.0,0.0
SANTA MARTHA BAJA,559.0,219.0,33169546,1826.0,0.0,0.0,0,0.0,0.0,0.0
CAMINOS A LIBERTAD,560.0,360.0,22519866,2181.0,0.0,0.0,0,0.0,0.0,0.0
CEBOLLAR,561.0,105.0,70855952,948.1,0.0,0.0,0,0.0,0.0,0.0
SAN LUIS DE MIRAVALLE,562.0,43.0,6122325,472.8,0.0,0.0,0,0.0,0.0,0.0
OSORIO,563.0,160.0,63960189,2082.1,0.0,0.0,0,0.0,0.0,0.0
THOMÁS,564.0,399.0,52617321,2920.0,0.0,0.0,0,0.0,0.0,0.0
SAN JUAN,565.0,488.0,134096952,3717.8,0.0,0.0,0,0.0,0.0,0.0
SANTA ROSA ALTA,566.0,27.0,5434848,502.2,0.0,0.0,0,0.0,0.0,0.0
LA SANTIAGO,567.0,333.0,50208027,2621.0,0.0,0.0,0,0.0,0.0,0.0
SANTA LUCÍA ALTA,568.0,156.0,20000026,1560.0,0.0,0.0,0,0.0,0.0,0.0
FRENTE POPULAR,569.0,1227.0,147331351,7970.0,0.0,0.0,0,0.0,0.0,0.0
FRANCISCO YÁNEZ,570.0,111.0,10822304,537.0,0.0,0.0,0,0.0,0.0,0.0
SOLANDA SECTOR-2,571.0,765.0,82639959,5633.0,0.0,0.0,0,0.0,0.0,0.0
SAN SALVADOR,572.0,187.0,24531722,1809.0,0.0,0.0,0,0.0,0.0,0.0
AUQUI CHICO,573.0,309.0,118944796,1601.8,0.0,0.0,0,0.0,0.0,0.0
MONGE DONOSO,574.0,94.0,43814993,457.0,0.0,0.0,0,0.0,0.0,0.0
SANTA ROSA 3RA. ETAPA,575.0,132.0,12717456,913.0,0.0,0.0,0,0.0,0.0,0.0
EL SENA,576.0,34.0,14931412,399.7,0.0,0.0,0,0.0,0.0,0.0
SAN FRANCISCO DEL PINTADO,577.0,248.0,38618538,2969.0,0.0,0.0,0,0.0,0.0,0.0
SALVADOR ALLENDE,578.0,139.0,21694983,2129.0,0.0,0.0,0,0.0,0.0,0.0
CARCELÉN ALTO,579.0,1.0,84278,3.5,0.0,0.0,0,0.0,0.0,0.0
MIRAVALLE 2,580.0,35.0,3010791,389.0,0.0,0.0,0,0.0,0.0,0.0
SAN DIEGO ALTO,581.0,121.0,15589339,1255.0,0.0,0.0,0,0.0,0.0,0.0
CIUDADELA AMAZONAS,582.0,290.0,44394635,3021.0,0.0,0.0,0,0.0,0.0,0.0
SANTA BARBARA BAJA,583.0,11.0,16880723,1880.0,0.0,0.0,0,0.0,0.0,0.0
TURUBAMBA BAJO,584.0,1101.0,110810192,7645.0,0.0,0.0,0,0.0,0.0,0.0
HERMANOS CRISTIANOS,585.0,211.0,36657010,1775.0,0.0,0.0,0,0.0,0.0,0.0
SAN CARLOS,586.0,78.0,10789067,555.0,0.0,0.0,0,0.0,0.0,0.0
LA CONCEPCIÓN,587.0,208.0,29635621,1681.0,0.0,0.0,0,0.0,0.0,0.0
COLINAS DEL NORTE,588.0,3100.0,261007394,17600.0,0.0,0.0,0,0.0,0.0,0.0
CAUSAYLLACTA,589.0,43.0,18597040,998.0,0.0,0.0,0,0.0,0.0,0.0
LUCHA DE LOS POBRES ALTO,590.0,740.0,62584498,4141.0,0.0,0.0,0,0.0,0.0,0.0
LA CHILENA,591.0,152.0,45393959,1964.0,0.0,0.0,0,0.0,0.0,0.0
MIRAFLORES,592.0,130.0,19693913,1094.0,0.0,0.0,0,0.0,0.0,0.0
COLINAS DEL VALLE,593.0,394.0,36316990,1455.0,0.0,0.0,0,0.0,0.0,0.0
AIDA LEÓN,594.0,381.0,67923158,4180.0,0.0,0.0,0,0.0,0.0,0.0
MEDIA LUNA,595.0,305.0,60526048,3481.0,0.0,0.0,0,0.0,0.0,0.0
HACIENDA SANTA MARÍA,596.0,501.0,36063668,2680.0,0.0,0.0,0,0.0,0.0,0.0
TURUBAMBA ALTO,597.0,805.0,87166196,5721.0,0.0,0.0,0,0.0,0.0,0.0
SAN MARCOS,598.0,283.0,87102146,2492.0,0.0,0.0,0,0.0,0.0,0.0
LOMA HERMOSA,599.0,174.0,29586507,1154.0,0.0,0.0,0,0.0,0.0,0.0
ZONA DE PROTECCIÓN RUMIPAMBA,600.0,2.0,31463,1.4,0.0,0.0,0,0.0,0.0,0.0
ZONA DE PROTECCIÓN ITCHIMBIA,601.0,0.0,0,0.0,0.0,0.0,0,0.0,0.0,0.0
EL PARAISO DE GUAJALO,602.0,119.0,30606734,724.1,0.0,0.0,0,0.0,0.0,0.0
HOSPITAL SOLCA,603.0,108.0,61040444,988.0,0.0,0.0,0,0.0,0.0,0.0
LAS CASAS BAJO,604.0,1188.0,274646239,6473.7,0.0,0.0,0,0.0,0.0,0.0
RANCHO SAN ANTONIO ALTO,605.0,709.0,43066189,2715.9,0.0,0.0,0,0.0,0.0,0.0
SANTA BARBARA DE CHILLOGALLO,606.0,445.0,52467256,3011.0,0.0,0.0,0,0.0,0.0,0.0
LA CLEMENCIA,607.0,101.0,24864156,1187.0,0.0,0.0,0,0.0,0.0,0.0
ANITA LUCÍA,608.0,29.0,1569902,92.0,0.0,0.0,0,0.0,0.0,0.0
NUEVA AURORA,609.0,144.0,18633470,1338.0,0.0,0.0,0,0.0,0.0,0.0
LA CAMPIÑA,610.0,28.0,7492025,910.0,0.0,0.0,0,0.0,0.0,0.0
PABLO ARTURO SUÁREZ,611.0,1.0,41157,16.0,0.0,0.0,0,0.0,0.0,0.0
BARRIO UNION Y JUSTICIA,612.0,211.0,37794202,2040.0,0.0,0.0,0,0.0,0.0,0.0
LADERA PROTECCIÓN,613.0,29.0,3220226,232.0,0.0,0.0,0,0.0,0.0,0.0
CARMEN BAJO,614.0,434.0,25213364,1714.8999999999999,0.0,0.0,0,0.0,0.0,0.0
ANDALUZ,615.0,94.0,18701574,926.0,0.0,0.0,0,0.0,0.0,0.0
EL EDEN,616.0,286.0,50366703,1896.7,0.0,0.0,0,0.0,0.0,0.0
NUESTRA MADRE DE LA MERCED,617.0,208.0,44232596,1774.4,0.0,0.0,0,0.0,0.0,0.0
LOS CIPRESES,618.0,34.0,17735891,181.4,0.0,0.0,0,0.0,0.0,0.0
COMPLEJO CONTRALORIA,619.0,0.0,0,0.0,0.0,0.0,0,0.0,0.0,0.0
LA GATAZO,620.0,505.0,93556842,5083.0,0.0,0.0,0,0.0,0.0,0.0
CHIRIYACU BAJO,621.0,134.0,48025659,1518.0,0.0,0.0,0,0.0,0.0,0.0
LA UNIÓN,622.0,274.0,48588108,2643.0,0.0,0.0,0,0.0,0.0,0.0
GUALO,623.0,180.0,21908120,822.5,0.0,0.0,0,0.0,0.0,0.0
LA GRANJA,624.0,367.0,141054241,3093.0,0.0,0.0,0,0.0,0.0,0.0
OMNIBUS URBANO,625.0,401.0,80822456,3112.0,0.0,0.0,0,0.0,0.0,0.0
PARQUE BICENTENARIO,626.0,62.0,38061847,111.4,0.0,0.0,0,0.0,0.0,0.0
LOS DOS PUENTES,627.0,160.0,59277232,1682.0,0.0,0.0,0,0.0,0.0,0.0
SAN JOSÉ,628.0,130.0,34849236,2619.8,0.0,0.0,0,0.0,0.0,0.0
LA PAZ,629.0,63.0,7016682,290.5,0.0,0.0,0,0.0,0.0,0.0
TENERÍAS,630.0,4.0,1428763,63.699999999999996,0.0,0.0,0,0.0,0.0,0.0
TAMBOLLACTA,631.0,577.0,162170059,2826.7,0.0,0.0,0,0.0,0.0,0.0
LOS TULIPANES,632.0,461.0,99748708,4193.0,0.0,0.0,0,0.0,0.0,0.0
CIUDADELA ESPEJO,633.0,102.0,18410864,1110.0,0.0,0.0,0,0.0,0.0,0.0
MENA DEL HIERRO,634.0,339.0,113309327,3790.9,0.0,0.0,0,0.0,0.0,0.0
LA LIBERTAD,635.0,131.0,19170638,1204.0,0.0,0.0,0,0.0,0.0,0.0
ZALDUMBIDE,636.0,520.0,140918353,3414.0,0.0,0.0,0,0.0,0.0,0.0
EL PINAR BAJO,637.0,316.0,73801238,1783.0,0.0,0.0,0,0.0,0.0,0.0
SERVIDORES DE LA SALUD,638.0,200.0,32351712,1382.0,0.0,0.0,0,0.0,0.0,0.0
BAKER,639.0,459.0,90688245,2619.0,0.0,0.0,0,0.0,0.0,0.0
BALCÓN COLONIAL,640.0,87.0,13084802,1068.0,0.0,0.0,0,0.0,0.0,0.0
JIPIJAPA,641.0,714.0,210567944,3717.0,0.0,0.0,0,0.0,0.0,0.0
COOPERATIVA 6 DE AGOSTO -IESS FUT,642.0,934.0,113424845,6350.0,0.0,0.0,0,0.0,0.0,0.0
LA HOSPITALARIA II,643.0,160.0,16091659,814.7,0.0,0.0,0,0.0,0.0,0.0
BOSQUE DE PROTECIÓN LA LIBERTAD,644.0,16.0,1393318,306.7,0.0,0.0,0,0.0,0.0,0.0
MARQUESA DE SOLANDA,645.0,1.0,373745,14.7,0.0,0.0,0,0.0,0.0,0.0
LA INMACULADA,646.0,0.0,0,0.0,0.0,0.0,0,0.0,0.0,0.0
LUCÍA ALBÁN,647.0,136.0,77578801,1523.0,0.0,0.0,0,0.0,0.0,0.0
SANTA ISABEL,648.0,436.0,94237432,4970.0,0.0,0.0,0,0.0,0.0,0.0
SAN FERNANDO,649.0,33.0,4242790,229.0,0.0,0.0,0,0.0,0.0,0.0
SAN JOSÉ DE MORÁN,650.0,689.0,73352737,3740.7,0.0,0.0,0,0.0,0.0,0.0
SAN FRANCISCO,651.0,32.0,2176490,126.0,0.0,0.0,0,0.0,0.0,0.0
MEXTERIOR,652.0,240.0,57927225,1318.0,0.0,0.0,0,0.0,0.0,0.0
LA MACARENA,653.0,61.0,13237386,550.6,0.0,0.0,0,0.0,0.0,0.0
CALIFORNIA  BONANZA,654.0,597.0,144386118,4954.0,0.0,0.0,0,0.0,0.0,0.0
SECTOR COLEGIO FRANCÉS,655.0,95.0,38393177,543.1,0.0,0.0,0,0.0,0.0,0.0
SANTA MÓNICA II,656.0,319.0,48437816,1124.4,0.0,0.0,0,0.0,0.0,0.0
SANTA LUCÍA ALTA,657.0,133.0,73405621,1684.0,0.0,0.0,0,0.0,0.0,0.0
PUEBLO  NUEVO,658.0,3.0,428290,17.5,0.0,0.0,0,0.0,0.0,0.0
MAYORISTA,659.0,15.0,31551426,65.0,0.0,0.0,0,0.0,0.0,0.0
RANCHO ALTO JOSÉ PERALTA,660.0,197.0,11400952,581.3,0.0,0.0,0,0.0,0.0,0.0
PONCEANO ALTO,661.0,921.0,389627451,5884.2,0.0,0.0,0,0.0,0.0,0.0
DAMMER 1,662.0,259.0,49314264,1866.0,0.0,0.0,0,0.0,0.0,0.0
LA BALLICA,663.0,108.0,14264217,1054.0,0.0,0.0,0,0.0,0.0,0.0
SOLANDA SECTOR-1,664.0,1275.0,129885629,9305.0,0.0,0.0,0,0.0,0.0,0.0
CHIRIYACU CENTRAL,665.0,751.0,126119883,7761.0,0.0,0.0,0,0.0,0.0,0.0
RANCHO BAJO,666.0,247.0,26901354,1653.0,0.0,0.0,0,0.0,0.0,0.0
SAN CRISTOBAL,667.0,88.0,22512705,918.3,0.0,0.0,0,0.0,0.0,0.0
18 DE MAYO,668.0,73.0,8941886,617.0,0.0,0.0,0,0.0,0.0,0.0
SANTALUCÍA BAJA,669.0,76.0,72825720,70.0,0.0,0.0,0,0.0,0.0,0.0
ANDALUCÍA,670.0,460.0,109954494,3189.0,0.0,0.0,0,0.0,0.0,0.0
SAN ANTONIO DE LA LIBERTAD,671.0,197.0,22911507,1910.2,0.0,0.0,0,0.0,0.0,0.0
LAS CUADRAS,672.0,291.0,50138782,2901.0,0.0,0.0,0,0.0,0.0,0.0
FELIX RIVADENEIRA,673.0,144.0,27193654,923.0,0.0,0.0,0,0.0,0.0,0.0
FRANKLIN TELLO,674.0,119.0,30585684,490.0,0.0,0.0,0,0.0,0.0,0.0
YANACOCHA,675.0,2.0,38168,2.1,0.0,0.0,0,0.0,0.0,0.0
EL INCA,676.0,959.0,200312912,11281.7,0.0,0.0,0,0.0,0.0,0.0
GUARUMOS,677.0,1.0,221599,9.8,0.0,0.0,0,0.0,0.0,0.0
TOLA ALTA,678.0,463.0,63473765,3850.0,0.0,0.0,0,0.0,0.0,0.0
JARDÍN DEL VALLE,679.0,810.0,105251240,4394.0,0.0,0.0,0,0.0,0.0,0.0
CATZUQUI DE MONCAYO,680.0,4.0,1382562,55.3,0.0,0.0,0,0.0,0.0,0.0
MONJAS ALTO,681.0,67.0,9424778,729.0,0.0,0.0,0,0.0,0.0,0.0
ASISTENCIA SOCIAL,682.0,173.0,37550781,1768.0,0.0,0.0,0,0.0,0.0,0.0
LA PRADERA III,683.0,77.0,31904679,1821.0,0.0,0.0,0,0.0,0.0,0.0
PISULI,684.0,1644.0,106039963,9348.0,0.0,0.0,0,0.0,0.0,0.0
SAN JOSÉ DE CONOCOTO ALTO,685.0,33.0,3324097,133.7,0.0,0.0,0,0.0,0.0,0.0
GONZÁLEZ SUÁREZ,686.0,188.0,216969333,2965.4,0.0,0.0,0,0.0,0.0,0.0
MIRAVALLE,687.0,190.0,25673534,1373.0,0.0,0.0,0,0.0,0.0,0.0
ALAMBI,688.0,7.0,169904,7.0,0.0,0.0,0,0.0,0.0,0.0
ORQUIDEAS,689.0,772.0,110429486,4873.0,0.0,0.0,0,0.0,0.0,0.0
EUGENIO ESPEJO,690.0,484.0,54581741,3301.0,0.0,0.0,0,0.0,0.0,0.0
LA FLORIDA,691.0,32.0,12699057,346.0,0.0,0.0,0,0.0,0.0,0.0
SANTO DOMINGO CONOCOTO,692.0,306.0,68987432,2213.8,0.0,0.0,0,0.0,0.0,0.0
SANTA ROSA,693.0,0.0,0,0.0,0.0,0.0,0,0.0,0.0,0.0
URBANIZACIÓN LOS ARRAYANES,694.0,334.0,31758164,2037.0,0.0,0.0,0,0.0,0.0,0.0
ZONA DE PROTECCIÓN CHILLOGALLO,695.0,2.0,73030,6.0,0.0,0.0,0,0.0,0.0,0.0
ESCUELA SUPERIOR  MILITAR PARY,696.0,2.0,72870220,88.89999999999998,0.0,0.0,0,0.0,0.0,0.0
QUITO NORTE,697.0,1406.0,221921122,8416.4,0.0,0.0,0,0.0,0.0,0.0
CIUDAD  BOSQUE,698.0,207.0,32756512,1226.0,0.0,0.0,0,0.0,0.0,0.0
REINO DE QUITO,699.0,670.0,73829908,4539.0,0.0,0.0,0,0.0,0.0,0.0
SAN MATEO,700.0,155.0,13062233,821.0,0.0,0.0,0,0.0,0.0,0.0
EL ROSAL,701.0,124.0,10480701,789.0,0.0,0.0,0,0.0,0.0,0.0
BENALCÁZAR,702.0,350.0,445071324,4296.0,0.0,0.0,0,0.0,0.0,0.0
DAMMER,703.0,236.0,56150503,2396.0,0.0,0.0,0,0.0,0.0,0.0
LULUNCOTO,704.0,378.0,64454558,4152.0,0.0,0.0,0,0.0,0.0,0.0
SAN JOSÉ OLEAS,705.0,2.0,163650,7.0,0.0,0.0,0,0.0,0.0,0.0
PARQUE LA CAROLINA,706.0,21.0,21831353,13.0,0.0,0.0,0,0.0,0.0,0.0
PONCIANO BAJO,707.0,458.0,118723936,5749.0,0.0,0.0,0,0.0,0.0,0.0
SAN ISIDRO,708.0,421.0,56313388,3963.0,0.0,0.0,0,0.0,0.0,0.0
SAUCES DEL VALLE,709.0,256.0,31342404,1351.0,0.0,0.0,0,0.0,0.0,0.0
UNION POPULAR,710.0,316.0,93021046,2741.0,0.0,0.0,0,0.0,0.0,0.0
CUMUNA MARCOPAMBA - CHILIBULO -  LA RAYA,711.0,143.0,18618520,1204.0,0.0,0.0,0,0.0,0.0,0.0
LA VICTORIA,712.0,201.0,47865180,2863.0,0.0,0.0,0,0.0,0.0,0.0
ATAHUALPA OCCIDENTAL,713.0,487.0,95923645,3854.0,0.0,0.0,0,0.0,0.0,0.0
ESTADIO ATAHUALPA,714.0,255.0,192284496,2055.0,0.0,0.0,0,0.0,0.0,0.0
ATACABA,715.0,32.0,3659728,305.0,0.0,0.0,0,0.0,0.0,0.0
NUEVO AMANECER,716.0,353.0,28005327,1695.0,0.0,0.0,0,0.0,0.0,0.0
INNFA,717.0,210.0,51217203,1202.8,0.0,0.0,0,0.0,0.0,0.0
RUMIPAMBA,718.0,473.0,174279310,3110.7,0.0,0.0,0,0.0,0.0,0.0
BARRIO NUEVO,719.0,621.0,83045801,4474.0,0.0,0.0,0,0.0,0.0,0.0
PARAISO DE LOS  PINOS,720.0,150.0,25385377,1017.0999999999999,0.0,0.0,0,0.0,0.0,0.0
LA PAZ,721.0,414.0,316268695,3223.0,0.0,0.0,0,0.0,0.0,0.0
LIFE,722.0,110.0,53278671,951.0,0.0,0.0,0,0.0,0.0,0.0
LOS RETOÑOS,723.0,149.0,22618000,566.2,0.0,0.0,0,0.0,0.0,0.0
FERROVIARIA MEDIA,724.0,1196.0,194259430,12782.4,0.0,0.0,0,0.0,0.0,0.0
LOS ARUPOS,725.0,190.0,38520130,789.7,0.0,0.0,0,0.0,0.0,0.0
SAN CRISTOBAL,726.0,164.0,16203806,1296.0,0.0,0.0,0,0.0,0.0,0.0
SAN JOSÉ  DEL  INCA,727.0,697.0,182343328,8398.0,0.0,0.0,0,0.0,0.0,0.0
HERMANO MIGUEL,728.0,368.0,64595904,3634.0,0.0,0.0,0,0.0,0.0,0.0
MARÍA AUXILIADORA,729.0,174.0,19202219,1001.0,0.0,0.0,0,0.0,0.0,0.0
TENIENTE HUGO ORTIZ,730.0,475.0,80300254,4910.0,0.0,0.0,0,0.0,0.0,0.0
DAMMER 2,731.0,266.0,58819811,2584.0,0.0,0.0,0,0.0,0.0,0.0
PROMOCIÓN FAMILIAR,732.0,247.0,34432511,2023.0,0.0,0.0,0,0.0,0.0,0.0
LOS DOS PUENTES,733.0,284.0,42630553,2223.0,0.0,0.0,0,0.0,0.0,0.0
23 DE MAYO,734.0,273.0,54295858,2728.0,0.0,0.0,0,0.0,0.0,0.0
VILLA FLORA,735.0,864.0,202252684,5602.0,0.0,0.0,0,0.0,0.0,0.0
SAN LUIS BAJO,736.0,12.0,11377108,1114.8,0.0,0.0,0,0.0,0.0,0.0
JUSTICIA SOCIAL,737.0,327.0,33946688,1091.1,0.0,0.0,0,0.0,0.0,0.0
EL ROSARIO,738.0,86.0,9923628,483.3,0.0,0.0,0,0.0,0.0,0.0
VOZ DE LOS ANDES,739.0,242.0,141166764,2047.0,0.0,0.0,0,0.0,0.0,0.0
LA PRADERA,740.0,494.0,427218030,3849.2,0.0,0.0,0,0.0,0.0,0.0
LA JOSEFINA,741.0,495.0,58695831,2622.7,0.0,0.0,0,0.0,0.0,0.0
LA ALAMEDA,742.0,212.0,55626455,1251.0,0.0,0.0,0,0.0,0.0,0.0
HUERTOS FAMILIARES SANTA ISABEL DE RUNDUPAMBA,743.0,0.0,0,0.0,0.0,0.0,0,0.0,0.0,0.0
BUENAVENTURA,744.0,1184.0,70024120,4932.8,0.0,0.0,0,0.0,0.0,0.0
HUAYRALOMA,745.0,61.0,17976966,737.8,0.0,0.0,0,0.0,0.0,0.0
SAN VICENTE,746.0,505.0,198972593,4404.599999999999,0.0,0.0,0,0.0,0.0,0.0
ARMENIA I,747.0,668.0,128747159,3159.1,0.0,0.0,0,0.0,0.0,0.0
ALTOS DE MIRAVALLE,748.0,370.0,115766062,2124.2,0.0,0.0,0,0.0,0.0,0.0
EL CISNE,749.0,206.0,28718905,1548.0,0.0,0.0,0,0.0,0.0,0.0
SANTA CLARA,750.0,226.0,11491991,826.8,0.0,0.0,0,0.0,0.0,0.0
4 DE AGOSTO,751.0,267.0,34408020,1900.0,0.0,0.0,0,0.0,0.0,0.0
CARCELÉN BAJO,752.0,1768.0,168563342,13730.0,0.0,0.0,0,0.0,0.0,0.0
SANTA BARBARA ALTA,753.0,792.0,91830437,5419.0,0.0,0.0,0,0.0,0.0,0.0
VENCEDORES DEL PICHINCHA,754.0,595.0,83537862,3394.7,0.0,0.0,0,0.0,0.0,0.0
BARRIO UNIVERSITARIO,755.0,10.0,8234689,56.699999999999996,0.0,0.0,0,0.0,0.0,0.0
PARQUE METROPOLITANO GUAGUILTAGUA,756.0,7.0,3514219,403.6,0.0,0.0,0,0.0,0.0,0.0
SAN ROQUE,757.0,130.0,49333250,1377.7,0.0,0.0,0,0.0,0.0,0.0
QUITO,758.0,29.0,5585432,281.0,0.0,0.0,0,0.0,0.0,0.0
SAN JUAN ARMENIA,759.0,119.0,21704686,1132.0,0.0,0.0,0,0.0,0.0,0.0
SAN MARCOS,760.0,93.0,25003476,735.0,0.0,0.0,0,0.0,0.0,0.0
LA REPÚBLICA,761.0,633.0,295397836,3677.0,0.0,0.0,0,0.0,0.0,0.0
CAMINO EUCALIPTO,762.0,486.0,103305038,3285.4,0.0,0.0,0,0.0,0.0,0.0
SAN MIGUEL DE CHACHAS,763.0,8.0,1164530,40.599999999999994,0.0,0.0,0,0.0,0.0,0.0
SAN JUAN LOMA 2,764.0,260.0,57438697,2437.0,0.0,0.0,0,0.0,0.0,0.0
LA DOLOROSA,765.0,0.0,0,0.0,0.0,0.0,0,0.0,0.0,0.0
NUEVA TOLA,766.0,144.0,19640965,1017.0,0.0,0.0,0,0.0,0.0,0.0
ARGELIA ALTA,767.0,300.0,36814827,1677.0,0.0,0.0,0,0.0,0.0,0.0
LA TOLA,768.0,242.0,49756926,2863.0,0.0,0.0,0,0.0,0.0,0.0
PRIMICIAS DE LA CULTURA DE QUITO,769.0,349.0,46961836,2264.0,0.0,0.0,0,0.0,0.0,0.0
SAN JOSÉ DE JARRÍN BAJO,770.0,115.0,20059546,1705.0,0.0,0.0,0,0.0,0.0,0.0
SEIS DE DICIEMBRE,771.0,355.0,146342517,2606.7,0.0,0.0,0,0.0,0.0,0.0
EL ARMERO,772.0,0.0,0,0.0,0.0,0.0,0,0.0,0.0,0.0
LAS CAMELIAS,773.0,20.0,3274690,76.7,0.0,0.0,0,0.0,0.0,0.0
LOS GRANADOS,774.0,199.0,154096258,5466.0,0.0,0.0,0,0.0,0.0,0.0
RANCHO LOS PINOS,775.0,532.0,43213371,2558.0,0.0,0.0,0,0.0,0.0,0.0
CHILIBULO,776.0,323.0,50753247,3214.0,0.0,0.0,0,0.0,0.0,0.0
SANTA ROSA,777.0,96.0,30450335,1264.8999999999999,0.0,0.0,0,0.0,0.0,0.0
CENTRAL,778.0,173.0,23336239,1100.0,0.0,0.0,0,0.0,0.0,0.0
EL BOSQUE,779.0,177.0,130198614,2213.0,0.0,0.0,0,0.0,0.0,0.0
ANA LUISA,780.0,215.0,74750208,1909.0,0.0,0.0,0,0.0,0.0,0.0
SAN PATRICIO ALTO,781.0,12.0,855142,35.0,0.0,0.0,0,0.0,0.0,0.0
BELLA MARÍA,782.0,142.0,9401394,562.0,0.0,0.0,0,0.0,0.0,0.0
GUÁPULO,783.0,277.0,67624600,3827.3,0.0,0.0,0,0.0,0.0,0.0
LIGA UNIVERSITARIA,784.0,131.0,12918411,369.5,0.0,0.0,0,0.0,0.0,0.0
EL CANO,785.0,133.0,13972577,1187.0,0.0,0.0,0,0.0,0.0,0.0
SANTA ANA,786.0,280.0,51604013,2158.0,0.0,0.0,0,0.0,0.0,0.0
PAMBACHUPA,787.0,389.0,66781032,4695.0,0.0,0.0,0,0.0,0.0,0.0
SAN PEDRO Y SAN PABLO,788.0,473.0,79679204,4725.0,0.0,0.0,0,0.0,0.0,0.0
ZONA DE PROTECCIÓN MACHÁNGARA,789.0,0.0,0,0.0,0.0,0.0,0,0.0,0.0,0.0
PIO XII,790.0,972.0,158898720,8707.0,0.0,0.0,0,0.0,0.0,0.0
GABRIEL MARINA,791.0,63.0,54924143,441.0,0.0,0.0,0,0.0,0.0,0.0
SANTA CLARA DE POMASQUI,792.0,116.0,9831360,427.5,0.0,0.0,0,0.0,0.0,0.0
BOLÍVAR RODRIGUEZ,793.0,103.0,15362045,1400.0,0.0,0.0,0,0.0,0.0,0.0
UNIÓN Y PROGRESO,794.0,271.0,86632538,2417.0,0.0,0.0,0,0.0,0.0,0.0
ZONA DE PROTECCIÓN DE LA ARGELIA,795.0,14.0,3084737,213.2,0.0,0.0,0,0.0,0.0,0.0
LA COLMENA,796.0,320.0,43278318,3171.0,0.0,0.0,0,0.0,0.0,0.0
ROLDOS SEGUNDA ETAPA,797.0,526.0,26756278,2063.0,0.0,0.0,0,0.0,0.0,0.0
SANTA LUCÍA,798.0,234.0,85424465,1403.8,0.0,0.0,0,0.0,0.0,0.0
SAN SEBASTIÁN,799.0,242.0,61984103,2840.0,0.0,0.0,0,0.0,0.0,0.0
EL CARMEN,800.0,134.0,26481970,1259.0,0.0,0.0,0,0.0,0.0,0.0
SOLANDA SECTOR-3,801.0,816.0,90316534,6401.0,0.0,0.0,0,0.0,0.0,0.0
NUEVA FLORESTA,802.0,111.0,19806486,940.0,0.0,0.0,0,0.0,0.0,0.0
29 DE ABRIL,803.0,263.0,34943437,1346.0,0.0,0.0,0,0.0,0.0,0.0
CARAPUNGO,804.0,4740.0,371711891,24829.0,0.0,0.0,0,0.0,0.0,0.0
INTILLACTA,805.0,35.0,76427345,2634.0,0.0,0.0,0,0.0,0.0,0.0
FORESTAL MEDIA,806.0,773.0,123855935,8429.0,0.0,0.0,0,0.0,0.0,0.0
BUENOS AIRES,807.0,726.0,137959067,6147.1,0.0,0.0,0,0.0,0.0,0.0
LA CAMPIÑA,808.0,32.0,1865019,115.0,0.0,0.0,0,0.0,0.0,0.0
GENERAL RUMIÑAUI,809.0,137.0,21045624,1574.0,0.0,0.0,0,0.0,0.0,0.0
SAN VICENTE,810.0,279.0,27351746,2380.0,0.0,0.0,0,0.0,0.0,0.0
SANTA ROSA DE SINGUNA,811.0,65.0,6423810,832.0,0.0,0.0,0,0.0,0.0,0.0
GRANDA CENTENO,812.0,618.0,168741666,4165.0,0.0,0.0,0,0.0,0.0,0.0
MONTESERRÍN,813.0,434.0,123691558,3478.0,0.0,0.0,0,0.0,0.0,0.0
EL CARMEN  2,814.0,93.0,28740077,884.0,0.0,0.0,0,0.0,0.0,0.0
DONOSO,815.0,76.0,8376680,478.0,0.0,0.0,0,0.0,0.0,0.0
CHAUPICRUZ,816.0,234.0,101450865,1684.0,0.0,0.0,0,0.0,0.0,0.0
BELLAVISTA ALTO,817.0,310.0,91371431,2807.7,0.0,0.0,0,0.0,0.0,0.0
LA LOMA,818.0,521.0,105775956,4736.0,0.0,0.0,0,0.0,0.0,0.0
HUERTOS FAMILIARES,819.0,356.0,65345370,4436.0,0.0,0.0,0,0.0,0.0,0.0
CUMBAYÁ CENTRO,820.0,126.0,53134003,588.7,0.0,0.0,0,0.0,0.0,0.0
VALLE HERMOSO,821.0,191.0,17998436,860.0,0.0,0.0,0,0.0,0.0,0.0
AYMESA,822.0,338.0,45171042,2725.0,0.0,0.0,0,0.0,0.0,0.0
SAN ENRÍQUE DE VELASCO,823.0,368.0,94881956,3641.7,0.0,0.0,0,0.0,0.0,0.0
BALCÓN DEL NORTE,824.0,117.0,40838562,1039.0,0.0,0.0,0,0.0,0.0,0.0
LA VICTORIA,825.0,943.0,165878271,8705.7,0.0,0.0,0,0.0,0.0,0.0
SAN AGUSTIN,826.0,108.0,35891978,1909.0,0.0,0.0,0,0.0,0.0,0.0
LA ELOISA,827.0,90.0,20081293,1177.0,0.0,0.0,0,0.0,0.0,0.0
EUCALIPTOS,828.0,75.0,15704166,592.1999999999999,0.0,0.0,0,0.0,0.0,0.0
BELLA AURORA,829.0,33.0,5685692,1131.0,0.0,0.0,0,0.0,0.0,0.0
23 DE JUNIO,830.0,418.0,90912620,3190.0,0.0,0.0,0,0.0,0.0,0.0
EL SENA,831.0,3.0,1473632,86.0,0.0,0.0,0,0.0,0.0,0.0
SAN JOSÉ,832.0,67.0,7324146,383.7,0.0,0.0,0,0.0,0.0,0.0
UNIÓN DE CIUDADELAS,833.0,227.0,33447108,1842.0,0.0,0.0,0,0.0,0.0,0.0
QUINTANA,834.0,437.0,50999610,3495.7,0.0,0.0,0,0.0,0.0,0.0
MARÍA ELENA SALAZAR,835.0,243.0,47158187,2201.0,0.0,0.0,0,0.0,0.0,0.0
COCHAPAMBA SUR,836.0,378.0,111320400,3930.6,0.0,0.0,0,0.0,0.0,0.0
SAN FELIPE,837.0,32.0,4462138,523.0,0.0,0.0,0,0.0,0.0,0.0
NUEVA ESPERANZA DEL SUR,838.0,2.0,618460,25.9,0.0,0.0,0,0.0,0.0,0.0
EL CARMEN 1,839.0,456.0,150860948,4912.3,0.0,0.0,0,0.0,0.0,0.0
LA DELICIA,840.0,147.0,18164161,798.0,0.0,0.0,0,0.0,0.0,0.0
JOSEFINA ENRÍQUEZ,841.0,190.0,28909760,1597.0,0.0,0.0,0,0.0,0.0,0.0
JOHN FITZQERALD KENNEDY,842.0,190.0,73155746,2106.0,0.0,0.0,0,0.0,0.0,0.0
LA FLORIDA,843.0,356.0,51776618,2245.0,0.0,0.0,0,0.0,0.0,0.0
SEIS DE DICIEMBRE,844.0,134.0,30220290,837.0,0.0,0.0,0,0.0,0.0,0.0
CATZUQUI DE VELAZCO,845.0,15.0,3912556,158.2,0.0,0.0,0,0.0,0.0,0.0
SANTA TERESITA,846.0,2.0,229610,5.0,0.0,0.0,0,0.0,0.0,0.0
NUEVO HORIZONTE DE HUARCAY,847.0,57.0,4792264,409.0,0.0,0.0,0,0.0,0.0,0.0
JARDÍNES DEL INCA,848.0,309.0,55509661,2868.5,0.0,0.0,0,0.0,0.0,0.0
LA UNIÓN,849.0,119.0,20883958,1139.8,0.0,0.0,0,0.0,0.0,0.0
MONSERRAT  BAJO,850.0,20.0,5100495,214.9,0.0,0.0,0,0.0,0.0,0.0
LAS ACACIAS,851.0,778.0,222000297,4958.4,0.0,0.0,0,0.0,0.0,0.0
LA MAGDALENA  CENTRAL,852.0,1042.0,210439812,7539.0,0.0,0.0,0,0.0,0.0,0.0
LA ISLA,853.0,555.0,49387106,3296.0,0.0,0.0,0,0.0,0.0,0.0
SAN ROQUE,854.0,317.0,105887740,5582.0,0.0,0.0,0,0.0,0.0,0.0
LA CAROLINA,855.0,201.0,267092791,1947.0,0.0,0.0,0,0.0,0.0,0.0
AEROPUERTO,856.0,123.0,68083298,417.0,0.0,0.0,0,0.0,0.0,0.0
LOS ÁLAMOS,857.0,148.0,24651661,1287.4,0.0,0.0,0,0.0,0.0,0.0
LAS CUADRAS,858.0,427.0,78127249,5653.0,0.0,0.0,0,0.0,0.0,0.0
BETANIA,859.0,124.0,38255390,1247.0,0.0,0.0,0,0.0,0.0,0.0
LA VICTORIA,860.0,116.0,24796835,734.0,0.0,0.0,0,0.0,0.0,0.0
LA DELICIA,861.0,521.0,97451202,4039.0,0.0,0.0,0,0.0,0.0,0.0
MONJAS BAJO,862.0,42.0,6558171,600.0,0.0,0.0,0,0.0,0.0,0.0
SANTA TERESITA BAJO,863.0,38.0,45407935,1453.0,0.0,0.0,0,0.0,0.0,0.0
SAN JOSÉ DEL CINTO,864.0,3.0,753688,34.3,0.0,0.0,0,0.0,0.0,0.0
EL GUABO,865.0,109.0,9561283,738.4,0.0,0.0,0,0.0,0.0,0.0
EL ROCÍO,866.0,154.0,42146110,2062.0,0.0,0.0,0,0.0,0.0,0.0
2 DE FEBRERO,867.0,584.0,67464772,3898.0,0.0,0.0,0,0.0,0.0,0.0
PICHINCHA,868.0,327.0,61188822,2413.7,0.0,0.0,0,0.0,0.0,0.0
AVIACIÓN CIVIL,869.0,52.0,10978109,168.0,0.0,0.0,0,0.0,0.0,0.0
EL INCA,870.0,188.0,111225392,3082.8,0.0,0.0,0,0.0,0.0,0.0
AGUARICO,871.0,33.0,5752155,154.0,0.0,0.0,0,0.0,0.0,0.0
MONSERRAT,872.0,401.0,44281839,2178.3,0.0,0.0,0,0.0,0.0,0.0
LA FLORESTA,873.0,318.0,114237091,2922.7,0.0,0.0,0,0.0,0.0,0.0
LAS BROMELIAS,874.0,290.0,205648631,3016.2,0.0,0.0,0,0.0,0.0,0.0
EL ARENAL,875.0,249.0,60787881,1776.0,0.0,0.0,0,0.0,0.0,0.0
SAN VICENTE DE LA  FLORIDA,876.0,264.0,65156646,2710.0,0.0,0.0,0,0.0,0.0,0.0
BELLAVISTA,877.0,312.0,236358123,3547.1,0.0,0.0,0,0.0,0.0,0.0
LAS MALLAS,878.0,48.0,30107503,546.0,0.0,0.0,0,0.0,0.0,0.0
ZONA DE PROTECCIÓN JIPIJAPA,879.0,15.0,3696268,49.7,0.0,0.0,0,0.0,0.0,0.0
BORJA YEROVI,880.0,525.0,230038698,2626.7,0.0,0.0,0,0.0,0.0,0.0
BARRIO CENTRAL,881.0,970.0,210738138,7295.0,0.0,0.0,0,0.0,0.0,0.0
EL BATÁN,882.0,431.0,213618495,4133.0,0.0,0.0,0,0.0,0.0,0.0
LA OFELIA,883.0,590.0,102493680,5283.0,0.0,0.0,0,0.0,0.0,0.0
SAN JOSÉ CONDADO,884.0,506.0,117567899,6925.7,0.0,0.0,0,0.0,0.0,0.0
FUTURO LIBRE,885.0,128.0,13164848,813.0,0.0,0.0,0,0.0,0.0,0.0
PUSUQUI CHICO,886.0,120.0,34826006,1282.0,0.0,0.0,0,0.0,0.0,0.0
LA CANDELARIA 1,887.0,241.0,86553566,1159.8,0.0,0.0,0,0.0,0.0,0.0
LA HOSPITALARIA,888.0,895.0,150950912,5095.2,0.0,0.0,0,0.0,0.0,0.0
PROFESORES MUNICIPALES,889.0,121.0,23359681,722.0,0.0,0.0,0,0.0,0.0,0.0
LOS CIPRESES,890.0,276.0,107316383,1987.0,0.0,0.0,0,0.0,0.0,0.0
JARDINES DEL BATÁN,891.0,81.0,55452403,866.0,0.0,0.0,0,0.0,0.0,0.0
AMÉRICA,892.0,75.0,17849342,630.0,0.0,0.0,0,0.0,0.0,0.0
SAN FRANCISCO PINSHA,893.0,93.0,16963494,574.0,0.0,0.0,0,0.0,0.0,0.0
AERONÁUTICO,894.0,260.0,56698791,1827.0,0.0,0.0,0,0.0,0.0,0.0
YANAZARAPATA,895.0,83.0,21627481,872.9,0.0,0.0,0,0.0,0.0,0.0
POLLA  DE ORO,896.0,3.0,458046,18.9,0.0,0.0,0,0.0,0.0,0.0
SAN BARTOLO BAJO,897.0,434.0,115786718,5367.0,0.0,0.0,0,0.0,0.0,0.0
CABECERA POMASQUI,898.0,425.0,71020284,2768.0,0.0,0.0,0,0.0,0.0,0.0
EL TRÁNSITO,899.0,517.0,47553394,2758.5,0.0,0.0,0,0.0,0.0,0.0
MARISOL,900.0,573.0,204045522,5765.0,0.0,0.0,0,0.0,0.0,0.0
SAN FRANCISCO,901.0,125.0,17391987,1346.0,0.0,0.0,0,0.0,0.0,0.0
JARDINES DEL ESTE,902.0,167.0,79655385,962.7,0.0,0.0,0,0.0,0.0,0.0
SAN VIRGILIO,903.0,172.0,45176326,1048.1,0.0,0.0,0,0.0,0.0,0.0
LA RAYA,904.0,101.0,17179918,874.0,0.0,0.0,0,0.0,0.0,0.0
CIUDADELA  UNIVERSITARIA,905.0,17.0,14818673,214.0,0.0,0.0,0,0.0,0.0,0.0
LA TOLA ALTA,906.0,129.0,16617479,912.0,0.0,0.0,0,0.0,0.0,0.0
SUCRE FUNDEPORTE,907.0,111.0,97466212,1527.0,0.0,0.0,0,0.0,0.0,0.0
SANTA CLARA DE SAN MILLÁN,908.0,291.0,152263701,1673.0,0.0,0.0,0,0.0,0.0,0.0
OSEJO LOS PINOS,909.0,123.0,19277092,1346.0,0.0,0.0,0,0.0,0.0,0.0
EL GIRÓN,910.0,274.0,41631685,2502.0,0.0,0.0,0,0.0,0.0,0.0
SAN ANTONIO DE IBARRA,911.0,60.0,6681308,493.0,0.0,0.0,0,0.0,0.0,0.0
RUCCULLACTA,912.0,141.0,73781128,2815.0,0.0,0.0,0,0.0,0.0,0.0
MANUEL CUZCO,913.0,77.0,8902200,742.0,0.0,0.0,0,0.0,0.0,0.0
LOS LAURELES,914.0,481.0,73067438,3022.0,0.0,0.0,0,0.0,0.0,0.0
ATAHUALPA ORIENTAL,915.0,603.0,124955003,5742.0,0.0,0.0,0,0.0,0.0,0.0
CHILLOGALLO,916.0,1215.0,233096277,11783.0,0.0,0.0,0,0.0,0.0,0.0
PATRIMONIO FAMILIAR,917.0,420.0,43900135,2531.0,0.0,0.0,0,0.0,0.0,0.0
1RO MAYO,918.0,126.0,17818501,1159.0,0.0,0.0,0,0.0,0.0,0.0
SAN MIGUEL AMAGASÍ,919.0,984.0,291013458,10481.7,0.0,0.0,0,0.0,0.0,0.0
LULUNCONTO  ALTO,920.0,311.0,54363711,3213.0,0.0,0.0,0,0.0,0.0,0.0
SAN PEDRO CLAVER,921.0,416.0,102388165,4564.0,0.0,0.0,0,0.0,0.0,0.0
LA PAZ CUCCHO HACIENDA,922.0,201.0,9916721,647.0,0.0,0.0,0,0.0,0.0,0.0
MASTODONTES,923.0,395.0,99576133,2873.0,0.0,0.0,0,0.0,0.0,0.0
ARELLANO PORTILLA,924.0,218.0,20044922,1581.0,0.0,0.0,0,0.0,0.0,0.0
SANTA ANA,925.0,268.0,38387036,2306.0,0.0,0.0,0,0.0,0.0,0.0
TURUBAMBA DE MONJAS 2,926.0,275.0,24467761,1758.0,0.0,0.0,0,0.0,0.0,0.0
LA LUZ,927.0,202.0,40853389,1427.4,0.0,0.0,0,0.0,0.0,0.0
SAN BARTOLO ALTO,928.0,77.0,8424083,619.0,0.0,0.0,0,0.0,0.0,0.0
EDEN DEL VALLE,929.0,634.0,54603338,3000.0,0.0,0.0,0,0.0,0.0,0.0
SAN JUANITO,930.0,57.0,5340132,383.0,0.0,0.0,0,0.0,0.0,0.0
ZONA DE PROTECCIÓN CONDADO,931.0,159.0,13811204,561.5999999999999,0.0,0.0,0,0.0,0.0,0.0
LA GASCA,932.0,815.0,171730449,5429.0,0.0,0.0,0,0.0,0.0,0.0
ESPERANZA,933.0,75.0,17866786,639.0,0.0,0.0,0,0.0,0.0,0.0
CRISTIANIA,934.0,245.0,116361706,926.7,0.0,0.0,0,0.0,0.0,0.0
LOS ANDES,935.0,144.0,16194827,1272.0,0.0,0.0,0,0.0,0.0,0.0
URBANIZACIÓN SANTA ANITA,936.0,741.0,84138152,5157.0,0.0,0.0,0,0.0,0.0,0.0
EL LIMONAR,937.0,418.0,101493400,2325.2,0.0,0.0,0,0.0,0.0,0.0
SAN FRANCISCO NORTE,938.0,81.0,40481566,1839.0,0.0,0.0,0,0.0,0.0,0.0
PUERTAS DEL SOL 2,939.0,462.0,62222513,2894.0,0.0,0.0,0,0.0,0.0,0.0
LA VAQUERÍA,940.0,4.0,1286830,51.8,0.0,0.0,0,0.0,0.0,0.0
SAN LUIS,941.0,472.0,50202527,3348.0,0.0,0.0,0,0.0,0.0,0.0
CUSCUNGO,942.0,70.0,19371397,1455.0,0.0,0.0,0,0.0,0.0,0.0
BELLAVISTA DE CARRETAS,943.0,156.0,77006327,1943.8,0.0,0.0,0,0.0,0.0,0.0
EL BELÉN,944.0,128.0,111895944,466.0,0.0,0.0,0,0.0,0.0,0.0
PUERTAS DEL SOL,945.0,254.0,16356280,1005.7,0.0,0.0,0,0.0,0.0,0.0
URBANIZACIÓN PUSUQUI,946.0,710.0,54076787,2822.0,0.0,0.0,0,0.0,0.0,0.0
ARMENIA II,947.0,962.0,355734307,6040.2,0.0,0.0,0,0.0,0.0,0.0
SIERRA HERMOSA,948.0,861.0,190711940,6214.4,0.0,0.0,0,0.0,0.0,0.0
LA SIERRA,949.0,2.0,70756,3.5,0.0,0.0,0,0.0,0.0,0.0
EL CARMEN,950.0,208.0,38479519,2061.0,0.0,0.0,0,0.0,0.0,0.0
SANTIAGO ALTO,951.0,253.0,35655575,2144.0,0.0,0.0,0,0.0,0.0,0.0
COTOCOLLAO,952.0,575.0,120304037,5532.0,0.0,0.0,0,0.0,0.0,0.0
VIRGEN DEL QUINCHE,953.0,1.0,40031,1.4,0.0,0.0,0,0.0,0.0,0.0
BATÁN ALTO,954.0,407.0,106195731,2323.0,0.0,0.0,0,0.0,0.0,0.0
CORAZÓN DE JESÚS,955.0,234.0,81867439,1935.0,0.0,0.0,0,0.0,0.0,0.0
SAN FRANCISCO,956.0,19.0,902574,44.0,0.0,0.0,0,0.0,0.0,0.0
SAN DIEGO,957.0,177.0,35786743,2035.0,0.0,0.0,0,0.0,0.0,0.0
HOGAR DEL TRABAJADOR,958.0,85.0,13112633,812.0,0.0,0.0,0,0.0,0.0,0.0
LA RIVERA,959.0,291.0,115806777,1275.0,0.0,0.0,0,0.0,0.0,0.0
COLLACOTO,960.0,88.0,24818426,1528.0,0.0,0.0,0,0.0,0.0,0.0
SAN JOSÉ DE LA  LIBERTAD,961.0,430.0,58689714,3601.0,0.0,0.0,0,0.0,0.0,0.0
LARREA,962.0,333.0,172254175,1818.0,0.0,0.0,0,0.0,0.0,0.0
NAZARETH,963.0,1111.0,218446202,8531.7,0.0,0.0,0,0.0,0.0,0.0
AGUA CLARA,964.0,549.0,94111672,5850.0,0.0,0.0,0,0.0,0.0,0.0
VISTA HERMOSA,965.0,142.0,13160587,859.0,0.0,0.0,0,0.0,0.0,0.0
ALMA LOJANA,966.0,338.0,76082361,3385.0,0.0,0.0,0,0.0,0.0,0.0
VEINTIMILLA,967.0,53.0,12808902,501.9,0.0,0.0,0,0.0,0.0,0.0
BARRIO GERMÁN ÁVILA,968.0,268.0,42944267,2086.0,0.0,0.0,0,0.0,0.0,0.0
OBRERO INDEPENDIENTE,969.0,677.0,100611001,4515.7,0.0,0.0,0,0.0,0.0,0.0
INIAQUITO ALTO,970.0,86.0,36424491,873.0,0.0,0.0,0,0.0,0.0,0.0
SANTA ROSA 4TA. ETAPA,971.0,199.0,17363907,1493.5,0.0,0.0,0,0.0,0.0,0.0
AUQUI DE MONJAS,972.0,146.0,9047493,981.0,0.0,0.0,0,0.0,0.0,0.0
LUMBISÍ,973.0,4.0,444584,18.4,0.0,0.0,0,0.0,0.0,0.0
JULIO ZABALA,974.0,852.0,109580261,6224.5,0.0,0.0,0,0.0,0.0,0.0
VISTA HERMOSA DE CHAQUIBAMBA,975.0,3.0,729424,64.9,0.0,0.0,0,0.0,0.0,0.0
ANA MARÍA,976.0,400.0,49043370,1433.0,0.0,0.0,0,0.0,0.0,0.0
BELLO HORIZONTE 1 ETAPA,977.0,388.0,30059959,818.9,0.0,0.0,0,0.0,0.0,0.0
SANTA MÓNICA,978.0,6.0,1233642,52.5,0.0,0.0,0,0.0,0.0,0.0
BELLO HORIZONTE 2DA ETAPA,979.0,15.0,2210854,95.19999999999999,0.0,0.0,0,0.0,0.0,0.0
SAN ANDRÉS,980.0,0.0,0,0.0,0.0,0.0,0,0.0,0.0,0.0
SAN ANTONIO,981.0,6.0,842110,50.5,0.0,0.0,0,0.0,0.0,0.0
SAN LUIS DE BELLAVISTA,982.0,154.0,18814657,1083.1,0.0,0.0,0,0.0,0.0,0.0
PICHINCHA,983.0,76.0,14829053,528.0,0.0,0.0,0,0.0,0.0,0.0
SAN JOSÉ DE DOÑA ANA,984.0,33.0,7120331,295.0,0.0,0.0,0,0.0,0.0,0.0
NUEVA ESPERANZA,985.0,43.0,2447762,86.1,0.0,0.0,0,0.0,0.0,0.0
SAN IGNACIO,986.0,84.0,4711664,254.5,0.0,0.0,0,0.0,0.0,0.0
LA CONCEPCIÓN,987.0,114.0,18104161,813.0,0.0,0.0,0,0.0,0.0,0.0
SAN LORENZO,988.0,83.0,16994162,770.7,0.0,0.0,0,0.0,0.0,0.0
LA SOFÍA,989.0,11.0,1807802,82.0,0.0,0.0,0,0.0,0.0,0.0
SEBAUCO,990.0,59.0,11102330,476.9,0.0,0.0,0,0.0,0.0,0.0
EL PARAÍSO,991.0,61.0,8679062,360.0,0.0,0.0,0,0.0,0.0,0.0
SANTA ANA,992.0,212.0,62094574,1973.0,0.0,0.0,0,0.0,0.0,0.0
VILLACÍS,993.0,96.0,14029933,570.9,0.0,0.0,0,0.0,0.0,0.0
TAMBILLO,994.0,19.0,4607345,452.2,0.0,0.0,0,0.0,0.0,0.0
SAN RAFAEL,995.0,67.0,17815400,759.7,0.0,0.0,0,0.0,0.0,0.0
VISTA HERMOSA,996.0,21.0,1460126,145.0,0.0,0.0,0,0.0,0.0,0.0
EL MOLINO,997.0,97.0,13657888,519.2,0.0,0.0,0,0.0,0.0,0.0
YARUQUI CENTRO,998.0,375.0,67173653,2656.0,0.0,0.0,0,0.0,0.0,0.0
CERCOPAMBA,999.0,5.0,553649,24.5,0.0,0.0,0,0.0,0.0,0.0
COOPERATIVA POLICÍA NACIONAL,1000.0,8.0,1072740,88.0,0.0,0.0,0,0.0,0.0,0.0
EL JORDÁN,1001.0,0.0,0,0.0,0.0,0.0,0,0.0,0.0,0.0
EL MANANTIAL,1002.0,1.0,284361,12.6,0.0,0.0,0,0.0,0.0,0.0
CHAQUIBAMBA,1003.0,8.0,6042971,184.1,0.0,0.0,0,0.0,0.0,0.0
CACHUCO LOS AMANCAYES,1004.0,9.0,1744296,74.19999999999999,0.0,0.0,0,0.0,0.0,0.0
SAN VICENTE BAJO,1005.0,11.0,1536692,67.2,0.0,0.0,0,0.0,0.0,0.0
SANTA ISABEL,1006.0,0.0,0,0.0,0.0,0.0,0,0.0,0.0,0.0
SAN PEDRO,1007.0,42.0,10322875,549.4,0.0,0.0,0,0.0,0.0,0.0
LA VICTORIA,1008.0,63.0,11562148,485.09999999999997,0.0,0.0,0,0.0,0.0,0.0
SAN LUIS DEL PARQUE CENTRAL,1009.0,47.0,12651305,506.0,0.0,0.0,0,0.0,0.0,0.0
LA CRUZ,1010.0,28.0,3566242,994.1,0.0,0.0,0,0.0,0.0,0.0
SARAHURCO,1011.0,1.0,143207,6.3,0.0,0.0,0,0.0,0.0,0.0
CENTRAL,1012.0,260.0,52706954,1161.9,0.0,0.0,0,0.0,0.0,0.0
BELLAVISTA,1013.0,54.0,7013522,169.79999999999998,0.0,0.0,0,0.0,0.0,0.0
SOL NACIENTE,1014.0,121.0,9756741,376.0,0.0,0.0,0,0.0,0.0,0.0
COMUNA LEOPOLDO CHÁVEZ,1015.0,21.0,4627814,188.29999999999998,0.0,0.0,0,0.0,0.0,0.0
COMUNA DEL CENTRO DEL PUEBLO DE ALANGASÍ,1016.0,2.0,580781,25.2,0.0,0.0,0,0.0,0.0,0.0
SANTA ROSA,1017.0,297.0,68077960,2693.3999999999996,0.0,0.0,0,0.0,0.0,0.0
4 DE OCTUBRE,1018.0,50.0,6974429,295.4,0.0,0.0,0,0.0,0.0,0.0
LA  ESPERANZA,1019.0,310.0,90565158,3627.3999999999996,0.0,0.0,0,0.0,0.0,0.0
MANGAHUANTAG,1020.0,80.0,50541568,1286.2,0.0,0.0,0,0.0,0.0,0.0
VIRGEN DE LOURDES,1021.0,69.0,9073208,315.7,0.0,0.0,0,0.0,0.0,0.0
SANTA ROSA PUEMBO,1022.0,2.0,557502,22.39999999999999,0.0,0.0,0,0.0,0.0,0.0
SAN FRANCISCO,1023.0,45.0,17853980,334.0,0.0,0.0,0,0.0,0.0,0.0
EL HUANGAL,1024.0,53.0,7758831,297.9,0.0,0.0,0,0.0,0.0,0.0
CHAUPI MOLINO,1025.0,206.0,30984134,2467.5,0.0,0.0,0,0.0,0.0,0.0
OYAMBARO,1026.0,7.0,1119602,24.5,0.0,0.0,0,0.0,0.0,0.0
COMUNA CENTRAL,1027.0,7.0,1499654,60.9,0.0,0.0,0,0.0,0.0,0.0
SAN JOSÉ DE RUMIHUAYCO,1028.0,9.0,1988414,67.9,0.0,0.0,0,0.0,0.0,0.0
SANTA ANITA,1029.0,9.0,958987,39.199999999999996,0.0,0.0,0,0.0,0.0,0.0
LA PROVIDENCIA,1030.0,75.0,19524641,753.9,0.0,0.0,0,0.0,0.0,0.0
SAN ANTONIO DE TOLAGASÍ,1031.0,136.0,45302933,1712.1999999999998,0.0,0.0,0,0.0,0.0,0.0
SAN RAFAEL,1032.0,46.0,11442958,500.0,0.0,0.0,0,0.0,0.0,0.0
EL PROGRESO,1033.0,47.0,11283939,566.0,0.0,0.0,0,0.0,0.0,0.0
OLALLA,1034.0,96.0,15552865,1036.0,0.0,0.0,0,0.0,0.0,0.0
SAN MIGUEL DEL  QUINCHE,1035.0,24.0,10627633,428.4,0.0,0.0,0,0.0,0.0,0.0
HUERTOS FAMILIARES,1036.0,152.0,28373848,584.0,0.0,0.0,0,0.0,0.0,0.0
VIRGINIA,1037.0,4.0,187523,7.699999999999999,0.0,0.0,0,0.0,0.0,0.0
GUADALUPE,1038.0,3.0,801826,35.699999999999996,0.0,0.0,0,0.0,0.0,0.0
PLAZAPAMBA,1039.0,5.0,719552,29.4,0.0,0.0,0,0.0,0.0,0.0
TOLITA CANTARILLA,1040.0,6.0,1558031,18.2,0.0,0.0,0,0.0,0.0,0.0
CHAMIZAL,1041.0,41.0,2591411,107.1,0.0,0.0,0,0.0,0.0,0.0
AMAZONAS,1042.0,79.0,14587023,683.5,0.0,0.0,0,0.0,0.0,0.0
PALUGO,1043.0,187.0,25259573,1019.9,0.0,0.0,0,0.0,0.0,0.0
TOLA CHICA 1,1044.0,481.0,85437966,3358.4,0.0,0.0,0,0.0,0.0,0.0
EL BELÉN,1045.0,57.0,2799118,116.2,0.0,0.0,0,0.0,0.0,0.0
SANTO DOMINGO DE LOS DUQUES,1046.0,22.0,7980110,348.79999999999995,0.0,0.0,0,0.0,0.0,0.0
LA MORITA,1047.0,462.0,102637228,4012.3999999999996,0.0,0.0,0,0.0,0.0,0.0
PRIMAVERA,1048.0,106.0,19585405,1244.0,0.0,0.0,0,0.0,0.0,0.0
SIGSIPAMBA,1049.0,11.0,2187705,88.89999999999999,0.0,0.0,0,0.0,0.0,0.0
SAN RAFAEL,1050.0,0.0,0,0.0,0.0,0.0,0,0.0,0.0,0.0
SAN JOSÉ QUINCHE,1051.0,7.0,2321309,102.89999999999999,0.0,0.0,0,0.0,0.0,0.0
LOS LAURELES,1052.0,2.0,110431,4.9,0.0,0.0,0,0.0,0.0,0.0
QUINCHE CABECERA,1053.0,110.0,12983502,4601.0,0.0,0.0,0,0.0,0.0,0.0
EL BALCÓN DE GUAYLLABAMBA,1054.0,3.0,696503,35.0,0.0,0.0,0,0.0,0.0,0.0
CUCUPURO,1055.0,6.0,495474,21.0,0.0,0.0,0,0.0,0.0,0.0
LA DOLOROSA,1056.0,495.0,98989074,2990.8,0.0,0.0,0,0.0,0.0,0.0
COCHAPAMBA,1057.0,152.0,39699341,980.3,0.0,0.0,0,0.0,0.0,0.0
LA  COCHA,1058.0,17.0,101062954,4558.4,0.0,0.0,0,0.0,0.0,0.0
TOLA CHICA 3,1059.0,188.0,40146065,1585.5,0.0,0.0,0,0.0,0.0,0.0
SAN JOSÉ DE BILLIVARO,1060.0,43.0,8879521,253.5,0.0,0.0,0,0.0,0.0,0.0
AGLLA,1061.0,17.0,2019036,86.1,0.0,0.0,0,0.0,0.0,0.0
ALTAMIRA,1062.0,1.0,620795,28.0,0.0,0.0,0,0.0,0.0,0.0
COLLAQUI,1063.0,96.0,17225443,698.6,0.0,0.0,0,0.0,0.0,0.0
LA ESPERANZA,1064.0,39.0,12977377,1422.4,0.0,0.0,0,0.0,0.0,0.0
VILLA VEGA,1065.0,230.0,53379014,1943.7,0.0,0.0,0,0.0,0.0,0.0
ZONA DE PROTECCIÓN LADERAS DE SAN FRANCISCO,1066.0,198.0,11435872,1030.5,0.0,0.0,0,0.0,0.0,0.0
VALLE NUEVO,1067.0,0.0,0,0.0,0.0,0.0,0,0.0,0.0,0.0
COMUNA SAN FRNACISCO DE BAÑOS,1068.0,0.0,0,0.0,0.0,0.0,0,0.0,0.0,0.0
COMUNA SAN FRANCISCO DE OYACOTO,1069.0,110.0,6233346,264.59999999999997,0.0,0.0,0,0.0,0.0,0.0
SAN MARCOS,1070.0,77.0,10994561,426.0,0.0,0.0,0,0.0,0.0,0.0
ZONA DE PROTECCIÓN TUSHUMBILOMA,1071.0,3.0,90968,12.8,0.0,0.0,0,0.0,0.0,0.0
SAN JUAN CHUSPIYACU,1072.0,48.0,5901792,261.8,0.0,0.0,0,0.0,0.0,0.0
OLALLA,1073.0,13.0,1368075,56.0,0.0,0.0,0,0.0,0.0,0.0
LA ISLA,1074.0,14.0,1850843,74.89999999999999,0.0,0.0,0,0.0,0.0,0.0
CENTRAL,1075.0,100.0,8883099,370.1,0.0,0.0,0,0.0,0.0,0.0
ZONA DE PROTECCIÓN LLANO GRANDE,1076.0,3.0,62972,2.8,0.0,0.0,0,0.0,0.0,0.0
SAN AGUSTÍN,1077.0,4.0,617451,27.299999999999997,0.0,0.0,0,0.0,0.0,0.0
LA MOYA,1078.0,3.0,3557992,161.0,0.0,0.0,0,0.0,0.0,0.0
RUMIHUAYCO,1079.0,220.0,59474711,2311.4,0.0,0.0,0,0.0,0.0,0.0
BONANZA,1080.0,154.0,28661179,770.0,0.0,0.0,0,0.0,0.0,0.0
COMUNA SANTA ANITA,1081.0,22.0,1578931,68.6,0.0,0.0,0,0.0,0.0,0.0
SAN JUAN,1082.0,27.0,4411901,165.2,0.0,0.0,0,0.0,0.0,0.0
SAN AGUSTÍN-NUEVO AEROPUERTO,1083.0,0.0,0,0.0,0.0,0.0,0,0.0,0.0,0.0
PIFO CENTRO,1084.0,219.0,41442801,1950.0,0.0,0.0,0,0.0,0.0,0.0
COMUNA TOLA  GRANDE- LUZÓN,1085.0,2.0,54366,2.8,0.0,0.0,0,0.0,0.0,0.0
COMUNA TOLA CHICA,1086.0,0.0,0,0.0,0.0,0.0,0,0.0,0.0,0.0
LA LIBERTAD,1087.0,10.0,2088277,56.5,0.0,0.0,0,0.0,0.0,0.0
PILLAGUA,1088.0,174.0,51116007,513.4,0.0,0.0,0,0.0,0.0,0.0
EL TEJAR,1089.0,121.0,16602278,692.5999999999999,0.0,0.0,0,0.0,0.0,0.0
SAUCE,1090.0,114.0,37751698,460.0,0.0,0.0,0,0.0,0.0,0.0
PACHOSALAS,1091.0,56.0,24383113,975.8,0.0,0.0,0,0.0,0.0,0.0
CALLUMA,1092.0,137.0,21851555,883.4,0.0,0.0,0,0.0,0.0,0.0
LA MORITA 2,1093.0,138.0,23317277,912.0999999999999,0.0,0.0,0,0.0,0.0,0.0
ITULCACHI,1094.0,23.0,4471636,869.0,0.0,0.0,0,0.0,0.0,0.0
LA VIÑA,1095.0,476.0,165979483,1827.4,0.0,0.0,0,0.0,0.0,0.0
TUMBACO CABECERA,1096.0,540.0,111255574,3077.7,0.0,0.0,0,0.0,0.0,0.0
SAN JOSÉ DE LA VIÑA,1097.0,141.0,29381610,951.1999999999999,0.0,0.0,0,0.0,0.0,0.0
SAN BLAS,1098.0,203.0,44257789,1505.0,0.0,0.0,0,0.0,0.0,0.0
SAN FRANCISCO CHUROLOMA,1099.0,232.0,66494591,2818.2,0.0,0.0,0,0.0,0.0,0.0
MULAUCO,1100.0,5.0,1804307,73.5,0.0,0.0,0,0.0,0.0,0.0
SANTA ANA,1101.0,205.0,45669478,1387.7,0.0,0.0,0,0.0,0.0,0.0
CONIBURO,1102.0,2.0,268606,11.2,0.0,0.0,0,0.0,0.0,0.0
CHIVIQUI,1103.0,90.0,20795945,812.6999999999999,0.0,0.0,0,0.0,0.0,0.0
LAS PEÑAS,1104.0,14.0,8468020,341.59999999999997,0.0,0.0,0,0.0,0.0,0.0
COMUNA LA CAPILLA,1105.0,160.0,14351578,813.0,0.0,0.0,0,0.0,0.0,0.0
HUALA,1106.0,331.0,24155864,1228.0,0.0,0.0,0,0.0,0.0,0.0
SAN VICENTE ALTO,1107.0,5.0,1646168,635.0,0.0,0.0,0,0.0,0.0,0.0
LALAGACHI ALTO,1108.0,8.0,237575,11.2,0.0,0.0,0,0.0,0.0,0.0
SAN JOSÉ DE CHECA,1109.0,0.0,0,0.0,0.0,0.0,0,0.0,0.0,0.0
URAPAMBA,1110.0,3.0,34952257,1582.0,0.0,0.0,0,0.0,0.0,0.0
PUEBLO VIEJO,1111.0,85.0,6042292,326.1,0.0,0.0,0,0.0,0.0,0.0
LA MERCED,1112.0,50.0,8178999,269.0,0.0,0.0,0,0.0,0.0,0.0
CHANTAG,1113.0,3.0,890821,73.2,0.0,0.0,0,0.0,0.0,0.0
SAN MIGUEL DE COCOTOG,1114.0,36.0,2126050,88.89999999999999,0.0,0.0,0,0.0,0.0,0.0
SAN VICENTE,1115.0,52.0,4771686,254.0,0.0,0.0,0,0.0,0.0,0.0
SAN JOSÉ DE GUANTUGLOMA,1116.0,23.0,5149319,218.39999999999998,0.0,0.0,0,0.0,0.0,0.0
TOLAGASÍ,1117.0,374.0,144383607,2646.7,0.0,0.0,0,0.0,0.0,0.0
PATAHACIENDA,1118.0,29.0,5546240,410.7,0.0,0.0,0,0.0,0.0,0.0
LA DELICIA,1119.0,118.0,16571559,1262.0,0.0,0.0,0,0.0,0.0,0.0
VICTORIA  DEL QUINCHE,1120.0,50.0,15536561,279.4,0.0,0.0,0,0.0,0.0,0.0
CUSCUNGO,1121.0,8.0,1261874,83.0,0.0,0.0,0,0.0,0.0,0.0
LA TOLA BAJA,1122.0,1.0,217069,8.399999999999999,0.0,0.0,0,0.0,0.0,0.0
LA TOLA,1123.0,12.0,2708555,111.3,0.0,0.0,0,0.0,0.0,0.0
LA CRUZ,1124.0,15.0,5056930,796.8,0.0,0.0,0,0.0,0.0,0.0
SAN PEDRO DE CHICHE,1125.0,88.0,18165720,741.3,0.0,0.0,0,0.0,0.0,0.0
ROSA BLANCA,1126.0,50.0,5395639,155.39999999999998,0.0,0.0,0,0.0,0.0,0.0
LAS PALMAS,1127.0,8.0,11826848,522.9,0.0,0.0,0,0.0,0.0,0.0
PUEMBO CENTRO,1128.0,123.0,37278880,3841.3,0.0,0.0,0,0.0,0.0,0.0
SALAZAR GOMEZ,1129.0,19.0,1859866,74.9,0.0,0.0,0,0.0,0.0,0.0
COMUNA SAN MIGUEL DEL COMÚN,1130.0,101.0,8490298,2670.4,0.0,0.0,0,0.0,0.0,0.0
CHICHE,1131.0,32.0,8723290,208.6,0.0,0.0,0,0.0,0.0,0.0
CHICHE OBRAJE,1132.0,26.0,9277578,191.79999999999998,0.0,0.0,0,0.0,0.0,0.0
SAN JOSÉ DE PUEMBO,1133.0,83.0,29191684,750.3,0.0,0.0,0,0.0,0.0,0.0
CENTRAL TABABELA,1134.0,33.0,14129306,905.0,0.0,0.0,0,0.0,0.0,0.0
EMPLEADOS DE LA DAC,1135.0,5.0,644110,26.599999999999998,0.0,0.0,0,0.0,0.0,0.0
EL VERGEL BAJO,1136.0,9.0,722696,30.799999999999997,0.0,0.0,0,0.0,0.0,0.0
EL VERGEL,1137.0,2.0,130267,5.6,0.0,0.0,0,0.0,0.0,0.0
OYAMBARILLO TABABELA,1138.0,20.0,2677253,114.8,0.0,0.0,0,0.0,0.0,0.0
PRADERAS DE ILALÓ,1139.0,12.0,857181,38.5,0.0,0.0,0,0.0,0.0,0.0
LAS ACACIAS,1140.0,181.0,35612999,1277.5,0.0,0.0,0,0.0,0.0,0.0
TOLA CHICA 2,1141.0,131.0,32284227,1252.3,0.0,0.0,0,0.0,0.0,0.0
BUENA ESPERANZA,1142.0,219.0,58187181,1961.3999999999999,0.0,0.0,0,0.0,0.0,0.0
TOLA GRANDE,1143.0,367.0,85400922,3054.1,0.0,0.0,0,0.0,0.0,0.0
LA CERÁMICA,1144.0,117.0,36425027,1421.7,0.0,0.0,0,0.0,0.0,0.0
SAN VICENTE,1145.0,30.0,9594017,203.70000000000002,0.0,0.0,0,0.0,0.0,0.0
CHILPECITO,1146.0,7.0,31579817,1269.7999999999997,0.0,0.0,0,0.0,0.0,0.0
ZAMORA,1147.0,8.0,777792,33.6,0.0,0.0,0,0.0,0.0,0.0
SAN RAFAEL,1148.0,4.0,250701,9.799999999999999,0.0,0.0,0,0.0,0.0,0.0
ARRAYANES,1149.0,1.0,219686,9.8,0.0,0.0,0,0.0,0.0,0.0
OTÓN DE VELEZ,1150.0,10.0,2711902,110.6,0.0,0.0,0,0.0,0.0,0.0
SANTA ROSA,1151.0,20.0,4272053,161.3,0.0,0.0,0,0.0,0.0,0.0
LA JOYA,1152.0,4.0,626843,27.099999999999998,0.0,0.0,0,0.0,0.0,0.0
LALAGACHI BAJO,1153.0,4.0,331529,14.0,0.0,0.0,0,0.0,0.0,0.0
EL CALVARIO,1154.0,55.0,7724910,500.0,0.0,0.0,0,0.0,0.0,0.0
CHAUPI ESTANCIA,1155.0,125.0,23190365,1016.0,0.0,0.0,0,0.0,0.0,0.0
OYAMBARILLO,1156.0,25.0,3160174,130.9,0.0,0.0,0,0.0,0.0,0.0
SAN JOSÉ,1157.0,154.0,24991726,2511.0,0.0,0.0,0,0.0,0.0,0.0
CHINANGACHI,1158.0,18.0,2385275,99.4,0.0,0.0,0,0.0,0.0,0.0
CAMPAMENTO,1159.0,12.0,1258592,49.0,0.0,0.0,0,0.0,0.0,0.0
LA VICTORIA,1160.0,189.0,24128054,984.1,0.0,0.0,0,0.0,0.0,0.0
SELVA ALEGRE,1161.0,43.0,8315489,518.0,0.0,0.0,0,0.0,0.0,0.0
LALAGACHI  CENTRAL,1162.0,12.0,2655660,107.1,0.0,0.0,0,0.0,0.0,0.0
GUAMBI,1163.0,3.0,660152,277.0,0.0,0.0,0,0.0,0.0,0.0
SAN JOSÉ OYAMBARILLO,1164.0,5.0,851933,37.09999999999999,0.0,0.0,0,0.0,0.0,0.0
SAN JOSÉ DE LA ISLA,1165.0,3.0,575546,23.799999999999997,0.0,0.0,0,0.0,0.0,0.0
NUEVA ANDALUCIA,1166.0,70.0,9887851,410.2,0.0,0.0,0,0.0,0.0,0.0
SAN JUAN,1167.0,1.0,1183344,228.0,0.0,0.0,0,0.0,0.0,0.0
IGUINIARO,1168.0,23.0,1730679,1631.8,0.0,0.0,0,0.0,0.0,0.0
ÁLVAREZ,1169.0,5.0,2577749,102.2,0.0,0.0,0,0.0,0.0,0.0
COOPERATIVA AGRICOLA DOÑA ANA,1170.0,45.0,5240070,519.0,0.0,0.0,0,0.0,0.0,0.0
CENTRAL,1171.0,180.0,30895602,1901.2,0.0,0.0,0,0.0,0.0,0.0
SANTO DOMINGO DE SEVILLA,1172.0,4.0,634153,27.3,0.0,0.0,0,0.0,0.0,0.0
ESPERANZA Y PROGRESO,1173.0,262.0,37715557,877.2,0.0,0.0,0,0.0,0.0,0.0
BELLAVISTA CENTRAL,1174.0,306.0,52686444,2177.7,0.0,0.0,0,0.0,0.0,0.0
LA UNIÓN,1175.0,0.0,0,0.0,0.0,0.0,0,0.0,0.0,0.0
SAHUANGAL,1176.0,5.0,504772,23.099999999999998,0.0,0.0,0,0.0,0.0,0.0
SAN JOSÉ DE BELLAVISTA,1177.0,2.0,68053,2.8,0.0,0.0,0,0.0,0.0,0.0
URCUTAMBO,1178.0,6.0,202207,8.4,0.0,0.0,0,0.0,0.0,0.0
MANCHURI,1179.0,0.0,0,0.0,0.0,0.0,0,0.0,0.0,0.0
PARAGUAS,1180.0,2.0,73282,3.5,0.0,0.0,0,0.0,0.0,0.0
SAN JOSÉ DE INGAPI,1181.0,2.0,342566,15.399999999999999,0.0,0.0,0,0.0,0.0,0.0
EL COPAL,1182.0,2.0,137199,6.299999999999999,0.0,0.0,0,0.0,0.0,0.0
PACHIJAL DE LAS TOLAS,1183.0,2.0,315885,13.3,0.0,0.0,0,0.0,0.0,0.0
PACTO LOMA,1184.0,43.0,1134815,48.3,0.0,0.0,0,0.0,0.0,0.0
LAS TOLAS,1185.0,9.0,740296,32.9,0.0,0.0,0,0.0,0.0,0.0
SAN FRANCISCO PACHIJAL,1186.0,4.0,212282,9.8,0.0,0.0,0,0.0,0.0,0.0
SAN LUIS ALTO,1187.0,1.0,25200,1.4,0.0,0.0,0,0.0,0.0,0.0
SAN LUIS BAJO,1188.0,0.0,0,0.0,0.0,0.0,0,0.0,0.0,0.0
EL BELÉN,1189.0,2.0,214066,9.099999999999998,0.0,0.0,0,0.0,0.0,0.0
GUANABANA,1190.0,0.0,0,0.0,0.0,0.0,0,0.0,0.0,0.0
SANTA TERESITA,1191.0,15.0,929131,39.199999999999996,0.0,0.0,0,0.0,0.0,0.0
GUALEA CENTRO,1192.0,19.0,1098134,218.9,0.0,0.0,0,0.0,0.0,0.0
GUALEA CRUZ,1193.0,15.0,656822,28.7,0.0,0.0,0,0.0,0.0,0.0
SAN VICENTE,1194.0,6.0,718322,30.799999999999997,0.0,0.0,0,0.0,0.0,0.0
NUEVA GRANADA,1195.0,1.0,146591,6.3,0.0,0.0,0,0.0,0.0,0.0
GUAYABILLAS,1196.0,78.0,3267768,130.9,0.0,0.0,0,0.0,0.0,0.0
ANOPE,1197.0,1.0,43736,2.1,0.0,0.0,0,0.0,0.0,0.0
PARAÍSO,1198.0,74.0,3026441,351.6,0.0,0.0,0,0.0,0.0,0.0
EL PROGRESO,1199.0,0.0,0,0.0,0.0,0.0,0,0.0,0.0,0.0
BUENOS AIRES,1200.0,12.0,353133,16.099999999999998,0.0,0.0,0,0.0,0.0,0.0
EL CASTILLO,1201.0,0.0,0,0.0,0.0,0.0,0,0.0,0.0,0.0
VISTA HERMOSA,1202.0,1.0,20360,0.7,0.0,0.0,0,0.0,0.0,0.0
EL TRIUNFO,1203.0,4.0,150408,7.0,0.0,0.0,0,0.0,0.0,0.0
INGAPI,1204.0,10.0,1540170,68.6,0.0,0.0,0,0.0,0.0,0.0
EL PORVENIR,1205.0,9.0,522142,23.799999999999997,0.0,0.0,0,0.0,0.0,0.0
SANTA ELENA,1206.0,10.0,750370,32.9,0.0,0.0,0,0.0,0.0,0.0
LA DELICIA,1207.0,7.0,405050,10.5,0.0,0.0,0,0.0,0.0,0.0
SANTA ROSA,1208.0,1.0,25421,1.4,0.0,0.0,0,0.0,0.0,0.0
MASHPI,1209.0,15.0,545996,23.8,0.0,0.0,0,0.0,0.0,0.0
PACTO CENTRO,1210.0,77.0,6175550,800.8,0.0,0.0,0,0.0,0.0,0.0
LA VICTORIA,1211.0,1.0,45797,2.1,0.0,0.0,0,0.0,0.0,0.0
TULIPE,1212.0,6.0,1032277,46.9,0.0,0.0,0,0.0,0.0,0.0
PACHIJAL,1213.0,43.0,1703121,74.89999999999999,0.0,0.0,0,0.0,0.0,0.0
NIEBLI,1214.0,2.0,133480,6.300000000000001,0.0,0.0,0,0.0,0.0,0.0
SANTA MARIANITA,1215.0,5.0,582927,24.5,0.0,0.0,0,0.0,0.0,0.0
LOS PUENTES,1216.0,3.0,75332,3.5,0.0,0.0,0,0.0,0.0,0.0
LOS REYES,1217.0,11.0,1654007,345.3,0.0,0.0,0,0.0,0.0,0.0
PAPATENA,1218.0,0.0,0,0.0,0.0,0.0,0,0.0,0.0,0.0
QUITSAYA,1219.0,0.0,0,0.0,0.0,0.0,0,0.0,0.0,0.0
AÑO NUEVO,1220.0,3.0,270050,293.0,0.0,0.0,0,0.0,0.0,0.0
LA RESURECCIÓN,1221.0,1.0,49188,408.0,0.0,0.0,0,0.0,0.0,0.0
MINAS CHUPA,1222.0,1.0,29339,1.4,0.0,0.0,0,0.0,0.0,0.0
SAN JOSÉ,1223.0,0.0,0,0.0,0.0,0.0,0,0.0,0.0,0.0
PULULAHUA,1224.0,7.0,2474689,15.4,0.0,0.0,0,0.0,0.0,0.0
NAVIDAD,1225.0,9.0,805037,564.0,0.0,0.0,0,0.0,0.0,0.0
CORPUS CRISTI,1226.0,5.0,257006,318.0,0.0,0.0,0,0.0,0.0,0.0
SAN BARTOLO,1227.0,6.0,10846056,16.1,0.0,0.0,0,0.0,0.0,0.0
SAN JUAN,1228.0,2.0,241264,40.0,0.0,0.0,0,0.0,0.0,0.0
PLAYA RICA,1229.0,5.0,296270,12.6,0.0,0.0,0,0.0,0.0,0.0
BELLAVISTA,1230.0,6.0,306173,11.899999999999999,0.0,0.0,0,0.0,0.0,0.0
PALMITO PAMBA,1231.0,14.0,3345764,58.8,0.0,0.0,0,0.0,0.0,0.0
CHACAPATA,1232.0,7.0,306791,12.6,0.0,0.0,0,0.0,0.0,0.0
YUNGUILLA,1233.0,5.0,753248,30.8,0.0,0.0,0,0.0,0.0,0.0
SAN PEDRO,1234.0,3.0,386015,15.399999999999999,0.0,0.0,0,0.0,0.0,0.0
EL NARANJAL,1235.0,1.0,81438,3.5,0.0,0.0,0,0.0,0.0,0.0
SAN FRANCISCO,1236.0,5.0,12130933,155.8,0.0,0.0,0,0.0,0.0,0.0
JEF RECAUDACIONES,1237.0,43.0,7391519,189.7,0.0,0.0,0,0.0,0.0,0.0
SANTA SEÑORA DEL PILAR,1238.0,99.0,8210270,365.7,0.0,0.0,0,0.0,0.0,0.0
ALCANTARILLA ALTA,1239.0,212.0,47888212,1872.2,0.0,0.0,0,0.0,0.0,0.0
LA MARCA,1240.0,35.0,5261879,93.39999999999999,0.0,0.0,0,0.0,0.0,0.0
URBANIZACIÓN LA MARCA,1241.0,97.0,8756353,141.9,0.0,0.0,0,0.0,0.0,0.0
CUIDAD MITAD DEL MUNDO,1242.0,28.0,8124774,206.0,0.0,0.0,0,0.0,0.0,0.0
SAN FRANCISCO,1243.0,344.0,67685419,3169.0,0.0,0.0,0,0.0,0.0,0.0
HUERTOS FAMILIARES HUASIPUNGO,1244.0,173.0,22577223,1104.1,0.0,0.0,0,0.0,0.0,0.0
SANTO DOMINGO.BAJO,1245.0,446.0,94458152,3292.1,0.0,0.0,0,0.0,0.0,0.0
CATEQUILLA,1246.0,4.0,208068,8.4,0.0,0.0,0,0.0,0.0,0.0
SANTO DOMINGO ALTO,1247.0,426.0,106859156,5944.0,0.0,0.0,0,0.0,0.0,0.0
SAN JUAN,1248.0,3.0,947544,39.9,0.0,0.0,0,0.0,0.0,0.0
LA FLORIDA,1249.0,4.0,128874,309.4,0.0,0.0,0,0.0,0.0,0.0
CABECERA PARROQUIAL NANEGAL,1250.0,17.0,1964963,499.4,0.0,0.0,0,0.0,0.0,0.0
SAN MIGUEL,1251.0,1.0,37224,9.0,0.0,0.0,0,0.0,0.0,0.0
LA DELICIA,1252.0,2.0,116737,4.9,0.0,0.0,0,0.0,0.0,0.0
LA FLORESTA,1253.0,1.0,259140,10.5,0.0,0.0,0,0.0,0.0,0.0
SAN ALFONSO,1254.0,0.0,0,0.0,0.0,0.0,0,0.0,0.0,0.0
EL GOLÁN,1255.0,1.0,59408,2.8,0.0,0.0,0,0.0,0.0,0.0
SAN RAMÓN,1256.0,3.0,475850,20.299999999999997,0.0,0.0,0,0.0,0.0,0.0
SAN CARLOS,1257.0,11.0,356631,16.099999999999998,0.0,0.0,0,0.0,0.0,0.0
MERIDIANO,1258.0,12.0,510667,22.4,0.0,0.0,0,0.0,0.0,0.0
COMUNA JATUMPAMBA,1259.0,3.0,114320,4.899999999999999,0.0,0.0,0,0.0,0.0,0.0
ALCHIPICHÍ,1260.0,81.0,12811558,660.7,0.0,0.0,0,0.0,0.0,0.0
RUMIPAMBA,1261.0,10.0,949716,39.9,0.0,0.0,0,0.0,0.0,0.0
MOJANDA GRANDE,1262.0,3.0,111518,4.899999999999999,0.0,0.0,0,0.0,0.0,0.0
PILGARÁN,1263.0,5.0,234366,11.2,0.0,0.0,0,0.0,0.0,0.0
COMUNA AMBUELA,1264.0,17.0,1123546,49.7,0.0,0.0,0,0.0,0.0,0.0
CHIMBO,1265.0,3.0,141136,5.599999999999998,0.0,0.0,0,0.0,0.0,0.0
SAN FRANCISCO,1266.0,11.0,350628,16.3,0.0,0.0,0,0.0,0.0,0.0
CENTRO DE CHAVEZPAMBA,1267.0,40.0,4000356,294.4,0.0,0.0,0,0.0,0.0,0.0
LA MERCED,1268.0,7.0,271198,12.6,0.0,0.0,0,0.0,0.0,0.0
PIGANTA,1269.0,9.0,6779620,281.4,0.0,0.0,0,0.0,0.0,0.0
SANTA ANITA,1270.0,34.0,3379970,217.6,0.0,0.0,0,0.0,0.0,0.0
SAN JOSÉ,1271.0,1.0,193223,9.1,0.0,0.0,0,0.0,0.0,0.0
LA CALERA,1272.0,9.0,327164,12.6,0.0,0.0,0,0.0,0.0,0.0
LA PLAYA,1273.0,0.0,0,0.0,0.0,0.0,0,0.0,0.0,0.0
LA CIÉNEGA,1274.0,42.0,3618939,169.5,0.0,0.0,0,0.0,0.0,0.0
PINLLIPUNGO,1275.0,2.0,88744,4.2,0.0,0.0,0,0.0,0.0,0.0
SAN LUIS DE ALOGUINCHO,1276.0,4.0,110600,4.9,0.0,0.0,0,0.0,0.0,0.0
SAN VICENTE,1277.0,2.0,69828,2.8,0.0,0.0,0,0.0,0.0,0.0
TÚQUERREZ,1278.0,25.0,3297056,193.2,0.0,0.0,0,0.0,0.0,0.0
LA MERCED,1279.0,62.0,11785718,429.4,0.0,0.0,0,0.0,0.0,0.0
PEDRO SAÁ,1280.0,48.0,3545993,288.0,0.0,0.0,0,0.0,0.0,0.0
CENTRO DE PINGUILLA,1281.0,4.0,222921,9.1,0.0,0.0,0,0.0,0.0,0.0
LOS ÓVALOS,1282.0,8.0,345781,20.9,0.0,0.0,0,0.0,0.0,0.0
SAN MIGUEL DE UYUMBUCO,1283.0,10.0,434749,18.9,0.0,0.0,0,0.0,0.0,0.0
SAN MIGUEL,1284.0,3.0,148232,2.1,0.0,0.0,0,0.0,0.0,0.0
LA CRUZ,1285.0,1.0,21131,0.7,0.0,0.0,0,0.0,0.0,0.0
CENTRO DE PUÉLLARO,1286.0,108.0,15771543,638.5,0.0,0.0,0,0.0,0.0,0.0
CENTRO DE ALOGUINCHO,1287.0,7.0,353000,400.6,0.0,0.0,0,0.0,0.0,0.0
EL MOYAL,1288.0,0.0,0,0.0,0.0,0.0,0,0.0,0.0,0.0
RUMISALTO,1289.0,1.0,33975,1.4,0.0,0.0,0,0.0,0.0,0.0
EL PROGRESO,1290.0,49.0,4982831,194.0,0.0,0.0,0,0.0,0.0,0.0
SAN VICENTE DE TINAJILLAS,1291.0,4.0,149225,6.3,0.0,0.0,0,0.0,0.0,0.0
LAS PALMERAS,1292.0,99.0,8478363,414.6,0.0,0.0,0,0.0,0.0,0.0
AGATO,1293.0,6.0,314208,14.7,0.0,0.0,0,0.0,0.0,0.0
COMUNA COYAGAL,1294.0,2.0,147772,7.0,0.0,0.0,0,0.0,0.0,0.0
LA FÁBRICA,1295.0,1.0,35280,1.4,0.0,0.0,0,0.0,0.0,0.0
LA LOMA,1296.0,2.0,163837,6.999999999999998,0.0,0.0,0,0.0,0.0,0.0
EL TRIUNFO,1297.0,77.0,10158991,303.0,0.0,0.0,0,0.0,0.0,0.0
EL ASTILLERO,1298.0,10.0,526451,21.699999999999996,0.0,0.0,0,0.0,0.0,0.0
MOJANDA CHICO,1299.0,1.0,21996,0.7,0.0,0.0,0,0.0,0.0,0.0
SANTA ROSA,1300.0,47.0,3024001,286.0,0.0,0.0,0,0.0,0.0,0.0
LA COCHA - ASCILLA,1301.0,2.0,107552,4.199999999999999,0.0,0.0,0,0.0,0.0,0.0
MORASCOCHA,1302.0,54.0,5257979,474.5,0.0,0.0,0,0.0,0.0,0.0
14 DE SEPTIEMBRE,1303.0,120.0,11282072,615.2,0.0,0.0,0,0.0,0.0,0.0
EL CENTRO,1304.0,118.0,9950021,461.0,0.0,0.0,0,0.0,0.0,0.0
RIGOBERTO HERRERA,1305.0,56.0,6638304,266.4,0.0,0.0,0,0.0,0.0,0.0
PANAMÁ,1306.0,32.0,2843589,170.0,0.0,0.0,0,0.0,0.0,0.0
SAN FRANCISCO,1307.0,77.0,13426691,623.8,0.0,0.0,0,0.0,0.0,0.0
