lon,lat,vs30,z1pt0,z2pt5,vs30measured,ampcode
-70.78,19.3556,507.49,219.89,0.96,1,noaf
-70.78,19.3601,507.49,219.89,0.96,1,noaf
-70.78,19.3646,551.93,170.4,0.87,1,noaf
-70.78,19.3691,551.93,170.4,0.87,1,noaf
-70.78,19.3736,544.78,177.86,0.89,1,noaf
-70.78,19.3781,544.78,177.86,0.89,1,noaf
-70.78,19.3826,370.44,390.84,1.38,1,noaf
-70.78,19.3871,370.44,390.84,1.38,1,noaf
-70.78,19.3916,569.14,153.31,0.84,1,noaf
-70.78,19.3961,551.27,171.08,0.88,1,noaf
-70.78,19.4006,551.27,171.08,0.88,1,noaf
-70.78,19.4051,413.96,338.27,1.22,1,noaf
-70.78,19.4096,413.96,338.27,1.22,1,noaf
-70.78,19.4141,377.98,382.17,1.35,1,noaf
-70.78,19.4186,377.98,382.17,1.35,1,noaf
-70.78,19.4231,386.22,372.45,1.32,1,noaf
-70.78,19.4276,386.22,372.45,1.32,1,noaf
-70.78,19.4321,360.53,401.89,1.42,1,noaf
-70.78,19.4366,360.53,401.89,1.42,1,noaf
-70.78,19.4411,377.23,383.05,1.35,1,noaf
-70.78,19.4456,377.23,383.05,1.35,1,noaf
-70.78,19.4501,348.26,414.96,1.48,1,noaf
-70.78,19.4546,324.75,437.89,1.61,1,noaf
-70.78,19.4591,324.75,437.89,1.61,1,noaf
-70.78,19.4636,352.65,410.36,1.46,1,noaf
-70.78,19.4681,352.65,410.36,1.46,1,noaf
-70.78,19.4726,359.73,402.76,1.43,1,noaf
-70.78,19.477,359.73,402.76,1.43,1,noaf
-70.78,19.4815,352.26,410.77,1.46,1,noaf
-70.78,19.486,352.26,410.77,1.46,1,noaf
-70.78,19.4905,336.58,426.71,1.54,1,noaf
-70.78,19.495,336.58,426.71,1.54,1,noaf
-70.78,19.4995,278.69,473.98,1.91,1,noaf
-70.78,19.504,278.69,473.98,1.91,1,noaf
-70.78,19.5085,292.63,464.33,1.81,1,noaf
-70.78,19.513,319.83,442.32,1.63,1,noaf
-70.78,19.5175,319.83,442.32,1.63,1,noaf
-70.78,19.522,336.8,426.49,1.54,1,noaf
-70.78,19.5265,336.8,426.49,1.54,1,noaf
-70.78,19.531,369.35,392.08,1.39,1,noaf
-70.78,19.5355,369.35,392.08,1.39,1,noaf
-70.78,19.54,406.18,348.04,1.24,1,noaf
-70.78,19.5445,406.18,348.04,1.24,1,noaf
-70.7752,19.3556,439.46,305.59,1.14,1,noaf
-70.7752,19.3601,439.46,305.59,1.14,1,noaf
-70.7752,19.3646,480.08,253.51,1.03,1,noaf
-70.7752,19.3691,480.08,253.51,1.03,1,noaf
-70.7752,19.3736,511.52,215.11,0.95,1,noaf
-70.7752,19.3781,511.52,215.11,0.95,1,noaf
-70.7752,19.3826,526.6,197.72,0.92,1,noaf
-70.7752,19.3871,526.6,197.72,0.92,1,noaf
-70.7752,19.3916,468.51,268.18,1.06,1,noaf
-70.7752,19.3961,402.12,353.1,1.26,1,noaf
-70.7752,19.4006,402.12,353.1,1.26,1,noaf
-70.7752,19.4051,287.53,467.99,1.84,1,noaf
-70.7752,19.4096,287.53,467.99,1.84,1,noaf
-70.7752,19.4141,368.92,392.57,1.39,1,noaf
-70.7752,19.4186,368.92,392.57,1.39,1,noaf
-70.7752,19.4231,368.49,393.05,1.39,1,noaf
-70.7752,19.4276,368.49,393.05,1.39,1,noaf
-70.7752,19.4321,346.04,417.24,1.49,1,noaf
-70.7752,19.4366,346.04,417.24,1.49,1,noaf
-70.7752,19.4411,335.3,427.95,1.55,1,noaf
-70.7752,19.4456,335.3,427.95,1.55,1,noaf
-70.7752,19.4501,324.14,438.44,1.61,1,noaf
-70.7752,19.4546,354.82,408.05,1.45,1,noaf
-70.7752,19.4591,354.82,408.05,1.45,1,noaf
-70.7752,19.4636,390.28,367.58,1.3,1,noaf
-70.7752,19.4681,390.28,367.58,1.3,1,noaf
-70.7752,19.4726,373.66,387.16,1.37,1,noaf
-70.7752,19.477,373.66,387.16,1.37,1,noaf
-70.7752,19.4815,309.54,451.14,1.7,1,noaf
-70.7752,19.486,309.54,451.14,1.7,1,noaf
-70.7752,19.4905,233.54,497.95,2.34,1,noaf
-70.7752,19.495,233.54,497.95,2.34,1,noaf
-70.7752,19.4995,291.05,465.48,1.82,1,noaf
-70.7752,19.504,291.05,465.48,1.82,1,noaf
-70.7752,19.5085,318.88,443.15,1.64,1,noaf
-70.7752,19.513,290.09,466.17,1.83,1,noaf
-70.7752,19.5175,290.09,466.17,1.83,1,noaf
-70.7752,19.522,298.98,459.57,1.76,1,noaf
-70.7752,19.5265,298.98,459.57,1.76,1,noaf
-70.7752,19.531,361.7,400.61,1.42,1,noaf
-70.7752,19.5355,361.7,400.61,1.42,1,noaf
-70.7752,19.54,381.98,377.49,1.33,1,noaf
-70.7752,19.5445,381.98,377.49,1.33,1,noaf
-70.7705,19.3556,559.27,162.96,0.86,1,noaf
-70.7705,19.3601,559.27,162.96,0.86,1,noaf
-70.7705,19.3646,529.63,194.34,0.92,1,noaf
-70.7705,19.3691,529.63,194.34,0.92,1,noaf
-70.7705,19.3736,471.77,264.03,1.05,1,noaf
-70.7705,19.3781,471.77,264.03,1.05,1,noaf
-70.7705,19.3826,403.09,351.9,1.25,1,noaf
-70.7705,19.3871,403.09,351.9,1.25,1,noaf
-70.7705,19.3916,460.01,279.07,1.08,1,noaf
-70.7705,19.3961,436.52,309.38,1.14,1,noaf
-70.7705,19.4006,436.52,309.38,1.14,1,noaf
-70.7705,19.4051,341.4,421.94,1.52,1,noaf
-70.7705,19.4096,341.4,421.94,1.52,1,noaf
-70.7705,19.4141,348.81,414.38,1.48,1,noaf
-70.7705,19.4186,348.81,414.38,1.48,1,noaf
-70.7705,19.4231,336.64,426.64,1.54,1,noaf
-70.7705,19.4276,336.64,426.64,1.54,1,noaf
-70.7705,19.4321,351.13,411.96,1.47,1,noaf
-70.7705,19.4366,351.13,411.96,1.47,1,noaf
-70.7705,19.4411,321.18,441.11,1.63,1,noaf
-70.7705,19.4456,321.18,441.11,1.63,1,noaf
-70.7705,19.4501,321.74,440.61,1.62,1,noaf
-70.7705,19.4546,371.83,389.26,1.37,1,noaf
-70.7705,19.4591,371.83,389.26,1.37,1,noaf
-70.7705,19.4636,336.04,427.23,1.54,1,noaf
-70.7705,19.4681,336.04,427.23,1.54,1,noaf
-70.7705,19.4726,287.93,467.71,1.84,1,noaf
-70.7705,19.477,287.93,467.71,1.84,1,noaf
-70.7705,19.4815,285.36,469.5,1.86,1,noaf
-70.7705,19.486,285.36,469.5,1.86,1,noaf
-70.7705,19.4905,317.14,444.67,1.65,1,noaf
-70.7705,19.495,317.14,444.67,1.65,1,noaf
-70.7705,19.4995,307.76,452.6,1.71,1,noaf
-70.7705,19.504,307.76,452.6,1.71,1,noaf
-70.7705,19.5085,295.0,462.58,1.79,1,noaf
-70.7705,19.513,282.82,471.23,1.88,1,noaf
-70.7705,19.5175,282.82,471.23,1.88,1,noaf
-70.7705,19.522,274.87,476.44,1.94,1,noaf
-70.7705,19.5265,274.87,476.44,1.94,1,noaf
-70.7705,19.531,331.5,431.6,1.57,1,noaf
-70.7705,19.5355,331.5,431.6,1.57,1,noaf
-70.7705,19.54,386.4,372.24,1.32,1,noaf
-70.7705,19.5445,386.4,372.24,1.32,1,noaf
-70.7657,19.3556,559.27,162.96,0.86,1,noaf
-70.7657,19.3601,559.27,162.96,0.86,1,noaf
-70.7657,19.3646,529.63,194.34,0.92,1,noaf
-70.7657,19.3691,529.63,194.34,0.92,1,noaf
-70.7657,19.3736,471.77,264.03,1.05,1,noaf
-70.7657,19.3781,471.77,264.03,1.05,1,noaf
-70.7657,19.3826,403.09,351.9,1.25,1,noaf
-70.7657,19.3871,403.09,351.9,1.25,1,noaf
-70.7657,19.3916,460.01,279.07,1.08,1,noaf
-70.7657,19.3961,436.52,309.38,1.14,1,noaf
-70.7657,19.4006,436.52,309.38,1.14,1,noaf
-70.7657,19.4051,341.4,421.94,1.52,1,noaf
-70.7657,19.4096,341.4,421.94,1.52,1,noaf
-70.7657,19.4141,348.81,414.38,1.48,1,noaf
-70.7657,19.4186,348.81,414.38,1.48,1,noaf
-70.7657,19.4231,336.64,426.64,1.54,1,noaf
-70.7657,19.4276,336.64,426.64,1.54,1,noaf
-70.7657,19.4321,351.13,411.96,1.47,1,noaf
-70.7657,19.4366,351.13,411.96,1.47,1,noaf
-70.7657,19.4411,321.18,441.11,1.63,1,noaf
-70.7657,19.4456,321.18,441.11,1.63,1,noaf
-70.7657,19.4501,321.74,440.61,1.62,1,noaf
-70.7657,19.4546,371.83,389.26,1.37,1,noaf
-70.7657,19.4591,371.83,389.26,1.37,1,noaf
-70.7657,19.4636,336.04,427.23,1.54,1,noaf
-70.7657,19.4681,336.04,427.23,1.54,1,noaf
-70.7657,19.4726,287.93,467.71,1.84,1,noaf
-70.7657,19.477,287.93,467.71,1.84,1,noaf
-70.7657,19.4815,285.36,469.5,1.86,1,noaf
-70.7657,19.486,285.36,469.5,1.86,1,noaf
-70.7657,19.4905,317.14,444.67,1.65,1,noaf
-70.7657,19.495,317.14,444.67,1.65,1,noaf
-70.7657,19.4995,307.76,452.6,1.71,1,noaf
-70.7657,19.504,307.76,452.6,1.71,1,noaf
-70.7657,19.5085,295.0,462.58,1.79,1,noaf
-70.7657,19.513,282.82,471.23,1.88,1,noaf
-70.7657,19.5175,282.82,471.23,1.88,1,noaf
-70.7657,19.522,274.87,476.44,1.94,1,noaf
-70.7657,19.5265,274.87,476.44,1.94,1,noaf
-70.7657,19.531,331.5,431.6,1.57,1,noaf
-70.7657,19.5355,331.5,431.6,1.57,1,noaf
-70.7657,19.54,386.4,372.24,1.32,1,noaf
-70.7657,19.5445,386.4,372.24,1.32,1,noaf
-70.7609,19.3556,464.14,273.77,1.07,1,noaf
-70.7609,19.3601,464.14,273.77,1.07,1,noaf
-70.7609,19.3646,459.87,279.26,1.08,1,noaf
-70.7609,19.3691,459.87,279.26,1.08,1,noaf
-70.7609,19.3736,399.39,356.47,1.27,1,noaf
-70.7609,19.3781,399.39,356.47,1.27,1,noaf
-70.7609,19.3826,373.33,387.55,1.37,1,noaf
-70.7609,19.3871,373.33,387.55,1.37,1,noaf
-70.7609,19.3916,351.77,411.29,1.46,1,noaf
-70.7609,19.3961,413.88,338.36,1.22,1,noaf
-70.7609,19.4006,413.88,338.36,1.22,1,noaf
-70.7609,19.4051,432.84,314.13,1.16,1,noaf
-70.7609,19.4096,432.84,314.13,1.16,1,noaf
-70.7609,19.4141,387.24,371.23,1.31,1,noaf
-70.7609,19.4186,387.24,371.23,1.31,1,noaf
-70.7609,19.4231,319.44,442.66,1.64,1,noaf
-70.7609,19.4276,319.44,442.66,1.64,1,noaf
-70.7609,19.4321,315.31,446.26,1.66,1,noaf
-70.7609,19.4366,315.31,446.26,1.66,1,noaf
-70.7609,19.4411,346.17,417.11,1.49,1,noaf
-70.7609,19.4456,346.17,417.11,1.49,1,noaf
-70.7609,19.4501,362.34,399.9,1.42,1,noaf
-70.7609,19.4546,250.6,490.15,2.16,1,noaf
-70.7609,19.4591,250.6,490.15,2.16,1,noaf
-70.7609,19.4636,360.8,401.59,1.42,1,noaf
-70.7609,19.4681,360.8,401.59,1.42,1,noaf
-70.7609,19.4726,417.09,334.3,1.21,1,noaf
-70.7609,19.477,417.09,334.3,1.21,1,noaf
-70.7609,19.4815,355.23,407.61,1.45,1,noaf
-70.7609,19.486,355.23,407.61,1.45,1,noaf
-70.7609,19.4905,297.61,460.61,1.77,1,noaf
-70.7609,19.495,297.61,460.61,1.77,1,noaf
-70.7609,19.4995,287.67,467.89,1.84,1,noaf
-70.7609,19.504,287.67,467.89,1.84,1,noaf
-70.7609,19.5085,284.02,470.42,1.87,1,noaf
-70.7609,19.513,296.46,461.48,1.78,1,noaf
-70.7609,19.5175,296.46,461.48,1.78,1,noaf
-70.7609,19.522,298.99,459.56,1.76,1,noaf
-70.7609,19.5265,298.99,459.56,1.76,1,noaf
-70.7609,19.531,287.24,468.19,1.85,1,noaf
-70.7609,19.5355,287.24,468.19,1.85,1,noaf
-70.7609,19.54,390.1,367.8,1.3,1,noaf
-70.7609,19.5445,390.1,367.8,1.3,1,noaf
-70.7562,19.3556,464.14,273.77,1.07,1,noaf
-70.7562,19.3601,464.14,273.77,1.07,1,noaf
-70.7562,19.3646,459.87,279.26,1.08,1,noaf
-70.7562,19.3691,459.87,279.26,1.08,1,noaf
-70.7562,19.3736,399.39,356.47,1.27,1,noaf
-70.7562,19.3781,399.39,356.47,1.27,1,noaf
-70.7562,19.3826,373.33,387.55,1.37,1,noaf
-70.7562,19.3871,373.33,387.55,1.37,1,noaf
-70.7562,19.3916,351.77,411.29,1.46,1,noaf
-70.7562,19.3961,413.88,338.36,1.22,1,noaf
-70.7562,19.4006,413.88,338.36,1.22,1,noaf
-70.7562,19.4051,432.84,314.13,1.16,1,noaf
-70.7562,19.4096,432.84,314.13,1.16,1,noaf
-70.7562,19.4141,800.0,31.0701,0.5722,1,zo_0
-70.7562,19.4186,800.0,31.0701,0.5722,1,zo_0
-70.7562,19.4231,800.0,31.0701,0.5722,1,zo_0
-70.7562,19.4276,800.0,31.0701,0.5722,1,zo_5
-70.7562,19.4321,800.0,31.0701,0.5722,1,zo_5
-70.7562,19.4366,800.0,31.0701,0.5722,1,zo_0
-70.7562,19.4411,800.0,31.0701,0.5722,1,zo_0
-70.7562,19.4456,800.0,31.0701,0.5722,1,zo_2
-70.7562,19.4501,800.0,31.0701,0.5722,1,zo_0
-70.7562,19.4546,800.0,31.0701,0.5722,1,zo_3
-70.7562,19.4591,800.0,31.0701,0.5722,1,zo_2
-70.7562,19.4636,800.0,31.0701,0.5722,1,zo_0
-70.7562,19.4681,800.0,31.0701,0.5722,1,zo_0
-70.7562,19.4726,800.0,31.0701,0.5722,1,zo_0
-70.7562,19.477,800.0,31.0701,0.5722,1,zo_0
-70.7562,19.4815,800.0,31.0701,0.5722,1,zo_2
-70.7562,19.486,800.0,31.0701,0.5722,1,zo_2
-70.7562,19.4905,800.0,31.0701,0.5722,1,zo_2
-70.7562,19.495,800.0,31.0701,0.5722,1,zo_2
-70.7562,19.4995,800.0,31.0701,0.5722,1,zo_2
-70.7561,19.504,287.67,467.89,1.84,1,noaf
-70.7561,19.5085,284.02,470.42,1.87,1,noaf
-70.7561,19.513,296.46,461.48,1.78,1,noaf
-70.7561,19.5175,296.46,461.48,1.78,1,noaf
-70.7561,19.522,298.99,459.56,1.76,1,noaf
-70.7561,19.5265,298.99,459.56,1.76,1,noaf
-70.7561,19.531,287.24,468.19,1.85,1,noaf
-70.7561,19.5355,287.24,468.19,1.85,1,noaf
-70.7561,19.54,390.1,367.8,1.3,1,noaf
-70.7561,19.5445,390.1,367.8,1.3,1,noaf
-70.7514,19.3556,430.15,317.6,1.16,1,noaf
-70.7514,19.3601,430.15,317.6,1.16,1,noaf
-70.7514,19.3646,372.46,388.54,1.37,1,noaf
-70.7514,19.3691,372.46,388.54,1.37,1,noaf
-70.7514,19.3736,328.05,434.84,1.59,1,noaf
-70.7514,19.3781,328.05,434.84,1.59,1,noaf
-70.7514,19.3826,368.22,393.36,1.39,1,noaf
-70.7514,19.3871,368.22,393.36,1.39,1,noaf
-70.7514,19.3916,379.88,379.95,1.34,1,noaf
-70.7514,19.3961,328.57,434.36,1.58,1,noaf
-70.7514,19.4006,328.57,434.36,1.58,1,noaf
-70.7514,19.4051,358.76,403.81,1.43,1,noaf
-70.7514,19.4096,358.76,403.81,1.43,1,noaf
-70.7514,19.4141,800.0,31.0701,0.5722,1,zo_0
-70.7514,19.4186,800.0,31.0701,0.5722,1,zo_0
-70.7514,19.4231,800.0,31.0701,0.5722,1,zo_5
-70.7514,19.4276,800.0,31.0701,0.5722,1,zo_5
-70.7514,19.4321,800.0,31.0701,0.5722,1,zo_0
-70.7514,19.4366,800.0,31.0701,0.5722,1,zo_0
-70.7514,19.4411,800.0,31.0701,0.5722,1,zo_0
-70.7514,19.4456,800.0,31.0701,0.5722,1,zo_0
-70.7514,19.4501,800.0,31.0701,0.5722,1,zo_2
-70.7514,19.4546,800.0,31.0701,0.5722,1,zo_2
-70.7514,19.4591,800.0,31.0701,0.5722,1,zo_5
-70.7514,19.4636,800.0,31.0701,0.5722,1,zo_0
-70.7514,19.4681,800.0,31.0701,0.5722,1,zo_2
-70.7514,19.4726,800.0,31.0701,0.5722,1,zo_2
-70.7514,19.477,800.0,31.0701,0.5722,1,zo_0
-70.7514,19.4815,800.0,31.0701,0.5722,1,zo_0
-70.7514,19.486,800.0,31.0701,0.5722,1,zo_2
-70.7514,19.4905,800.0,31.0701,0.5722,1,zo_2
-70.7514,19.495,800.0,31.0701,0.5722,1,zo_2
-70.7514,19.4995,800.0,31.0701,0.5722,1,zo_6
-70.7514,19.504,279.64,473.36,1.9,1,noaf
-70.7514,19.5085,293.05,464.02,1.81,1,noaf
-70.7514,19.513,314.68,446.8,1.66,1,noaf
-70.7514,19.5175,314.68,446.8,1.66,1,noaf
-70.7514,19.522,322.97,439.51,1.62,1,noaf
-70.7514,19.5265,322.97,439.51,1.62,1,noaf
-70.7514,19.531,305.84,454.16,1.72,1,noaf
-70.7514,19.5355,305.84,454.16,1.72,1,noaf
-70.7514,19.54,468.16,268.63,1.06,1,noaf
-70.7514,19.5445,468.16,268.63,1.06,1,noaf
-70.7466,19.3556,430.15,317.6,1.16,1,noaf
-70.7466,19.3601,430.15,317.6,1.16,1,noaf
-70.7466,19.3646,372.46,388.54,1.37,1,noaf
-70.7466,19.3691,372.46,388.54,1.37,1,noaf
-70.7466,19.3736,328.05,434.84,1.59,1,noaf
-70.7466,19.3781,328.05,434.84,1.59,1,noaf
-70.7466,19.3826,368.22,393.36,1.39,1,noaf
-70.7466,19.3871,368.22,393.36,1.39,1,noaf
-70.7466,19.3916,379.88,379.95,1.34,1,noaf
-70.7466,19.3961,328.57,434.36,1.58,1,noaf
-70.7466,19.4006,328.57,434.36,1.58,1,noaf
-70.7466,19.4051,358.76,403.81,1.43,1,noaf
-70.7466,19.4096,358.76,403.81,1.43,1,noaf
-70.7466,19.4141,800.0,31.0701,0.5722,1,zo_0
-70.7466,19.4186,800.0,31.0701,0.5722,1,zo_0
-70.7466,19.4231,800.0,31.0701,0.5722,1,zo_5
-70.7466,19.4276,800.0,31.0701,0.5722,1,zo_0
-70.7466,19.4321,800.0,31.0701,0.5722,1,zo_0
-70.7466,19.4366,800.0,31.0701,0.5722,1,zo_0
-70.7466,19.4411,800.0,31.0701,0.5722,1,zo_0
-70.7466,19.4456,800.0,31.0701,0.5722,1,zo_0
-70.7466,19.4501,800.0,31.0701,0.5722,1,zo_0
-70.7466,19.4546,800.0,31.0701,0.5722,1,zo_3
-70.7466,19.4591,800.0,31.0701,0.5722,1,zo_5
-70.7466,19.4636,800.0,31.0701,0.5722,1,zo_5
-70.7466,19.4681,800.0,31.0701,0.5722,1,zo_0
-70.7466,19.4726,800.0,31.0701,0.5722,1,zo_0
-70.7466,19.477,800.0,31.0701,0.5722,1,zo_0
-70.7466,19.4815,800.0,31.0701,0.5722,1,zo_0
-70.7466,19.486,800.0,31.0701,0.5722,1,zo_2
-70.7466,19.4905,800.0,31.0701,0.5722,1,zo_2
-70.7466,19.495,800.0,31.0701,0.5722,1,zo_6
-70.7466,19.4995,800.0,31.0701,0.5722,1,zo_6
-70.7466,19.504,279.64,473.36,1.9,1,noaf
-70.7466,19.5085,293.05,464.02,1.81,1,noaf
-70.7466,19.513,314.68,446.8,1.66,1,noaf
-70.7466,19.5175,314.68,446.8,1.66,1,noaf
-70.7466,19.522,322.97,439.51,1.62,1,noaf
-70.7466,19.5265,322.97,439.51,1.62,1,noaf
-70.7466,19.531,305.84,454.16,1.72,1,noaf
-70.7466,19.5355,305.84,454.16,1.72,1,noaf
-70.7466,19.54,468.16,268.63,1.06,1,noaf
-70.7466,19.5445,468.16,268.63,1.06,1,noaf
-70.7419,19.3556,416.2,335.43,1.21,1,noaf
-70.7419,19.3601,416.2,335.43,1.21,1,noaf
-70.7419,19.3646,463.02,275.21,1.07,1,noaf
-70.7419,19.3691,463.02,275.21,1.07,1,noaf
-70.7419,19.3736,398.85,357.13,1.27,1,noaf
-70.7419,19.3781,398.85,357.13,1.27,1,noaf
-70.7419,19.3826,386.23,372.44,1.32,1,noaf
-70.7419,19.3871,386.23,372.44,1.32,1,noaf
-70.7419,19.3916,385.05,373.85,1.32,1,noaf
-70.7419,19.3961,347.55,415.68,1.49,1,noaf
-70.7419,19.4006,347.55,415.68,1.49,1,noaf
-70.7419,19.4051,289.19,466.81,1.83,1,noaf
-70.7419,19.4096,289.19,466.81,1.83,1,noaf
-70.7419,19.4141,800.0,31.0701,0.5722,1,zo_0
-70.7419,19.4186,800.0,31.0701,0.5722,1,zo_0
-70.7419,19.4231,800.0,31.0701,0.5722,1,zo_0
-70.7419,19.4276,800.0,31.0701,0.5722,1,zo_0
-70.7419,19.4321,800.0,31.0701,0.5722,1,zo_0
-70.7419,19.4366,800.0,31.0701,0.5722,1,zo_0
-70.7419,19.4411,800.0,31.0701,0.5722,1,zo_0
-70.7419,19.4456,800.0,31.0701,0.5722,1,zo_2
-70.7419,19.4501,800.0,31.0701,0.5722,1,zo_0
-70.7419,19.4546,800.0,31.0701,0.5722,1,zo_3
-70.7419,19.4591,800.0,31.0701,0.5722,1,zo_2
-70.7418,19.4636,800.0,31.0701,0.5722,1,zo_0
-70.7418,19.4681,800.0,31.0701,0.5722,1,zo_0
-70.7418,19.4726,800.0,31.0701,0.5722,1,zo_0
-70.7418,19.477,800.0,31.0701,0.5722,1,zo_0
-70.7418,19.4815,800.0,31.0701,0.5722,1,zo_0
-70.7418,19.486,800.0,31.0701,0.5722,1,zo_0
-70.7418,19.4905,800.0,31.0701,0.5722,1,zo_0
-70.7418,19.495,800.0,31.0701,0.5722,1,zo_6
-70.7418,19.4995,800.0,31.0701,0.5722,1,zo_6
-70.7418,19.504,293.69,463.55,1.8,1,noaf
-70.7418,19.5085,308.99,451.59,1.7,1,noaf
-70.7418,19.513,327.25,435.59,1.59,1,noaf
-70.7418,19.5175,327.25,435.59,1.59,1,noaf
-70.7418,19.522,338.06,425.26,1.53,1,noaf
-70.7418,19.5265,338.06,425.26,1.53,1,noaf
-70.7418,19.531,365.45,396.45,1.4,1,noaf
-70.7418,19.5355,365.45,396.45,1.4,1,noaf
-70.7418,19.54,581.44,141.87,0.82,1,noaf
-70.7418,19.5445,581.44,141.87,0.82,1,noaf
-70.7371,19.3556,440.06,304.82,1.13,1,noaf
-70.7371,19.3601,440.06,304.82,1.13,1,noaf
-70.7371,19.3646,420.83,329.53,1.19,1,noaf
-70.7371,19.3691,420.83,329.53,1.19,1,noaf
-70.7371,19.3736,444.65,298.89,1.12,1,noaf
-70.7371,19.3781,444.65,298.89,1.12,1,noaf
-70.7371,19.3826,439.05,306.13,1.14,1,noaf
-70.7371,19.3871,439.05,306.13,1.14,1,noaf
-70.7371,19.3916,384.59,374.39,1.32,1,noaf
-70.7371,19.3961,358.13,404.5,1.44,1,noaf
-70.7371,19.4006,358.13,404.5,1.44,1,noaf
-70.7371,19.4051,357.55,405.13,1.44,1,noaf
-70.7371,19.4096,357.55,405.13,1.44,1,noaf
-70.7371,19.4141,800.0,31.0701,0.5722,1,zo_0
-70.7371,19.4186,800.0,31.0701,0.5722,1,zo_0
-70.7371,19.4231,800.0,31.0701,0.5722,1,zo_0
-70.7371,19.4276,800.0,31.0701,0.5722,1,zo_0
-70.7371,19.4321,800.0,31.0701,0.5722,1,zo_0
-70.7371,19.4366,800.0,31.0701,0.5722,1,zo_0
-70.7371,19.4411,800.0,31.0701,0.5722,1,zo_0
-70.7371,19.4456,800.0,31.0701,0.5722,1,zo_0
-70.7371,19.4501,800.0,31.0701,0.5722,1,zo_0
-70.7371,19.4546,800.0,31.0701,0.5722,1,zo_2
-70.7371,19.4591,800.0,31.0701,0.5722,1,zo_2
-70.7371,19.4636,800.0,31.0701,0.5722,1,zo_2
-70.7371,19.4681,800.0,31.0701,0.5722,1,zo_0
-70.7371,19.4726,800.0,31.0701,0.5722,1,zo_0
-70.7371,19.477,800.0,31.0701,0.5722,1,zo_0
-70.7371,19.4815,800.0,31.0701,0.5722,1,zo_0
-70.7371,19.486,800.0,31.0701,0.5722,1,zo_0
-70.7371,19.4905,800.0,31.0701,0.5722,1,zo_6
-70.7371,19.495,800.0,31.0701,0.5722,1,zo_6
-70.7371,19.4995,800.0,31.0701,0.5722,1,zo_6
-70.7371,19.504,292.47,464.44,1.81,1,noaf
-70.7371,19.5085,312.67,448.51,1.68,1,noaf
-70.7371,19.513,332.04,431.08,1.56,1,noaf
-70.7371,19.5175,332.04,431.08,1.56,1,noaf
-70.7371,19.522,352.91,410.08,1.46,1,noaf
-70.7371,19.5265,352.91,410.08,1.46,1,noaf
-70.7371,19.531,455.0,285.53,1.09,1,noaf
-70.7371,19.5355,455.0,285.53,1.09,1,noaf
-70.7371,19.54,719.17,55.27,0.65,1,noaf
-70.7371,19.5445,719.17,55.27,0.65,1,noaf
-70.7323,19.3556,440.06,304.82,1.13,1,noaf
-70.7323,19.3601,440.06,304.82,1.13,1,noaf
-70.7323,19.3646,420.83,329.53,1.19,1,noaf
-70.7323,19.3691,420.83,329.53,1.19,1,noaf
-70.7323,19.3736,444.65,298.89,1.12,1,noaf
-70.7323,19.3781,444.65,298.89,1.12,1,noaf
-70.7323,19.3826,439.05,306.13,1.14,1,noaf
-70.7323,19.3871,439.05,306.13,1.14,1,noaf
-70.7323,19.3916,384.59,374.39,1.32,1,noaf
-70.7323,19.3961,358.13,404.5,1.44,1,noaf
-70.7323,19.4006,358.13,404.5,1.44,1,noaf
-70.7323,19.4051,357.55,405.13,1.44,1,noaf
-70.7323,19.4096,357.55,405.13,1.44,1,noaf
-70.7323,19.4141,800.0,31.0701,0.5722,1,zo_5
-70.7323,19.4186,800.0,31.0701,0.5722,1,zo_0
-70.7323,19.4231,800.0,31.0701,0.5722,1,zo_0
-70.7323,19.4276,800.0,31.0701,0.5722,1,zo_0
-70.7323,19.4321,800.0,31.0701,0.5722,1,zo_0
-70.7323,19.4366,800.0,31.0701,0.5722,1,zo_0
-70.7323,19.4411,800.0,31.0701,0.5722,1,zo_5
-70.7323,19.4456,800.0,31.0701,0.5722,1,zo_0
-70.7323,19.4501,800.0,31.0701,0.5722,1,zo_2
-70.7323,19.4546,800.0,31.0701,0.5722,1,zo_3
-70.7323,19.4591,800.0,31.0701,0.5722,1,zo_2
-70.7323,19.4636,800.0,31.0701,0.5722,1,zo_2
-70.7323,19.4681,800.0,31.0701,0.5722,1,zo_2
-70.7323,19.4726,800.0,31.0701,0.5722,1,zo_0
-70.7323,19.477,800.0,31.0701,0.5722,1,zo_0
-70.7323,19.4815,800.0,31.0701,0.5722,1,zo_0
-70.7323,19.486,800.0,31.0701,0.5722,1,zo_6
-70.7323,19.4905,800.0,31.0701,0.5722,1,zo_6
-70.7323,19.495,800.0,31.0701,0.5722,1,zo_6
-70.7323,19.4995,800.0,31.0701,0.5722,1,zo_6
-70.7323,19.504,292.47,464.44,1.81,1,noaf
-70.7323,19.5085,312.67,448.51,1.68,1,noaf
-70.7323,19.513,332.04,431.08,1.56,1,noaf
-70.7323,19.5175,332.04,431.08,1.56,1,noaf
-70.7323,19.522,352.91,410.08,1.46,1,noaf
-70.7323,19.5265,352.91,410.08,1.46,1,noaf
-70.7323,19.531,455.0,285.53,1.09,1,noaf
-70.7323,19.5355,455.0,285.53,1.09,1,noaf
-70.7323,19.54,719.17,55.27,0.65,1,noaf
-70.7323,19.5445,719.17,55.27,0.65,1,noaf
-70.7276,19.3556,495.34,234.56,0.99,1,noaf
-70.7276,19.3601,495.34,234.56,0.99,1,noaf
-70.7276,19.3646,277.41,474.81,1.92,1,noaf
-70.7276,19.3691,277.41,474.81,1.92,1,noaf
-70.7276,19.3736,488.1,243.49,1.01,1,noaf
-70.7276,19.3781,488.1,243.49,1.01,1,noaf
-70.7276,19.3826,467.06,270.03,1.06,1,noaf
-70.7276,19.3871,467.06,270.03,1.06,1,noaf
-70.7276,19.3916,381.44,378.12,1.34,1,noaf
-70.7276,19.3961,383.79,375.34,1.33,1,noaf
-70.7276,19.4006,383.79,375.34,1.33,1,noaf
-70.7276,19.4051,390.05,367.85,1.3,1,noaf
-70.7276,19.4096,390.05,367.85,1.3,1,noaf
-70.7276,19.4141,800.0,31.0701,0.5722,1,zo_0
-70.7276,19.4186,800.0,31.0701,0.5722,1,zo_0
-70.7276,19.4231,800.0,31.0701,0.5722,1,zo_0
-70.7276,19.4276,800.0,31.0701,0.5722,1,zo_0
-70.7276,19.4321,800.0,31.0701,0.5722,1,zo_0
-70.7276,19.4366,800.0,31.0701,0.5722,1,zo_0
-70.7275,19.4411,800.0,31.0701,0.5722,1,zo_5
-70.7275,19.4456,800.0,31.0701,0.5722,1,zo_0
-70.7275,19.4501,800.0,31.0701,0.5722,1,zo_2
-70.7275,19.4546,800.0,31.0701,0.5722,1,zo_2
-70.7275,19.4591,800.0,31.0701,0.5722,1,zo_2
-70.7275,19.4636,800.0,31.0701,0.5722,1,zo_3
-70.7275,19.4681,800.0,31.0701,0.5722,1,zo_2
-70.7275,19.4726,800.0,31.0701,0.5722,1,zo_2
-70.7275,19.477,800.0,31.0701,0.5722,1,zo_0
-70.7275,19.4815,800.0,31.0701,0.5722,1,zo_0
-70.7275,19.486,800.0,31.0701,0.5722,1,zo_6
-70.7275,19.4905,800.0,31.0701,0.5722,1,zo_6
-70.7275,19.495,800.0,31.0701,0.5722,1,zo_6
-70.7275,19.4995,800.0,31.0701,0.5722,1,zo_6
-70.7275,19.504,279.95,473.16,1.9,1,noaf
-70.7275,19.5085,322.21,440.19,1.62,1,noaf
-70.7275,19.513,333.8,429.4,1.56,1,noaf
-70.7275,19.5175,333.8,429.4,1.56,1,noaf
-70.7275,19.522,366.34,395.47,1.4,1,noaf
-70.7275,19.5265,366.34,395.47,1.4,1,noaf
-70.7275,19.531,517.71,207.89,0.94,1,noaf
-70.7275,19.5355,517.71,207.89,0.94,1,noaf
-70.7275,19.54,846.05,22.46,0.54,1,noaf
-70.7275,19.5445,846.05,22.46,0.54,1,noaf
-70.7228,19.3556,495.34,234.56,0.99,1,noaf
-70.7228,19.3601,495.34,234.56,0.99,1,noaf
-70.7228,19.3646,277.41,474.81,1.92,1,noaf
-70.7228,19.3691,277.41,474.81,1.92,1,noaf
-70.7228,19.3736,488.1,243.49,1.01,1,noaf
-70.7228,19.3781,488.1,243.49,1.01,1,noaf
-70.7228,19.3826,467.06,270.03,1.06,1,noaf
-70.7228,19.3871,467.06,270.03,1.06,1,noaf
-70.7228,19.3916,381.44,378.12,1.34,1,noaf
-70.7228,19.3961,383.79,375.34,1.33,1,noaf
-70.7228,19.4006,383.79,375.34,1.33,1,noaf
-70.7228,19.4051,390.05,367.85,1.3,1,noaf
-70.7228,19.4096,390.05,367.85,1.3,1,noaf
-70.7228,19.4141,800.0,31.0701,0.5722,1,zo_0
-70.7228,19.4186,800.0,31.0701,0.5722,1,zo_0
-70.7228,19.4231,800.0,31.0701,0.5722,1,zo_0
-70.7228,19.4276,800.0,31.0701,0.5722,1,zo_0
-70.7228,19.4321,800.0,31.0701,0.5722,1,zo_5
-70.7228,19.4366,800.0,31.0701,0.5722,1,zo_0
-70.7228,19.4411,800.0,31.0701,0.5722,1,zo_5
-70.7228,19.4456,800.0,31.0701,0.5722,1,zo_0
-70.7228,19.4501,800.0,31.0701,0.5722,1,zo_0
-70.7228,19.4546,800.0,31.0701,0.5722,1,zo_2
-70.7228,19.4591,800.0,31.0701,0.5722,1,zo_2
-70.7228,19.4636,800.0,31.0701,0.5722,1,zo_3
-70.7228,19.4681,800.0,31.0701,0.5722,1,zo_3
-70.7228,19.4726,800.0,31.0701,0.5722,1,zo_2
-70.7228,19.477,800.0,31.0701,0.5722,1,zo_2
-70.7228,19.4815,800.0,31.0701,0.5722,1,zo_6
-70.7228,19.486,800.0,31.0701,0.5722,1,zo_6
-70.7228,19.4905,800.0,31.0701,0.5722,1,zo_6
-70.7228,19.495,800.0,31.0701,0.5722,1,zo_6
-70.7228,19.4995,800.0,31.0701,0.5722,1,zo_6
-70.7228,19.504,279.95,473.16,1.9,1,noaf
-70.7228,19.5085,322.21,440.19,1.62,1,noaf
-70.7228,19.513,333.8,429.4,1.56,1,noaf
-70.7228,19.5175,333.8,429.4,1.56,1,noaf
-70.7228,19.522,366.34,395.47,1.4,1,noaf
-70.7227,19.5265,366.34,395.47,1.4,1,noaf
-70.7227,19.531,517.71,207.89,0.94,1,noaf
-70.7227,19.5355,517.71,207.89,0.94,1,noaf
-70.7227,19.54,846.05,22.46,0.54,1,noaf
-70.7227,19.5445,846.05,22.46,0.54,1,noaf
-70.718,19.3556,484.75,247.66,1.02,1,noaf
-70.718,19.3601,484.75,247.66,1.02,1,noaf
-70.718,19.3646,321.75,440.6,1.62,1,noaf
-70.718,19.3691,321.75,440.6,1.62,1,noaf
-70.718,19.3736,512.42,214.06,0.95,1,noaf
-70.718,19.3781,512.42,214.06,0.95,1,noaf
-70.718,19.3826,424.22,325.2,1.18,1,noaf
-70.718,19.3871,424.22,325.2,1.18,1,noaf
-70.718,19.3916,339.59,423.75,1.53,1,noaf
-70.718,19.3961,347.3,415.95,1.49,1,noaf
-70.718,19.4006,347.3,415.95,1.49,1,noaf
-70.718,19.4051,232.45,498.4,2.35,1,noaf
-70.718,19.4096,232.45,498.4,2.35,1,noaf
-70.718,19.4141,800.0,31.0701,0.5722,1,zo_5
-70.718,19.4186,800.0,31.0701,0.5722,1,zo_0
-70.718,19.4231,800.0,31.0701,0.5722,1,zo_0
-70.718,19.4276,800.0,31.0701,0.5722,1,zo_5
-70.718,19.4321,800.0,31.0701,0.5722,1,zo_5
-70.718,19.4366,800.0,31.0701,0.5722,1,zo_0
-70.718,19.4411,800.0,31.0701,0.5722,1,zo_5
-70.718,19.4456,800.0,31.0701,0.5722,1,zo_0
-70.718,19.4501,800.0,31.0701,0.5722,1,zo_0
-70.718,19.4546,800.0,31.0701,0.5722,1,zo_2
-70.718,19.4591,800.0,31.0701,0.5722,1,zo_2
-70.718,19.4636,800.0,31.0701,0.5722,1,zo_3
-70.718,19.4681,800.0,31.0701,0.5722,1,zo_3
-70.718,19.4726,800.0,31.0701,0.5722,1,zo_0
-70.718,19.477,800.0,31.0701,0.5722,1,zo_0
-70.718,19.4815,800.0,31.0701,0.5722,1,zo_0
-70.718,19.486,800.0,31.0701,0.5722,1,zo_6
-70.718,19.4905,800.0,31.0701,0.5722,1,zo_6
-70.718,19.495,800.0,31.0701,0.5722,1,zo_1
-70.718,19.4995,800.0,31.0701,0.5722,1,zo_6
-70.718,19.504,308.91,451.66,1.7,1,noaf
-70.718,19.5085,333.38,429.8,1.56,1,noaf
-70.718,19.513,348.35,414.86,1.48,1,noaf
-70.718,19.5175,348.35,414.86,1.48,1,noaf
-70.718,19.522,390.83,366.92,1.3,1,noaf
-70.718,19.5265,390.83,366.92,1.3,1,noaf
-70.718,19.531,560.43,161.81,0.86,1,noaf
-70.718,19.5355,560.43,161.81,0.86,1,noaf
-70.718,19.54,900.0,15.46,0.5,1,noaf
-70.718,19.5445,900.0,15.46,0.5,1,noaf
-70.7133,19.3556,484.75,247.66,1.02,1,noaf
-70.7133,19.3601,484.75,247.66,1.02,1,noaf
-70.7133,19.3646,321.75,440.6,1.62,1,noaf
-70.7133,19.3691,321.75,440.6,1.62,1,noaf
-70.7133,19.3736,512.42,214.06,0.95,1,noaf
-70.7133,19.3781,512.42,214.06,0.95,1,noaf
-70.7133,19.3826,424.22,325.2,1.18,1,noaf
-70.7133,19.3871,424.22,325.2,1.18,1,noaf
-70.7133,19.3916,339.59,423.75,1.53,1,noaf
-70.7133,19.3961,347.3,415.95,1.49,1,noaf
-70.7133,19.4006,347.3,415.95,1.49,1,noaf
-70.7133,19.4051,232.45,498.4,2.35,1,noaf
-70.7133,19.4096,232.45,498.4,2.35,1,noaf
-70.7133,19.4141,800.0,31.0701,0.5722,1,zo_3
-70.7133,19.4186,800.0,31.0701,0.5722,1,zo_3
-70.7133,19.4231,800.0,31.0701,0.5722,1,zo_5
-70.7133,19.4276,800.0,31.0701,0.5722,1,zo_0
-70.7132,19.4321,800.0,31.0701,0.5722,1,zo_5
-70.7132,19.4366,800.0,31.0701,0.5722,1,zo_0
-70.7132,19.4411,800.0,31.0701,0.5722,1,zo_0
-70.7132,19.4456,800.0,31.0701,0.5722,1,zo_0
-70.7132,19.4501,800.0,31.0701,0.5722,1,zo_2
-70.7132,19.4546,800.0,31.0701,0.5722,1,zo_2
-70.7132,19.4591,800.0,31.0701,0.5722,1,zo_3
-70.7132,19.4636,800.0,31.0701,0.5722,1,zo_3
-70.7132,19.4681,800.0,31.0701,0.5722,1,zo_3
-70.7132,19.4726,800.0,31.0701,0.5722,1,zo_6
-70.7132,19.477,800.0,31.0701,0.5722,1,zo_6
-70.7132,19.4815,800.0,31.0701,0.5722,1,zo_6
-70.7132,19.486,800.0,31.0701,0.5722,1,zo_6
-70.7132,19.4905,800.0,31.0701,0.5722,1,zo_6
-70.7132,19.495,800.0,31.0701,0.5722,1,zo_6
-70.7132,19.4995,800.0,31.0701,0.5722,1,zo_6
-70.7132,19.504,308.91,451.66,1.7,1,noaf
-70.7132,19.5085,333.38,429.8,1.56,1,noaf
-70.7132,19.513,348.35,414.86,1.48,1,noaf
-70.7132,19.5175,348.35,414.86,1.48,1,noaf
-70.7132,19.522,390.83,366.92,1.3,1,noaf
-70.7132,19.5265,390.83,366.92,1.3,1,noaf
-70.7132,19.531,560.43,161.81,0.86,1,noaf
-70.7132,19.5355,560.43,161.81,0.86,1,noaf
-70.7132,19.54,900.0,15.46,0.5,1,noaf
-70.7132,19.5445,900.0,15.46,0.5,1,noaf
-70.7085,19.3556,486.15,245.91,1.01,1,noaf
-70.7085,19.3601,486.15,245.91,1.01,1,noaf
-70.7085,19.3646,454.55,286.11,1.09,1,noaf
-70.7085,19.3691,454.55,286.11,1.09,1,noaf
-70.7085,19.3736,520.55,204.61,0.94,1,noaf
-70.7085,19.3781,520.55,204.61,0.94,1,noaf
-70.7085,19.3826,439.8,305.16,1.13,1,noaf
-70.7085,19.3871,439.8,305.16,1.13,1,noaf
-70.7085,19.3916,476.37,258.19,1.04,1,noaf
-70.7085,19.3961,505.3,222.5,0.97,1,noaf
-70.7085,19.4006,505.3,222.5,0.97,1,noaf
-70.7085,19.4051,471.77,264.02,1.05,1,noaf
-70.7085,19.4096,471.77,264.02,1.05,1,noaf
-70.7085,19.4141,800.0,31.0701,0.5722,1,zo_4
-70.7085,19.4186,800.0,31.0701,0.5722,1,zo_4
-70.7085,19.4231,800.0,31.0701,0.5722,1,zo_3
-70.7085,19.4276,800.0,31.0701,0.5722,1,zo_5
-70.7085,19.4321,800.0,31.0701,0.5722,1,zo_0
-70.7085,19.4366,800.0,31.0701,0.5722,1,zo_5
-70.7085,19.4411,800.0,31.0701,0.5722,1,zo_5
-70.7085,19.4456,800.0,31.0701,0.5722,1,zo_5
-70.7085,19.4501,800.0,31.0701,0.5722,1,zo_8
-70.7085,19.4546,800.0,31.0701,0.5722,1,zo_2
-70.7085,19.4591,800.0,31.0701,0.5722,1,zo_2
-70.7085,19.4636,800.0,31.0701,0.5722,1,zo_2
-70.7085,19.4681,800.0,31.0701,0.5722,1,zo_2
-70.7085,19.4726,800.0,31.0701,0.5722,1,zo_6
-70.7085,19.477,800.0,31.0701,0.5722,1,zo_6
-70.7085,19.4815,800.0,31.0701,0.5722,1,zo_6
-70.7085,19.486,800.0,31.0701,0.5722,1,zo_6
-70.7085,19.4905,800.0,31.0701,0.5722,1,zo_6
-70.7085,19.495,800.0,31.0701,0.5722,1,zo_6
-70.7084,19.4995,800.0,31.0701,0.5722,1,zo_6
-70.7084,19.504,334.43,428.8,1.55,1,noaf
-70.7084,19.5085,326.53,436.25,1.6,1,noaf
-70.7084,19.513,352.31,410.72,1.46,1,noaf
-70.7084,19.5175,352.31,410.72,1.46,1,noaf
-70.7084,19.522,409.31,344.12,1.23,1,noaf
-70.7084,19.5265,409.31,344.12,1.23,1,noaf
-70.7084,19.531,594.23,130.66,0.8,1,noaf
-70.7084,19.5355,594.23,130.66,0.8,1,noaf
-70.7084,19.54,862.4,20.03,0.53,1,noaf
-70.7084,19.5445,862.4,20.03,0.53,1,noaf
-70.7037,19.3556,444.76,298.75,1.12,1,noaf
-70.7037,19.3601,444.76,298.75,1.12,1,noaf
-70.7037,19.3646,475.7,259.04,1.04,1,noaf
-70.7037,19.3691,475.7,259.04,1.04,1,noaf
-70.7037,19.3736,540.01,182.95,0.9,1,noaf
-70.7037,19.3781,540.01,182.95,0.9,1,noaf
-70.7037,19.3826,477.51,256.75,1.03,1,noaf
-70.7037,19.3871,477.51,256.75,1.03,1,noaf
-70.7037,19.3916,411.64,341.19,1.22,1,noaf
-70.7037,19.3961,362.3,399.94,1.42,1,noaf
-70.7037,19.4006,362.3,399.94,1.42,1,noaf
-70.7037,19.4051,467.23,269.82,1.06,1,noaf
-70.7037,19.4096,467.23,269.82,1.06,1,noaf
-70.7037,19.4141,800.0,31.0701,0.5722,1,zo_7
-70.7037,19.4186,800.0,31.0701,0.5722,1,zo_4
-70.7037,19.4231,800.0,31.0701,0.5722,1,zo_4
-70.7037,19.4276,800.0,31.0701,0.5722,1,zo_3
-70.7037,19.4321,800.0,31.0701,0.5722,1,zo_3
-70.7037,19.4366,800.0,31.0701,0.5722,1,zo_5
-70.7037,19.4411,800.0,31.0701,0.5722,1,zo_3
-70.7037,19.4456,800.0,31.0701,0.5722,1,zo_3
-70.7037,19.4501,800.0,31.0701,0.5722,1,zo_8
-70.7037,19.4546,800.0,31.0701,0.5722,1,zo_1
-70.7037,19.4591,800.0,31.0701,0.5722,1,zo_2
-70.7037,19.4636,800.0,31.0701,0.5722,1,zo_1
-70.7037,19.4681,800.0,31.0701,0.5722,1,zo_1
-70.7037,19.4726,800.0,31.0701,0.5722,1,zo_1
-70.7037,19.477,800.0,31.0701,0.5722,1,zo_6
-70.7037,19.4815,800.0,31.0701,0.5722,1,zo_6
-70.7037,19.486,800.0,31.0701,0.5722,1,zo_6
-70.7037,19.4905,800.0,31.0701,0.5722,1,zo_6
-70.7037,19.495,800.0,31.0701,0.5722,1,zo_6
-70.7037,19.4995,800.0,31.0701,0.5722,1,zo_6
-70.7037,19.504,310.68,450.19,1.69,1,noaf
-70.7037,19.5085,303.62,455.94,1.73,1,noaf
-70.7037,19.513,356.89,405.84,1.44,1,noaf
-70.7037,19.5175,356.89,405.84,1.44,1,noaf
-70.7037,19.522,541.73,181.1,0.89,1,noaf
-70.7037,19.5265,541.73,181.1,0.89,1,noaf
-70.7037,19.531,709.18,59.33,0.66,1,noaf
-70.7037,19.5355,709.18,59.33,0.66,1,noaf
-70.7037,19.54,586.09,137.71,0.82,1,noaf
-70.7037,19.5445,586.09,137.71,0.82,1,noaf
-70.699,19.3556,444.76,298.75,1.12,1,noaf
-70.699,19.3601,444.76,298.75,1.12,1,noaf
-70.699,19.3646,475.7,259.04,1.04,1,noaf
-70.699,19.3691,475.7,259.04,1.04,1,noaf
-70.699,19.3736,540.01,182.95,0.9,1,noaf
-70.699,19.3781,540.01,182.95,0.9,1,noaf
-70.699,19.3826,477.51,256.75,1.03,1,noaf
-70.699,19.3871,477.51,256.75,1.03,1,noaf
-70.699,19.3916,411.64,341.19,1.22,1,noaf
-70.699,19.3961,362.3,399.94,1.42,1,noaf
-70.699,19.4006,362.3,399.94,1.42,1,noaf
-70.699,19.4051,467.23,269.82,1.06,1,noaf
-70.699,19.4096,467.23,269.82,1.06,1,noaf
-70.699,19.4141,800.0,31.0701,0.5722,1,zo_7
-70.699,19.4186,800.0,31.0701,0.5722,1,zo_4
-70.6989,19.4231,800.0,31.0701,0.5722,1,zo_4
-70.6989,19.4276,800.0,31.0701,0.5722,1,zo_3
-70.6989,19.4321,800.0,31.0701,0.5722,1,zo_3
-70.6989,19.4366,800.0,31.0701,0.5722,1,zo_7
-70.6989,19.4411,800.0,31.0701,0.5722,1,zo_8
-70.6989,19.4456,800.0,31.0701,0.5722,1,zo_8
-70.6989,19.4501,800.0,31.0701,0.5722,1,zo_8
-70.6989,19.4546,800.0,31.0701,0.5722,1,zo_8
-70.6989,19.4591,800.0,31.0701,0.5722,1,zo_1
-70.6989,19.4636,800.0,31.0701,0.5722,1,zo_1
-70.6989,19.4681,800.0,31.0701,0.5722,1,zo_1
-70.6989,19.4726,800.0,31.0701,0.5722,1,zo_1
-70.6989,19.477,800.0,31.0701,0.5722,1,zo_6
-70.6989,19.4815,800.0,31.0701,0.5722,1,zo_6
-70.6989,19.486,800.0,31.0701,0.5722,1,zo_6
-70.6989,19.4905,800.0,31.0701,0.5722,1,zo_6
-70.6989,19.495,800.0,31.0701,0.5722,1,zo_6
-70.6989,19.4995,800.0,31.0701,0.5722,1,zo_6
-70.6989,19.504,310.68,450.19,1.69,1,noaf
-70.6989,19.5085,303.62,455.94,1.73,1,noaf
-70.6989,19.513,356.89,405.84,1.44,1,noaf
-70.6989,19.5175,356.89,405.84,1.44,1,noaf
-70.6989,19.522,541.73,181.1,0.89,1,noaf
-70.6989,19.5265,541.73,181.1,0.89,1,noaf
-70.6989,19.531,709.18,59.33,0.66,1,noaf
-70.6989,19.5355,709.18,59.33,0.66,1,noaf
-70.6989,19.54,586.09,137.71,0.82,1,noaf
-70.6989,19.5445,586.09,137.71,0.82,1,noaf
-70.6942,19.3556,287.44,468.05,1.85,1,noaf
-70.6942,19.3601,287.44,468.05,1.85,1,noaf
-70.6942,19.3646,365.09,396.85,1.4,1,noaf
-70.6942,19.3691,365.09,396.85,1.4,1,noaf
-70.6942,19.3736,489.35,241.94,1.0,1,noaf
-70.6942,19.3781,489.35,241.94,1.0,1,noaf
-70.6942,19.3826,441.06,303.53,1.13,1,noaf
-70.6942,19.3871,441.06,303.53,1.13,1,noaf
-70.6942,19.3916,332.0,431.13,1.57,1,noaf
-70.6942,19.3961,370.0,391.34,1.38,1,noaf
-70.6942,19.4006,370.0,391.34,1.38,1,noaf
-70.6942,19.4051,357.77,404.89,1.44,1,noaf
-70.6942,19.4096,357.77,404.89,1.44,1,noaf
-70.6942,19.4141,800.0,31.0701,0.5722,1,zo_7
-70.6942,19.4186,800.0,31.0701,0.5722,1,zo_7
-70.6942,19.4231,800.0,31.0701,0.5722,1,zo_7
-70.6942,19.4276,800.0,31.0701,0.5722,1,zo_7
-70.6942,19.4321,800.0,31.0701,0.5722,1,zo_7
-70.6942,19.4366,800.0,31.0701,0.5722,1,zo_7
-70.6942,19.4411,800.0,31.0701,0.5722,1,zo_8
-70.6942,19.4456,800.0,31.0701,0.5722,1,zo_8
-70.6942,19.4501,800.0,31.0701,0.5722,1,zo_8
-70.6942,19.4546,800.0,31.0701,0.5722,1,zo_8
-70.6942,19.4591,800.0,31.0701,0.5722,1,zo_8
-70.6942,19.4636,800.0,31.0701,0.5722,1,zo_1
-70.6942,19.4681,800.0,31.0701,0.5722,1,zo_1
-70.6942,19.4726,800.0,31.0701,0.5722,1,zo_1
-70.6942,19.477,800.0,31.0701,0.5722,1,zo_1
-70.6941,19.4815,800.0,31.0701,0.5722,1,zo_6
-70.6941,19.486,800.0,31.0701,0.5722,1,zo_6
-70.6941,19.4905,800.0,31.0701,0.5722,1,zo_6
-70.6941,19.495,800.0,31.0701,0.5722,1,zo_6
-70.6941,19.4995,800.0,31.0701,0.5722,1,zo_1
-70.6941,19.504,299.47,459.19,1.76,1,noaf
-70.6941,19.5085,328.47,434.45,1.58,1,noaf
-70.6941,19.513,473.09,262.35,1.04,1,noaf
-70.6941,19.5175,473.09,262.35,1.04,1,noaf
-70.6941,19.522,677.81,74.05,0.69,1,noaf
-70.6941,19.5265,677.81,74.05,0.69,1,noaf
-70.6941,19.531,697.45,64.48,0.67,1,noaf
-70.6941,19.5355,697.45,64.48,0.67,1,noaf
-70.6941,19.54,461.97,276.55,1.07,1,noaf
-70.6941,19.5445,461.97,276.55,1.07,1,noaf
-70.6895,19.3556,287.44,468.05,1.85,1,noaf
-70.6894,19.3601,287.44,468.05,1.85,1,noaf
-70.6894,19.3646,365.09,396.85,1.4,1,noaf
-70.6894,19.3691,365.09,396.85,1.4,1,noaf
-70.6894,19.3736,489.35,241.94,1.0,1,noaf
-70.6894,19.3781,489.35,241.94,1.0,1,noaf
-70.6894,19.3826,441.06,303.53,1.13,1,noaf
-70.6894,19.3871,441.06,303.53,1.13,1,noaf
-70.6894,19.3916,332.0,431.13,1.57,1,noaf
-70.6894,19.3961,370.0,391.34,1.38,1,noaf
-70.6894,19.4006,370.0,391.34,1.38,1,noaf
-70.6894,19.4051,357.77,404.89,1.44,1,noaf
-70.6894,19.4096,357.77,404.89,1.44,1,noaf
-70.6894,19.4141,800.0,31.0701,0.5722,1,zo_7
-70.6894,19.4186,800.0,31.0701,0.5722,1,zo_7
-70.6894,19.4231,800.0,31.0701,0.5722,1,zo_7
-70.6894,19.4276,800.0,31.0701,0.5722,1,zo_7
-70.6894,19.4321,800.0,31.0701,0.5722,1,zo_7
-70.6894,19.4366,800.0,31.0701,0.5722,1,zo_7
-70.6894,19.4411,800.0,31.0701,0.5722,1,zo_8
-70.6894,19.4456,800.0,31.0701,0.5722,1,zo_8
-70.6894,19.4501,800.0,31.0701,0.5722,1,zo_8
-70.6894,19.4546,800.0,31.0701,0.5722,1,zo_8
-70.6894,19.4591,800.0,31.0701,0.5722,1,zo_8
-70.6894,19.4636,800.0,31.0701,0.5722,1,zo_1
-70.6894,19.4681,800.0,31.0701,0.5722,1,zo_1
-70.6894,19.4726,800.0,31.0701,0.5722,1,zo_1
-70.6894,19.477,800.0,31.0701,0.5722,1,zo_1
-70.6894,19.4815,800.0,31.0701,0.5722,1,zo_6
-70.6894,19.486,800.0,31.0701,0.5722,1,zo_6
-70.6894,19.4905,800.0,31.0701,0.5722,1,zo_6
-70.6894,19.495,800.0,31.0701,0.5722,1,zo_1
-70.6894,19.4995,800.0,31.0701,0.5722,1,zo_1
-70.6894,19.504,299.47,459.19,1.76,1,noaf
-70.6894,19.5085,328.47,434.45,1.58,1,noaf
-70.6894,19.513,473.09,262.35,1.04,1,noaf
-70.6894,19.5175,473.09,262.35,1.04,1,noaf
-70.6894,19.522,677.81,74.05,0.69,1,noaf
-70.6894,19.5265,677.81,74.05,0.69,1,noaf
-70.6893,19.531,697.45,64.48,0.67,1,noaf
-70.6893,19.5355,697.45,64.48,0.67,1,noaf
-70.6893,19.54,461.97,276.55,1.07,1,noaf
-70.6893,19.5445,461.97,276.55,1.07,1,noaf
-70.6847,19.3556,416.75,334.73,1.21,1,noaf
-70.6847,19.3601,416.75,334.73,1.21,1,noaf
-70.6847,19.3646,432.93,314.02,1.16,1,noaf
-70.6847,19.3691,432.93,314.02,1.16,1,noaf
-70.6847,19.3736,398.33,357.77,1.27,1,noaf
-70.6847,19.3781,398.33,357.77,1.27,1,noaf
-70.6847,19.3826,396.99,359.42,1.28,1,noaf
-70.6847,19.3871,396.99,359.42,1.28,1,noaf
-70.6847,19.3916,381.29,378.3,1.34,1,noaf
-70.6847,19.3961,364.89,397.08,1.4,1,noaf
-70.6847,19.4006,364.89,397.08,1.4,1,noaf
-70.6847,19.4051,331.73,431.38,1.57,1,noaf
-70.6847,19.4096,331.73,431.38,1.57,1,noaf
-70.6846,19.4141,800.0,31.0701,0.5722,1,zo_7
-70.6846,19.4186,800.0,31.0701,0.5722,1,zo_7
-70.6846,19.4231,800.0,31.0701,0.5722,1,zo_7
-70.6846,19.4276,800.0,31.0701,0.5722,1,zo_7
-70.6846,19.4321,800.0,31.0701,0.5722,1,zo_7
-70.6846,19.4366,800.0,31.0701,0.5722,1,zo_8
-70.6846,19.4411,800.0,31.0701,0.5722,1,zo_8
-70.6846,19.4456,800.0,31.0701,0.5722,1,zo_8
-70.6846,19.4501,800.0,31.0701,0.5722,1,zo_8
-70.6846,19.4546,800.0,31.0701,0.5722,1,zo_8
-70.6846,19.4591,800.0,31.0701,0.5722,1,zo_8
-70.6846,19.4636,800.0,31.0701,0.5722,1,zo_8
-70.6846,19.4681,800.0,31.0701,0.5722,1,zo_8
-70.6846,19.4726,800.0,31.0701,0.5722,1,zo_1
-70.6846,19.477,800.0,31.0701,0.5722,1,zo_1
-70.6846,19.4815,800.0,31.0701,0.5722,1,zo_6
-70.6846,19.486,800.0,31.0701,0.5722,1,zo_6
-70.6846,19.4905,800.0,31.0701,0.5722,1,zo_1
-70.6846,19.495,800.0,31.0701,0.5722,1,zo_1
-70.6846,19.4995,800.0,31.0701,0.5722,1,zo_1
-70.6846,19.504,344.32,418.99,1.5,1,noaf
-70.6846,19.5085,384.24,374.81,1.32,1,noaf
-70.6846,19.513,589.67,134.57,0.81,1,noaf
-70.6846,19.5175,589.67,134.57,0.81,1,noaf
-70.6846,19.522,718.24,55.63,0.65,1,noaf
-70.6846,19.5265,718.24,55.63,0.65,1,noaf
-70.6846,19.531,534.45,188.99,0.91,1,noaf
-70.6846,19.5355,534.45,188.99,0.91,1,noaf
-70.6846,19.54,476.8,257.65,1.03,1,noaf
-70.6846,19.5445,476.8,257.65,1.03,1,noaf
-70.6799,19.3556,416.75,334.73,1.21,1,noaf
-70.6799,19.3601,416.75,334.73,1.21,1,noaf
-70.6799,19.3646,432.93,314.02,1.16,1,noaf
-70.6799,19.3691,432.93,314.02,1.16,1,noaf
-70.6799,19.3736,398.33,357.77,1.27,1,noaf
-70.6799,19.3781,398.33,357.77,1.27,1,noaf
-70.6799,19.3826,396.99,359.42,1.28,1,noaf
-70.6799,19.3871,396.99,359.42,1.28,1,noaf
-70.6799,19.3916,381.29,378.3,1.34,1,noaf
-70.6799,19.3961,364.89,397.08,1.4,1,noaf
-70.6799,19.4006,364.89,397.08,1.4,1,noaf
-70.6799,19.4051,331.73,431.38,1.57,1,noaf
-70.6799,19.4096,331.73,431.38,1.57,1,noaf
-70.6799,19.4141,800.0,31.0701,0.5722,1,zo_7
-70.6799,19.4186,800.0,31.0701,0.5722,1,zo_7
-70.6799,19.4231,800.0,31.0701,0.5722,1,zo_7
-70.6799,19.4276,800.0,31.0701,0.5722,1,zo_7
-70.6799,19.4321,800.0,31.0701,0.5722,1,zo_7
-70.6799,19.4366,800.0,31.0701,0.5722,1,zo_7
-70.6799,19.4411,800.0,31.0701,0.5722,1,zo_8
-70.6799,19.4456,800.0,31.0701,0.5722,1,zo_8
-70.6799,19.4501,800.0,31.0701,0.5722,1,zo_8
-70.6799,19.4546,800.0,31.0701,0.5722,1,zo_8
-70.6799,19.4591,800.0,31.0701,0.5722,1,zo_8
-70.6799,19.4636,800.0,31.0701,0.5722,1,zo_8
-70.6798,19.4681,800.0,31.0701,0.5722,1,zo_8
-70.6798,19.4726,800.0,31.0701,0.5722,1,zo_8
-70.6798,19.477,800.0,31.0701,0.5722,1,zo_1
-70.6798,19.4815,800.0,31.0701,0.5722,1,zo_6
-70.6798,19.486,800.0,31.0701,0.5722,1,zo_6
-70.6798,19.4905,800.0,31.0701,0.5722,1,zo_1
-70.6798,19.495,800.0,31.0701,0.5722,1,zo_1
-70.6798,19.4995,800.0,31.0701,0.5722,1,zo_1
-70.6798,19.504,344.32,418.99,1.5,1,noaf
-70.6798,19.5085,384.24,374.81,1.32,1,noaf
-70.6798,19.513,589.67,134.57,0.81,1,noaf
-70.6798,19.5175,589.67,134.57,0.81,1,noaf
-70.6798,19.522,718.24,55.63,0.65,1,noaf
-70.6798,19.5265,718.24,55.63,0.65,1,noaf
-70.6798,19.531,534.45,188.99,0.91,1,noaf
-70.6798,19.5355,534.45,188.99,0.91,1,noaf
-70.6798,19.54,476.8,257.65,1.03,1,noaf
-70.6798,19.5445,476.8,257.65,1.03,1,noaf
-70.6752,19.3556,465.99,271.4,1.06,1,noaf
-70.6752,19.3601,465.99,271.4,1.06,1,noaf
-70.6751,19.3646,383.5,375.68,1.33,1,noaf
-70.6751,19.3691,383.5,375.68,1.33,1,noaf
-70.6751,19.3736,362.09,400.18,1.42,1,noaf
-70.6751,19.3781,362.09,400.18,1.42,1,noaf
-70.6751,19.3826,440.29,304.52,1.13,1,noaf
-70.6751,19.3871,440.29,304.52,1.13,1,noaf
-70.6751,19.3916,444.76,298.75,1.12,1,noaf
-70.6751,19.3961,394.02,363.05,1.29,1,noaf
-70.6751,19.4006,394.02,363.05,1.29,1,noaf
-70.6751,19.4051,324.38,438.22,1.61,1,noaf
-70.6751,19.4096,324.38,438.22,1.61,1,noaf
-70.6751,19.4141,800.0,31.0701,0.5722,1,zo_7
-70.6751,19.4186,800.0,31.0701,0.5722,1,zo_7
-70.6751,19.4231,800.0,31.0701,0.5722,1,zo_7
-70.6751,19.4276,800.0,31.0701,0.5722,1,zo_7
-70.6751,19.4321,800.0,31.0701,0.5722,1,zo_7
-70.6751,19.4366,800.0,31.0701,0.5722,1,zo_7
-70.6751,19.4411,800.0,31.0701,0.5722,1,zo_1
-70.6751,19.4456,800.0,31.0701,0.5722,1,zo_1
-70.6751,19.4501,800.0,31.0701,0.5722,1,zo_1
-70.6751,19.4546,800.0,31.0701,0.5722,1,zo_1
-70.6751,19.4591,800.0,31.0701,0.5722,1,zo_1
-70.6751,19.4636,800.0,31.0701,0.5722,1,zo_8
-70.6751,19.4681,800.0,31.0701,0.5722,1,zo_8
-70.6751,19.4726,800.0,31.0701,0.5722,1,zo_8
-70.6751,19.477,800.0,31.0701,0.5722,1,zo_1
-70.6751,19.4815,800.0,31.0701,0.5722,1,zo_1
-70.6751,19.486,800.0,31.0701,0.5722,1,zo_1
-70.6751,19.4905,800.0,31.0701,0.5722,1,zo_1
-70.6751,19.495,800.0,31.0701,0.5722,1,zo_1
-70.6751,19.4995,800.0,31.0701,0.5722,1,zo_1
-70.6751,19.504,385.14,373.74,1.32,1,noaf
-70.6751,19.5085,489.34,241.95,1.0,1,noaf
-70.675,19.513,656.79,85.74,0.72,1,noaf
-70.675,19.5175,656.79,85.74,0.72,1,noaf
-70.675,19.522,608.25,119.18,0.78,1,noaf
-70.675,19.5265,608.25,119.18,0.78,1,noaf
-70.675,19.531,544.54,178.11,0.89,1,noaf
-70.675,19.5355,544.54,178.11,0.89,1,noaf
-70.675,19.54,529.9,194.03,0.92,1,noaf
-70.675,19.5445,529.9,194.03,0.92,1,noaf
-70.6704,19.3556,427.54,320.95,1.17,1,noaf
-70.6704,19.3601,427.54,320.95,1.17,1,noaf
-70.6704,19.3646,475.47,259.33,1.04,1,noaf
-70.6704,19.3691,475.47,259.33,1.04,1,noaf
-70.6704,19.3736,455.65,284.69,1.09,1,noaf
-70.6704,19.3781,455.65,284.69,1.09,1,noaf
-70.6704,19.3826,479.73,253.95,1.03,1,noaf
-70.6704,19.3871,479.73,253.95,1.03,1,noaf
-70.6704,19.3916,441.97,302.36,1.13,1,noaf
-70.6704,19.3961,368.75,392.75,1.39,1,noaf
-70.6704,19.4006,368.75,392.75,1.39,1,noaf
-70.6704,19.4051,344.04,419.27,1.5,1,noaf
-70.6703,19.4096,344.04,419.27,1.5,1,noaf
-70.6703,19.4141,800.0,31.0701,0.5722,1,zo_7
-70.6703,19.4186,800.0,31.0701,0.5722,1,zo_7
-70.6703,19.4231,800.0,31.0701,0.5722,1,zo_7
-70.6703,19.4276,800.0,31.0701,0.5722,1,zo_7
-70.6703,19.4321,800.0,31.0701,0.5722,1,zo_7
-70.6703,19.4366,800.0,31.0701,0.5722,1,zo_7
-70.6703,19.4411,800.0,31.0701,0.5722,1,zo_1
-70.6703,19.4456,800.0,31.0701,0.5722,1,zo_1
-70.6703,19.4501,800.0,31.0701,0.5722,1,zo_1
-70.6703,19.4546,800.0,31.0701,0.5722,1,zo_1
-70.6703,19.4591,800.0,31.0701,0.5722,1,zo_1
-70.6703,19.4636,800.0,31.0701,0.5722,1,zo_1
-70.6703,19.4681,800.0,31.0701,0.5722,1,zo_8
-70.6703,19.4726,800.0,31.0701,0.5722,1,zo_1
-70.6703,19.477,800.0,31.0701,0.5722,1,zo_1
-70.6703,19.4815,800.0,31.0701,0.5722,1,zo_1
-70.6703,19.486,800.0,31.0701,0.5722,1,zo_1
-70.6703,19.4905,800.0,31.0701,0.5722,1,zo_1
-70.6703,19.495,800.0,31.0701,0.5722,1,zo_1
-70.6703,19.4995,800.0,31.0701,0.5722,1,zo_9
-70.6703,19.504,432.8,314.18,1.16,1,noaf
-70.6703,19.5085,594.08,130.79,0.8,1,noaf
-70.6703,19.513,642.38,94.69,0.74,1,noaf
-70.6703,19.5175,642.38,94.69,0.74,1,noaf
-70.6703,19.522,540.25,182.7,0.9,1,noaf
-70.6703,19.5265,540.25,182.7,0.9,1,noaf
-70.6703,19.531,448.72,293.63,1.11,1,noaf
-70.6703,19.5355,448.72,293.63,1.11,1,noaf
-70.6703,19.54,624.05,107.25,0.76,1,noaf
-70.6703,19.5445,624.05,107.25,0.76,1,noaf
-70.6656,19.3556,427.54,320.95,1.17,1,noaf
-70.6656,19.3601,427.54,320.95,1.17,1,noaf
-70.6656,19.3646,475.47,259.33,1.04,1,noaf
-70.6656,19.3691,475.47,259.33,1.04,1,noaf
-70.6656,19.3736,455.65,284.69,1.09,1,noaf
-70.6656,19.3781,455.65,284.69,1.09,1,noaf
-70.6656,19.3826,479.73,253.95,1.03,1,noaf
-70.6656,19.3871,479.73,253.95,1.03,1,noaf
-70.6656,19.3916,441.97,302.36,1.13,1,noaf
-70.6656,19.3961,368.75,392.75,1.39,1,noaf
-70.6656,19.4006,368.75,392.75,1.39,1,noaf
-70.6656,19.4051,344.04,419.27,1.5,1,noaf
-70.6656,19.4096,344.04,419.27,1.5,1,noaf
-70.6656,19.4141,800.0,31.0701,0.5722,1,zo_7
-70.6656,19.4186,800.0,31.0701,0.5722,1,zo_7
-70.6656,19.4231,800.0,31.0701,0.5722,1,zo_7
-70.6656,19.4276,800.0,31.0701,0.5722,1,zo_7
-70.6656,19.4321,800.0,31.0701,0.5722,1,zo_7
-70.6656,19.4366,800.0,31.0701,0.5722,1,zo_7
-70.6656,19.4411,800.0,31.0701,0.5722,1,zo_1
-70.6656,19.4456,800.0,31.0701,0.5722,1,zo_1
-70.6656,19.4501,800.0,31.0701,0.5722,1,zo_1
-70.6655,19.4546,800.0,31.0701,0.5722,1,zo_1
-70.6655,19.4591,800.0,31.0701,0.5722,1,zo_1
-70.6655,19.4636,800.0,31.0701,0.5722,1,zo_1
-70.6655,19.4681,800.0,31.0701,0.5722,1,zo_1
-70.6655,19.4726,800.0,31.0701,0.5722,1,zo_1
-70.6655,19.477,800.0,31.0701,0.5722,1,zo_1
-70.6655,19.4815,800.0,31.0701,0.5722,1,zo_1
-70.6655,19.486,800.0,31.0701,0.5722,1,zo_1
-70.6655,19.4905,800.0,31.0701,0.5722,1,zo_1
-70.6655,19.495,800.0,31.0701,0.5722,1,zo_1
-70.6655,19.4995,800.0,31.0701,0.5722,1,zo_9
-70.6655,19.504,432.8,314.18,1.16,1,noaf
-70.6655,19.5085,594.08,130.79,0.8,1,noaf
-70.6655,19.513,642.38,94.69,0.74,1,noaf
-70.6655,19.5175,642.38,94.69,0.74,1,noaf
-70.6655,19.522,540.25,182.7,0.9,1,noaf
-70.6655,19.5265,540.25,182.7,0.9,1,noaf
-70.6655,19.531,448.72,293.63,1.11,1,noaf
-70.6655,19.5355,448.72,293.63,1.11,1,noaf
-70.6655,19.54,624.05,107.25,0.76,1,noaf
-70.6655,19.5445,624.05,107.25,0.76,1,noaf
-70.6609,19.3556,380.42,379.32,1.34,1,noaf
-70.6609,19.3601,380.42,379.32,1.34,1,noaf
-70.6608,19.3646,453.6,287.34,1.1,1,noaf
-70.6608,19.3691,453.6,287.34,1.1,1,noaf
-70.6608,19.3736,464.64,273.13,1.07,1,noaf
-70.6608,19.3781,464.64,273.13,1.07,1,noaf
-70.6608,19.3826,446.69,296.25,1.11,1,noaf
-70.6608,19.3871,446.69,296.25,1.11,1,noaf
-70.6608,19.3916,410.24,342.95,1.23,1,noaf
-70.6608,19.3961,348.57,414.63,1.48,1,noaf
-70.6608,19.4006,348.57,414.63,1.48,1,noaf
-70.6608,19.4051,351.58,411.49,1.47,1,noaf
-70.6608,19.4096,351.58,411.49,1.47,1,noaf
-70.6608,19.4141,800.0,31.0701,0.5722,1,zo_7
-70.6608,19.4186,800.0,31.0701,0.5722,1,zo_7
-70.6608,19.4231,800.0,31.0701,0.5722,1,zo_7
-70.6608,19.4276,800.0,31.0701,0.5722,1,zo_7
-70.6608,19.4321,800.0,31.0701,0.5722,1,zo_7
-70.6608,19.4366,800.0,31.0701,0.5722,1,zo_7
-70.6608,19.4411,800.0,31.0701,0.5722,1,zo_1
-70.6608,19.4456,800.0,31.0701,0.5722,1,zo_1
-70.6608,19.4501,800.0,31.0701,0.5722,1,zo_1
-70.6608,19.4546,800.0,31.0701,0.5722,1,zo_1
-70.6608,19.4591,800.0,31.0701,0.5722,1,zo_1
-70.6608,19.4636,800.0,31.0701,0.5722,1,zo_1
-70.6608,19.4681,800.0,31.0701,0.5722,1,zo_1
-70.6608,19.4726,800.0,31.0701,0.5722,1,zo_1
-70.6608,19.477,800.0,31.0701,0.5722,1,zo_1
-70.6608,19.4815,800.0,31.0701,0.5722,1,zo_1
-70.6608,19.486,800.0,31.0701,0.5722,1,zo_1
-70.6608,19.4905,800.0,31.0701,0.5722,1,zo_1
-70.6607,19.495,800.0,31.0701,0.5722,1,zo_9
-70.6607,19.4995,800.0,31.0701,0.5722,1,zo_9
-70.6607,19.504,480.01,253.61,1.03,1,noaf
-70.6607,19.5085,611.71,116.48,0.78,1,noaf
-70.6607,19.513,602.01,124.18,0.79,1,noaf
-70.6607,19.5175,602.01,124.18,0.79,1,noaf
-70.6607,19.522,519.59,205.72,0.94,1,noaf
-70.6607,19.5265,519.59,205.72,0.94,1,noaf
-70.6607,19.531,584.9,138.77,0.82,1,noaf
-70.6607,19.5355,584.9,138.77,0.82,1,noaf
-70.6607,19.54,519.53,205.78,0.94,1,noaf
-70.6607,19.5445,519.53,205.78,0.94,1,noaf
-70.6561,19.3556,380.42,379.32,1.34,1,noaf
-70.6561,19.3601,380.42,379.32,1.34,1,noaf
-70.6561,19.3646,453.6,287.34,1.1,1,noaf
-70.6561,19.3691,453.6,287.34,1.1,1,noaf
-70.6561,19.3736,464.64,273.13,1.07,1,noaf
-70.6561,19.3781,464.64,273.13,1.07,1,noaf
-70.6561,19.3826,446.69,296.25,1.11,1,noaf
-70.6561,19.3871,446.69,296.25,1.11,1,noaf
-70.6561,19.3916,410.24,342.95,1.23,1,noaf
-70.6561,19.3961,348.57,414.63,1.48,1,noaf
-70.6561,19.4006,348.57,414.63,1.48,1,noaf
-70.6561,19.4051,351.58,411.49,1.47,1,noaf
-70.656,19.4096,351.58,411.49,1.47,1,noaf
-70.656,19.4141,800.0,31.0701,0.5722,1,zo_7
-70.656,19.4186,800.0,31.0701,0.5722,1,zo_7
-70.656,19.4231,800.0,31.0701,0.5722,1,zo_7
-70.656,19.4276,800.0,31.0701,0.5722,1,zo_7
-70.656,19.4321,800.0,31.0701,0.5722,1,zo_7
-70.656,19.4366,800.0,31.0701,0.5722,1,zo_7
-70.656,19.4411,800.0,31.0701,0.5722,1,zo_1
-70.656,19.4456,800.0,31.0701,0.5722,1,zo_1
-70.656,19.4501,800.0,31.0701,0.5722,1,zo_1
-70.656,19.4546,800.0,31.0701,0.5722,1,zo_1
-70.656,19.4591,800.0,31.0701,0.5722,1,zo_1
-70.656,19.4636,800.0,31.0701,0.5722,1,zo_1
-70.656,19.4681,800.0,31.0701,0.5722,1,zo_1
-70.656,19.4726,800.0,31.0701,0.5722,1,zo_1
-70.656,19.477,800.0,31.0701,0.5722,1,zo_1
-70.656,19.4815,800.0,31.0701,0.5722,1,zo_1
-70.656,19.486,800.0,31.0701,0.5722,1,zo_1
-70.656,19.4905,800.0,31.0701,0.5722,1,zo_1
-70.656,19.495,800.0,31.0701,0.5722,1,zo_1
-70.656,19.4995,800.0,31.0701,0.5722,1,zo_9
-70.656,19.504,480.01,253.61,1.03,1,noaf
-70.656,19.5085,611.71,116.48,0.78,1,noaf
-70.656,19.513,602.01,124.18,0.79,1,noaf
-70.656,19.5175,602.01,124.18,0.79,1,noaf
-70.656,19.522,519.59,205.72,0.94,1,noaf
-70.656,19.5265,519.59,205.72,0.94,1,noaf
-70.656,19.531,584.9,138.77,0.82,1,noaf
-70.6559,19.5355,584.9,138.77,0.82,1,noaf
-70.6559,19.54,519.53,205.78,0.94,1,noaf
-70.6559,19.5445,519.53,205.78,0.94,1,noaf
-70.6513,19.3556,393.49,363.69,1.29,1,noaf
-70.6513,19.3601,393.49,363.69,1.29,1,noaf
-70.6513,19.3646,382.3,377.11,1.33,1,noaf
-70.6513,19.3691,382.3,377.11,1.33,1,noaf
-70.6513,19.3736,416.97,334.45,1.21,1,noaf
-70.6513,19.3781,416.97,334.45,1.21,1,noaf
-70.6513,19.3826,421.09,329.21,1.19,1,noaf
-70.6513,19.3871,421.09,329.21,1.19,1,noaf
-70.6513,19.3916,383.1,376.17,1.33,1,noaf
-70.6513,19.3961,338.75,424.58,1.53,1,noaf
-70.6513,19.4006,338.75,424.58,1.53,1,noaf
-70.6513,19.4051,332.59,430.56,1.56,1,noaf
-70.6513,19.4096,332.59,430.56,1.56,1,noaf
-70.6513,19.4141,800.0,31.0701,0.5722,1,zo_7
-70.6513,19.4186,800.0,31.0701,0.5722,1,zo_7
-70.6513,19.4231,800.0,31.0701,0.5722,1,zo_7
-70.6513,19.4276,800.0,31.0701,0.5722,1,zo_7
-70.6513,19.4321,800.0,31.0701,0.5722,1,zo_7
-70.6513,19.4366,800.0,31.0701,0.5722,1,zo_1
-70.6513,19.4411,800.0,31.0701,0.5722,1,zo_1
-70.6513,19.4456,800.0,31.0701,0.5722,1,zo_1
-70.6512,19.4501,800.0,31.0701,0.5722,1,zo_1
-70.6512,19.4546,800.0,31.0701,0.5722,1,zo_1
-70.6512,19.4591,800.0,31.0701,0.5722,1,zo_1
-70.6512,19.4636,800.0,31.0701,0.5722,1,zo_1
-70.6512,19.4681,800.0,31.0701,0.5722,1,zo_1
-70.6512,19.4726,800.0,31.0701,0.5722,1,zo_1
-70.6512,19.477,800.0,31.0701,0.5722,1,zo_1
-70.6512,19.4815,800.0,31.0701,0.5722,1,zo_1
-70.6512,19.486,800.0,31.0701,0.5722,1,zo_1
-70.6512,19.4905,800.0,31.0701,0.5722,1,zo_1
-70.6512,19.495,800.0,31.0701,0.5722,1,zo_1
-70.6512,19.4995,800.0,31.0701,0.5722,1,zo_9
-70.6512,19.504,494.2,235.96,0.99,1,noaf
-70.6512,19.5085,584.53,139.09,0.82,1,noaf
-70.6512,19.513,600.74,125.23,0.79,1,noaf
-70.6512,19.5175,600.74,125.23,0.79,1,noaf
-70.6512,19.522,530.53,193.33,0.92,1,noaf
-70.6512,19.5265,530.53,193.33,0.92,1,noaf
-70.6512,19.531,566.91,155.45,0.85,1,noaf
-70.6512,19.5355,566.91,155.45,0.85,1,noaf
-70.6512,19.54,709.0,59.41,0.66,1,noaf
-70.6512,19.5445,709.0,59.41,0.66,1,noaf
-70.6466,19.3556,393.49,363.69,1.29,1,noaf
-70.6466,19.3601,393.49,363.69,1.29,1,noaf
-70.6466,19.3646,382.3,377.11,1.33,1,noaf
-70.6465,19.3691,382.3,377.11,1.33,1,noaf
-70.6465,19.3736,416.97,334.45,1.21,1,noaf
-70.6465,19.3781,416.97,334.45,1.21,1,noaf
-70.6465,19.3826,421.09,329.21,1.19,1,noaf
-70.6465,19.3871,421.09,329.21,1.19,1,noaf
-70.6465,19.3916,383.1,376.17,1.33,1,noaf
-70.6465,19.3961,338.75,424.58,1.53,1,noaf
-70.6465,19.4006,338.75,424.58,1.53,1,noaf
-70.6465,19.4051,332.59,430.56,1.56,1,noaf
-70.6465,19.4096,332.59,430.56,1.56,1,noaf
-70.6465,19.4141,800.0,31.0701,0.5722,1,zo_7
-70.6465,19.4186,800.0,31.0701,0.5722,1,zo_7
-70.6465,19.4231,800.0,31.0701,0.5722,1,zo_7
-70.6465,19.4276,800.0,31.0701,0.5722,1,zo_7
-70.6465,19.4321,800.0,31.0701,0.5722,1,zo_1
-70.6465,19.4366,800.0,31.0701,0.5722,1,zo_1
-70.6465,19.4411,800.0,31.0701,0.5722,1,zo_1
-70.6465,19.4456,800.0,31.0701,0.5722,1,zo_1
-70.6465,19.4501,800.0,31.0701,0.5722,1,zo_1
-70.6465,19.4546,800.0,31.0701,0.5722,1,zo_1
-70.6465,19.4591,800.0,31.0701,0.5722,1,zo_1
-70.6465,19.4636,800.0,31.0701,0.5722,1,zo_1
-70.6465,19.4681,800.0,31.0701,0.5722,1,zo_1
-70.6465,19.4726,800.0,31.0701,0.5722,1,zo_1
-70.6465,19.477,800.0,31.0701,0.5722,1,zo_1
-70.6465,19.4815,800.0,31.0701,0.5722,1,zo_1
-70.6464,19.486,800.0,31.0701,0.5722,1,zo_1
-70.6464,19.4905,800.0,31.0701,0.5722,1,zo_1
-70.6464,19.495,800.0,31.0701,0.5722,1,zo_9
-70.6464,19.4995,800.0,31.0701,0.5722,1,zo_9
-70.6464,19.504,494.2,235.96,0.99,1,noaf
-70.6464,19.5085,584.53,139.09,0.82,1,noaf
-70.6464,19.513,600.74,125.23,0.79,1,noaf
-70.6464,19.5175,600.74,125.23,0.79,1,noaf
-70.6464,19.522,530.53,193.33,0.92,1,noaf
-70.6464,19.5265,530.53,193.33,0.92,1,noaf
-70.6464,19.531,566.91,155.45,0.85,1,noaf
-70.6464,19.5355,566.91,155.45,0.85,1,noaf
-70.6464,19.54,709.0,59.41,0.66,1,noaf
-70.6464,19.5445,709.0,59.41,0.66,1,noaf
-70.6418,19.3556,390.12,367.78,1.3,1,noaf
-70.6418,19.3601,390.12,367.78,1.3,1,noaf
-70.6418,19.3646,380.74,378.95,1.34,1,noaf
-70.6418,19.3691,380.74,378.95,1.34,1,noaf
-70.6418,19.3736,390.02,367.9,1.3,1,noaf
-70.6418,19.3781,390.02,367.9,1.3,1,noaf
-70.6418,19.3826,384.94,373.98,1.32,1,noaf
-70.6418,19.3871,384.94,373.98,1.32,1,noaf
-70.6418,19.3916,342.42,420.92,1.51,1,noaf
-70.6418,19.3961,319.52,442.59,1.64,1,noaf
-70.6418,19.4006,319.52,442.59,1.64,1,noaf
-70.6417,19.4051,319.79,442.35,1.63,1,noaf
-70.6417,19.4096,319.79,442.35,1.63,1,noaf
-70.6417,19.4141,800.0,31.0701,0.5722,1,zo_1
-70.6417,19.4186,800.0,31.0701,0.5722,1,zo_1
-70.6417,19.4231,800.0,31.0701,0.5722,1,zo_1
-70.6417,19.4276,800.0,31.0701,0.5722,1,zo_1
-70.6417,19.4321,800.0,31.0701,0.5722,1,zo_1
-70.6417,19.4366,800.0,31.0701,0.5722,1,zo_1
-70.6417,19.4411,800.0,31.0701,0.5722,1,zo_1
-70.6417,19.4456,800.0,31.0701,0.5722,1,zo_1
-70.6417,19.4501,800.0,31.0701,0.5722,1,zo_1
-70.6417,19.4546,800.0,31.0701,0.5722,1,zo_1
-70.6417,19.4591,800.0,31.0701,0.5722,1,zo_1
-70.6417,19.4636,800.0,31.0701,0.5722,1,zo_1
-70.6417,19.4681,800.0,31.0701,0.5722,1,zo_1
-70.6417,19.4726,800.0,31.0701,0.5722,1,zo_1
-70.6417,19.477,800.0,31.0701,0.5722,1,zo_1
-70.6417,19.4815,800.0,31.0701,0.5722,1,zo_1
-70.6417,19.486,800.0,31.0701,0.5722,1,zo_1
-70.6417,19.4905,800.0,31.0701,0.5722,1,zo_1
-70.6417,19.495,800.0,31.0701,0.5722,1,zo_9
-70.6417,19.4995,800.0,31.0701,0.5722,1,zo_9
-70.6417,19.504,570.24,152.26,0.84,1,noaf
-70.6417,19.5085,599.83,125.97,0.8,1,noaf
-70.6417,19.513,523.25,201.52,0.93,1,noaf
-70.6416,19.5175,523.25,201.52,0.93,1,noaf
-70.6416,19.522,569.86,152.62,0.84,1,noaf
-70.6416,19.5265,569.86,152.62,0.84,1,noaf
-70.6416,19.531,635.68,99.12,0.74,1,noaf
-70.6416,19.5355,635.68,99.12,0.74,1,noaf
-70.6416,19.54,631.46,102.01,0.75,1,noaf
-70.6416,19.5445,631.46,102.01,0.75,1,noaf
-70.637,19.3556,402.3,352.88,1.26,1,noaf
-70.637,19.3601,402.3,352.88,1.26,1,noaf
-70.637,19.3646,400.5,355.1,1.26,1,noaf
-70.637,19.3691,400.5,355.1,1.26,1,noaf
-70.637,19.3736,372.71,388.26,1.37,1,noaf
-70.637,19.3781,372.71,388.26,1.37,1,noaf
-70.637,19.3826,334.3,428.92,1.55,1,noaf
-70.637,19.3871,334.3,428.92,1.55,1,noaf
-70.637,19.3916,306.31,453.78,1.72,1,noaf
-70.637,19.3961,299.09,459.48,1.76,1,noaf
-70.637,19.4006,299.09,459.48,1.76,1,noaf
-70.637,19.4051,293.93,463.37,1.8,1,noaf
-70.637,19.4096,293.93,463.37,1.8,1,noaf
-70.637,19.4141,800.0,31.0701,0.5722,1,zo_1
-70.637,19.4186,800.0,31.0701,0.5722,1,zo_1
-70.637,19.4231,800.0,31.0701,0.5722,1,zo_1
-70.637,19.4276,800.0,31.0701,0.5722,1,zo_1
-70.637,19.4321,800.0,31.0701,0.5722,1,zo_1
-70.637,19.4366,800.0,31.0701,0.5722,1,zo_1
-70.6369,19.4411,800.0,31.0701,0.5722,1,zo_1
-70.6369,19.4456,800.0,31.0701,0.5722,1,zo_1
-70.6369,19.4501,800.0,31.0701,0.5722,1,zo_1
-70.6369,19.4546,800.0,31.0701,0.5722,1,zo_1
-70.6369,19.4591,800.0,31.0701,0.5722,1,zo_1
-70.6369,19.4636,800.0,31.0701,0.5722,1,zo_1
-70.6369,19.4681,800.0,31.0701,0.5722,1,zo_1
-70.6369,19.4726,800.0,31.0701,0.5722,1,zo_1
-70.6369,19.477,800.0,31.0701,0.5722,1,zo_1
-70.6369,19.4815,800.0,31.0701,0.5722,1,zo_1
-70.6369,19.486,800.0,31.0701,0.5722,1,zo_9
-70.6369,19.4905,800.0,31.0701,0.5722,1,zo_9
-70.6369,19.495,800.0,31.0701,0.5722,1,zo_9
-70.6369,19.4995,800.0,31.0701,0.5722,1,zo_9
-70.6369,19.504,612.36,115.97,0.78,1,noaf
-70.6369,19.5085,619.46,110.61,0.77,1,noaf
-70.6369,19.513,528.3,195.81,0.92,1,noaf
-70.6369,19.5175,528.3,195.81,0.92,1,noaf
-70.6369,19.522,538.47,184.61,0.9,1,noaf
-70.6369,19.5265,538.47,184.61,0.9,1,noaf
-70.6369,19.531,602.44,123.83,0.79,1,noaf
-70.6369,19.5355,602.44,123.83,0.79,1,noaf
-70.6369,19.54,652.04,88.6,0.72,1,noaf
-70.6369,19.5445,652.04,88.6,0.72,1,noaf
-70.6323,19.3556,402.3,352.88,1.26,1,noaf
-70.6323,19.3601,402.3,352.88,1.26,1,noaf
-70.6323,19.3646,400.5,355.1,1.26,1,noaf
-70.6322,19.3691,400.5,355.1,1.26,1,noaf
-70.6322,19.3736,372.71,388.26,1.37,1,noaf
-70.6322,19.3781,372.71,388.26,1.37,1,noaf
-70.6322,19.3826,334.3,428.92,1.55,1,noaf
-70.6322,19.3871,334.3,428.92,1.55,1,noaf
-70.6322,19.3916,306.31,453.78,1.72,1,noaf
-70.6322,19.3961,299.09,459.48,1.76,1,noaf
-70.6322,19.4006,299.09,459.48,1.76,1,noaf
-70.6322,19.4051,293.93,463.37,1.8,1,noaf
-70.6322,19.4096,293.93,463.37,1.8,1,noaf
-70.6322,19.4141,262.9,483.6,2.04,1,noaf
-70.6322,19.4186,262.9,483.6,2.04,1,noaf
-70.6322,19.4231,271.81,478.34,1.97,1,noaf
-70.6322,19.4276,271.81,478.34,1.97,1,noaf
-70.6322,19.4321,284.08,470.38,1.87,1,noaf
-70.6322,19.4366,284.08,470.38,1.87,1,noaf
-70.6322,19.4411,290.29,466.03,1.82,1,noaf
-70.6322,19.4456,290.29,466.03,1.82,1,noaf
-70.6322,19.4501,298.0,460.31,1.77,1,noaf
-70.6322,19.4546,302.08,457.16,1.74,1,noaf
-70.6322,19.4591,302.08,457.16,1.74,1,noaf
-70.6322,19.4636,305.16,454.71,1.72,1,noaf
-70.6322,19.4681,305.16,454.71,1.72,1,noaf
-70.6322,19.4726,326.77,436.03,1.59,1,noaf
-70.6321,19.477,326.77,436.03,1.59,1,noaf
-70.6321,19.4815,358.86,403.71,1.43,1,noaf
-70.6321,19.486,358.86,403.71,1.43,1,noaf
-70.6321,19.4905,459.63,279.56,1.08,1,noaf
-70.6321,19.495,459.63,279.56,1.08,1,noaf
-70.6321,19.4995,612.36,115.97,0.78,1,noaf
-70.6321,19.504,612.36,115.97,0.78,1,noaf
-70.6321,19.5085,619.46,110.61,0.77,1,noaf
-70.6321,19.513,528.3,195.81,0.92,1,noaf
-70.6321,19.5175,528.3,195.81,0.92,1,noaf
-70.6321,19.522,538.47,184.61,0.9,1,noaf
-70.6321,19.5265,538.47,184.61,0.9,1,noaf
-70.6321,19.531,602.44,123.83,0.79,1,noaf
-70.6321,19.5355,602.44,123.83,0.79,1,noaf
-70.6321,19.54,652.04,88.6,0.72,1,noaf
-70.6321,19.5445,652.04,88.6,0.72,1,noaf
-70.6275,19.3556,397.64,358.62,1.27,1,noaf
-70.6275,19.3601,397.64,358.62,1.27,1,noaf
-70.6275,19.3646,383.3,375.92,1.33,1,noaf
-70.6275,19.3691,383.3,375.92,1.33,1,noaf
-70.6275,19.3736,345.56,417.73,1.5,1,noaf
-70.6275,19.3781,345.56,417.73,1.5,1,noaf
-70.6275,19.3826,317.4,444.44,1.65,1,noaf
-70.6275,19.3871,317.4,444.44,1.65,1,noaf
-70.6275,19.3916,300.86,458.11,1.75,1,noaf
-70.6275,19.3961,277.61,474.68,1.92,1,noaf
-70.6275,19.4006,277.61,474.68,1.92,1,noaf
-70.6274,19.4051,246.7,492.06,2.2,1,noaf
-70.6274,19.4096,246.7,492.06,2.2,1,noaf
-70.6274,19.4141,270.55,479.11,1.98,1,noaf
-70.6274,19.4186,270.55,479.11,1.98,1,noaf
-70.6274,19.4231,282.92,471.17,1.88,1,noaf
-70.6274,19.4276,282.92,471.17,1.88,1,noaf
-70.6274,19.4321,287.01,468.35,1.85,1,noaf
-70.6274,19.4366,287.01,468.35,1.85,1,noaf
-70.6274,19.4411,291.48,465.17,1.82,1,noaf
-70.6274,19.4456,291.48,465.17,1.82,1,noaf
-70.6274,19.4501,302.06,457.18,1.74,1,noaf
-70.6274,19.4546,313.26,448.01,1.67,1,noaf
-70.6274,19.4591,313.26,448.01,1.67,1,noaf
-70.6274,19.4636,325.5,437.2,1.6,1,noaf
-70.6274,19.4681,325.5,437.2,1.6,1,noaf
-70.6274,19.4726,336.5,426.78,1.54,1,noaf
-70.6274,19.477,336.5,426.78,1.54,1,noaf
-70.6274,19.4815,373.91,386.88,1.37,1,noaf
-70.6274,19.486,373.91,386.88,1.37,1,noaf
-70.6274,19.4905,466.2,271.13,1.06,1,noaf
-70.6274,19.495,466.2,271.13,1.06,1,noaf
-70.6274,19.4995,579.63,143.51,0.83,1,noaf
-70.6274,19.504,579.63,143.51,0.83,1,noaf
-70.6273,19.5085,652.16,88.52,0.72,1,noaf
-70.6273,19.513,570.02,152.46,0.84,1,noaf
-70.6273,19.5175,570.02,152.46,0.84,1,noaf
-70.6273,19.522,564.58,157.71,0.85,1,noaf
-70.6273,19.5265,564.58,157.71,0.85,1,noaf
-70.6273,19.531,630.9,102.4,0.75,1,noaf
-70.6273,19.5355,630.9,102.4,0.75,1,noaf
-70.6273,19.54,528.35,195.76,0.92,1,noaf
-70.6273,19.5445,528.35,195.76,0.92,1,noaf
-70.6227,19.3556,397.64,358.62,1.27,1,noaf
-70.6227,19.3601,397.64,358.62,1.27,1,noaf
-70.6227,19.3646,383.3,375.92,1.33,1,noaf
-70.6227,19.3691,383.3,375.92,1.33,1,noaf
-70.6227,19.3736,345.56,417.73,1.5,1,noaf
-70.6227,19.3781,345.56,417.73,1.5,1,noaf
-70.6227,19.3826,317.4,444.44,1.65,1,noaf
-70.6227,19.3871,317.4,444.44,1.65,1,noaf
-70.6227,19.3916,300.86,458.11,1.75,1,noaf
-70.6227,19.3961,277.61,474.68,1.92,1,noaf
-70.6227,19.4006,277.61,474.68,1.92,1,noaf
-70.6227,19.4051,246.7,492.06,2.2,1,noaf
-70.6227,19.4096,246.7,492.06,2.2,1,noaf
-70.6227,19.4141,270.55,479.11,1.98,1,noaf
-70.6227,19.4186,270.55,479.11,1.98,1,noaf
-70.6227,19.4231,282.92,471.17,1.88,1,noaf
-70.6227,19.4276,282.92,471.17,1.88,1,noaf
-70.6227,19.4321,287.01,468.35,1.85,1,noaf
-70.6226,19.4366,287.01,468.35,1.85,1,noaf
-70.6226,19.4411,291.48,465.17,1.82,1,noaf
-70.6226,19.4456,291.48,465.17,1.82,1,noaf
-70.6226,19.4501,302.06,457.18,1.74,1,noaf
-70.6226,19.4546,313.26,448.01,1.67,1,noaf
-70.6226,19.4591,313.26,448.01,1.67,1,noaf
-70.6226,19.4636,325.5,437.2,1.6,1,noaf
-70.6226,19.4681,325.5,437.2,1.6,1,noaf
-70.6226,19.4726,336.5,426.78,1.54,1,noaf
-70.6226,19.477,336.5,426.78,1.54,1,noaf
-70.6226,19.4815,373.91,386.88,1.37,1,noaf
-70.6226,19.486,373.91,386.88,1.37,1,noaf
-70.6226,19.4905,466.2,271.13,1.06,1,noaf
-70.6226,19.495,466.2,271.13,1.06,1,noaf
-70.6226,19.4995,579.63,143.51,0.83,1,noaf
-70.6226,19.504,579.63,143.51,0.83,1,noaf
-70.6226,19.5085,652.16,88.52,0.72,1,noaf
-70.6226,19.513,570.02,152.46,0.84,1,noaf
-70.6226,19.5175,570.02,152.46,0.84,1,noaf
-70.6226,19.522,564.58,157.71,0.85,1,noaf
-70.6226,19.5265,564.58,157.71,0.85,1,noaf
-70.6226,19.531,630.9,102.4,0.75,1,noaf
-70.6225,19.5355,630.9,102.4,0.75,1,noaf
-70.6225,19.54,528.35,195.76,0.92,1,noaf
-70.6225,19.5445,528.35,195.76,0.92,1,noaf
-70.618,19.3556,348.49,414.71,1.48,1,noaf
-70.618,19.3601,348.49,414.71,1.48,1,noaf
-70.618,19.3646,363.25,398.9,1.41,1,noaf
-70.6179,19.3691,363.25,398.9,1.41,1,noaf
-70.6179,19.3736,301.43,457.66,1.75,1,noaf
-70.6179,19.3781,301.43,457.66,1.75,1,noaf
-70.6179,19.3826,305.56,454.38,1.72,1,noaf
-70.6179,19.3871,305.56,454.38,1.72,1,noaf
-70.6179,19.3916,287.91,467.72,1.84,1,noaf
-70.6179,19.3961,242.83,493.88,2.24,1,noaf
-70.6179,19.4006,242.83,493.88,2.24,1,noaf
-70.6179,19.4051,263.37,483.33,2.04,1,noaf
-70.6179,19.4096,263.37,483.33,2.04,1,noaf
-70.6179,19.4141,277.62,474.68,1.92,1,noaf
-70.6179,19.4186,277.62,474.68,1.92,1,noaf
-70.6179,19.4231,286.7,468.57,1.85,1,noaf
-70.6179,19.4276,286.7,468.57,1.85,1,noaf
-70.6179,19.4321,291.99,464.8,1.81,1,noaf
-70.6179,19.4366,291.99,464.8,1.81,1,noaf
-70.6179,19.4411,293.93,463.37,1.8,1,noaf
-70.6179,19.4456,293.93,463.37,1.8,1,noaf
-70.6179,19.4501,302.8,456.59,1.74,1,noaf
-70.6179,19.4546,318.84,443.19,1.64,1,noaf
-70.6179,19.4591,318.84,443.19,1.64,1,noaf
-70.6179,19.4636,333.06,430.11,1.56,1,noaf
-70.6178,19.4681,333.06,430.11,1.56,1,noaf
-70.6178,19.4726,331.31,431.78,1.57,1,noaf
-70.6178,19.477,331.31,431.78,1.57,1,noaf
-70.6178,19.4815,382.39,377.0,1.33,1,noaf
-70.6178,19.486,382.39,377.0,1.33,1,noaf
-70.6178,19.4905,489.98,241.15,1.0,1,noaf
-70.6178,19.495,489.98,241.15,1.0,1,noaf
-70.6178,19.4995,553.92,168.36,0.87,1,noaf
-70.6178,19.504,553.92,168.36,0.87,1,noaf
-70.6178,19.5085,579.48,143.64,0.83,1,noaf
-70.6178,19.513,622.07,108.69,0.76,1,noaf
-70.6178,19.5175,622.07,108.69,0.76,1,noaf
-70.6178,19.522,668.33,79.12,0.7,1,noaf
-70.6178,19.5265,668.33,79.12,0.7,1,noaf
-70.6178,19.531,610.67,117.29,0.78,1,noaf
-70.6178,19.5355,610.67,117.29,0.78,1,noaf
-70.6178,19.54,441.16,303.4,1.13,1,noaf
-70.6178,19.5445,441.16,303.4,1.13,1,noaf
-70.6132,19.3556,348.49,414.71,1.48,1,noaf
-70.6132,19.3601,348.49,414.71,1.48,1,noaf
-70.6132,19.3646,363.25,398.9,1.41,1,noaf
-70.6132,19.3691,363.25,398.9,1.41,1,noaf
-70.6132,19.3736,301.43,457.66,1.75,1,noaf
-70.6132,19.3781,301.43,457.66,1.75,1,noaf
-70.6132,19.3826,305.56,454.38,1.72,1,noaf
-70.6132,19.3871,305.56,454.38,1.72,1,noaf
-70.6132,19.3916,287.91,467.72,1.84,1,noaf
-70.6132,19.3961,242.83,493.88,2.24,1,noaf
-70.6131,19.4006,242.83,493.88,2.24,1,noaf
-70.6131,19.4051,263.37,483.33,2.04,1,noaf
-70.6131,19.4096,263.37,483.33,2.04,1,noaf
-70.6131,19.4141,277.62,474.68,1.92,1,noaf
-70.6131,19.4186,277.62,474.68,1.92,1,noaf
-70.6131,19.4231,286.7,468.57,1.85,1,noaf
-70.6131,19.4276,286.7,468.57,1.85,1,noaf
-70.6131,19.4321,291.99,464.8,1.81,1,noaf
-70.6131,19.4366,291.99,464.8,1.81,1,noaf
-70.6131,19.4411,293.93,463.37,1.8,1,noaf
-70.6131,19.4456,293.93,463.37,1.8,1,noaf
-70.6131,19.4501,302.8,456.59,1.74,1,noaf
-70.6131,19.4546,318.84,443.19,1.64,1,noaf
-70.6131,19.4591,318.84,443.19,1.64,1,noaf
-70.6131,19.4636,333.06,430.11,1.56,1,noaf
-70.6131,19.4681,333.06,430.11,1.56,1,noaf
-70.6131,19.4726,331.31,431.78,1.57,1,noaf
-70.6131,19.477,331.31,431.78,1.57,1,noaf
-70.6131,19.4815,382.39,377.0,1.33,1,noaf
-70.6131,19.486,382.39,377.0,1.33,1,noaf
-70.6131,19.4905,489.98,241.15,1.0,1,noaf
-70.613,19.495,489.98,241.15,1.0,1,noaf
-70.613,19.4995,553.92,168.36,0.87,1,noaf
-70.613,19.504,553.92,168.36,0.87,1,noaf
-70.613,19.5085,579.48,143.64,0.83,1,noaf
-70.613,19.513,622.07,108.69,0.76,1,noaf
-70.613,19.5175,622.07,108.69,0.76,1,noaf
-70.613,19.522,668.33,79.12,0.7,1,noaf
-70.613,19.5265,668.33,79.12,0.7,1,noaf
-70.613,19.531,610.67,117.29,0.78,1,noaf
-70.613,19.5355,610.67,117.29,0.78,1,noaf
-70.613,19.54,441.16,303.4,1.13,1,noaf
-70.613,19.5445,441.16,303.4,1.13,1,noaf
-70.6084,19.3556,333.28,429.9,1.56,1,noaf
-70.6084,19.3601,333.28,429.9,1.56,1,noaf
-70.6084,19.3646,363.42,398.71,1.41,1,noaf
-70.6084,19.3691,363.42,398.71,1.41,1,noaf
-70.6084,19.3736,352.44,410.59,1.46,1,noaf
-70.6084,19.3781,352.44,410.59,1.46,1,noaf
-70.6084,19.3826,296.58,461.4,1.78,1,noaf
-70.6084,19.3871,296.58,461.4,1.78,1,noaf
-70.6084,19.3916,256.16,487.29,2.11,1,noaf
-70.6084,19.3961,260.76,484.8,2.06,1,noaf
-70.6084,19.4006,260.76,484.8,2.06,1,noaf
-70.6084,19.4051,275.46,476.06,1.94,1,noaf
-70.6084,19.4096,275.46,476.06,1.94,1,noaf
-70.6084,19.4141,283.53,470.76,1.87,1,noaf
-70.6084,19.4186,283.53,470.76,1.87,1,noaf
-70.6084,19.4231,293.71,463.53,1.8,1,noaf
-70.6084,19.4276,293.71,463.53,1.8,1,noaf
-70.6083,19.4321,291.73,464.99,1.81,1,noaf
-70.6083,19.4366,291.73,464.99,1.81,1,noaf
-70.6083,19.4411,292.16,464.68,1.81,1,noaf
-70.6083,19.4456,292.16,464.68,1.81,1,noaf
-70.6083,19.4501,299.75,458.97,1.76,1,noaf
-70.6083,19.4546,310.17,450.61,1.69,1,noaf
-70.6083,19.4591,310.17,450.61,1.69,1,noaf
-70.6083,19.4636,312.85,448.36,1.68,1,noaf
-70.6083,19.4681,312.85,448.36,1.68,1,noaf
-70.6083,19.4726,335.79,427.48,1.54,1,noaf
-70.6083,19.477,335.79,427.48,1.54,1,noaf
-70.6083,19.4815,433.64,313.1,1.15,1,noaf
-70.6083,19.486,433.64,313.1,1.15,1,noaf
-70.6083,19.4905,516.99,208.72,0.94,1,noaf
-70.6083,19.495,516.99,208.72,0.94,1,noaf
-70.6083,19.4995,496.9,232.65,0.99,1,noaf
-70.6083,19.504,496.9,232.65,0.99,1,noaf
-70.6083,19.5085,518.71,206.72,0.94,1,noaf
-70.6083,19.513,587.52,136.45,0.81,1,noaf
-70.6083,19.5175,587.52,136.45,0.81,1,noaf
-70.6082,19.522,613.27,115.28,0.78,1,noaf
-70.6082,19.5265,613.27,115.28,0.78,1,noaf
-70.6082,19.531,713.87,57.39,0.65,1,noaf
-70.6082,19.5355,713.87,57.39,0.65,1,noaf
-70.6082,19.54,405.99,348.28,1.24,1,noaf
-70.6082,19.5445,405.99,348.28,1.24,1,noaf
-70.6037,19.3556,348.6,414.6,1.48,1,noaf
-70.6037,19.3601,348.6,414.6,1.48,1,noaf
-70.6037,19.3646,342.87,420.46,1.51,1,noaf
-70.6036,19.3691,342.87,420.46,1.51,1,noaf
-70.6036,19.3736,346.68,416.58,1.49,1,noaf
-70.6036,19.3781,346.68,416.58,1.49,1,noaf
-70.6036,19.3826,301.64,457.5,1.75,1,noaf
-70.6036,19.3871,301.64,457.5,1.75,1,noaf
-70.6036,19.3916,233.14,498.12,2.35,1,noaf
-70.6036,19.3961,273.79,477.11,1.95,1,noaf
-70.6036,19.4006,273.79,477.11,1.95,1,noaf
-70.6036,19.4051,280.3,472.92,1.9,1,noaf
-70.6036,19.4096,280.3,472.92,1.9,1,noaf
-70.6036,19.4141,283.75,470.6,1.87,1,noaf
-70.6036,19.4186,283.75,470.6,1.87,1,noaf
-70.6036,19.4231,286.76,468.53,1.85,1,noaf
-70.6036,19.4276,286.76,468.53,1.85,1,noaf
-70.6036,19.4321,285.4,469.47,1.86,1,noaf
-70.6036,19.4366,285.4,469.47,1.86,1,noaf
-70.6036,19.4411,292.29,464.58,1.81,1,noaf
-70.6036,19.4456,292.29,464.58,1.81,1,noaf
-70.6036,19.4501,307.47,452.84,1.71,1,noaf
-70.6036,19.4546,311.7,449.33,1.68,1,noaf
-70.6035,19.4591,311.7,449.33,1.68,1,noaf
-70.6035,19.4636,296.1,461.76,1.78,1,noaf
-70.6035,19.4681,296.1,461.76,1.78,1,noaf
-70.6035,19.4726,354.95,407.92,1.45,1,noaf
-70.6035,19.477,354.95,407.92,1.45,1,noaf
-70.6035,19.4815,499.98,228.91,0.98,1,noaf
-70.6035,19.486,499.98,228.91,0.98,1,noaf
-70.6035,19.4905,545.51,177.09,0.89,1,noaf
-70.6035,19.495,545.51,177.09,0.89,1,noaf
-70.6035,19.4995,475.91,258.77,1.04,1,noaf
-70.6035,19.504,475.91,258.77,1.04,1,noaf
-70.6035,19.5085,452.91,288.23,1.1,1,noaf
-70.6035,19.513,522.47,202.41,0.93,1,noaf
-70.6035,19.5175,522.47,202.41,0.93,1,noaf
-70.6035,19.522,585.45,138.28,0.82,1,noaf
-70.6035,19.5265,585.45,138.28,0.82,1,noaf
-70.6035,19.531,746.45,45.5,0.62,1,noaf
-70.6035,19.5355,746.45,45.5,0.62,1,noaf
-70.6035,19.54,556.1,166.15,0.87,1,noaf
-70.6035,19.5445,556.1,166.15,0.87,1,noaf
-70.5989,19.3556,348.6,414.6,1.48,1,noaf
-70.5989,19.3601,348.6,414.6,1.48,1,noaf
-70.5989,19.3646,342.87,420.46,1.51,1,noaf
-70.5989,19.3691,342.87,420.46,1.51,1,noaf
-70.5989,19.3736,346.68,416.58,1.49,1,noaf
-70.5989,19.3781,346.68,416.58,1.49,1,noaf
-70.5989,19.3826,301.64,457.5,1.75,1,noaf
-70.5989,19.3871,301.64,457.5,1.75,1,noaf
-70.5989,19.3916,233.14,498.12,2.35,1,noaf
-70.5989,19.3961,273.79,477.11,1.95,1,noaf
-70.5988,19.4006,273.79,477.11,1.95,1,noaf
-70.5988,19.4051,280.3,472.92,1.9,1,noaf
-70.5988,19.4096,280.3,472.92,1.9,1,noaf
-70.5988,19.4141,283.75,470.6,1.87,1,noaf
-70.5988,19.4186,283.75,470.6,1.87,1,noaf
-70.5988,19.4231,286.76,468.53,1.85,1,noaf
-70.5988,19.4276,286.76,468.53,1.85,1,noaf
-70.5988,19.4321,285.4,469.47,1.86,1,noaf
-70.5988,19.4366,285.4,469.47,1.86,1,noaf
-70.5988,19.4411,292.29,464.58,1.81,1,noaf
-70.5988,19.4456,292.29,464.58,1.81,1,noaf
-70.5988,19.4501,307.47,452.84,1.71,1,noaf
-70.5988,19.4546,311.7,449.33,1.68,1,noaf
-70.5988,19.4591,311.7,449.33,1.68,1,noaf
-70.5988,19.4636,296.1,461.76,1.78,1,noaf
-70.5988,19.4681,296.1,461.76,1.78,1,noaf
-70.5988,19.4726,354.95,407.92,1.45,1,noaf
-70.5988,19.477,354.95,407.92,1.45,1,noaf
-70.5988,19.4815,499.98,228.91,0.98,1,noaf
-70.5987,19.486,499.98,228.91,0.98,1,noaf
-70.5987,19.4905,545.51,177.09,0.89,1,noaf
-70.5987,19.495,545.51,177.09,0.89,1,noaf
-70.5987,19.4995,475.91,258.77,1.04,1,noaf
-70.5987,19.504,475.91,258.77,1.04,1,noaf
-70.5987,19.5085,452.91,288.23,1.1,1,noaf
-70.5987,19.513,522.47,202.41,0.93,1,noaf
-70.5987,19.5175,522.47,202.41,0.93,1,noaf
-70.5987,19.522,585.45,138.28,0.82,1,noaf
-70.5987,19.5265,585.45,138.28,0.82,1,noaf
-70.5987,19.531,746.45,45.5,0.62,1,noaf
-70.5987,19.5355,746.45,45.5,0.62,1,noaf
-70.5987,19.54,556.1,166.15,0.87,1,noaf
-70.5987,19.5445,556.1,166.15,0.87,1,noaf
-70.5941,19.3556,366.71,395.05,1.4,1,noaf
-70.5941,19.3601,366.71,395.05,1.4,1,noaf
-70.5941,19.3646,397.1,359.29,1.28,1,noaf
-70.5941,19.3691,397.1,359.29,1.28,1,noaf
-70.5941,19.3736,355.16,407.69,1.45,1,noaf
-70.5941,19.3781,355.16,407.69,1.45,1,noaf
-70.5941,19.3826,303.32,456.18,1.74,1,noaf
-70.5941,19.3871,303.32,456.18,1.74,1,noaf
-70.5941,19.3916,231.57,498.76,2.36,1,noaf
-70.5941,19.3961,278.05,474.4,1.92,1,noaf
-70.5941,19.4006,278.05,474.4,1.92,1,noaf
-70.5941,19.4051,288.65,467.2,1.84,1,noaf
-70.5941,19.4096,288.65,467.2,1.84,1,noaf
-70.5941,19.4141,285.19,469.62,1.86,1,noaf
-70.5941,19.4186,285.19,469.62,1.86,1,noaf
-70.5941,19.4231,285.57,469.36,1.86,1,noaf
-70.594,19.4276,285.57,469.36,1.86,1,noaf
-70.594,19.4321,289.92,466.29,1.83,1,noaf
-70.594,19.4366,289.92,466.29,1.83,1,noaf
-70.594,19.4411,305.09,454.77,1.72,1,noaf
-70.594,19.4456,305.09,454.77,1.72,1,noaf
-70.594,19.4501,318.5,443.48,1.64,1,noaf
-70.594,19.4546,308.07,452.35,1.7,1,noaf
-70.594,19.4591,308.07,452.35,1.7,1,noaf
-70.594,19.4636,291.74,464.98,1.81,1,noaf
-70.594,19.4681,291.74,464.98,1.81,1,noaf
-70.594,19.4726,395.65,361.06,1.28,1,noaf
-70.594,19.477,395.65,361.06,1.28,1,noaf
-70.594,19.4815,513.42,212.88,0.95,1,noaf
-70.594,19.486,513.42,212.88,0.95,1,noaf
-70.594,19.4905,560.44,161.8,0.86,1,noaf
-70.594,19.495,560.44,161.8,0.86,1,noaf
-70.594,19.4995,520.17,205.05,0.94,1,noaf
-70.594,19.504,520.17,205.05,0.94,1,noaf
-70.594,19.5085,554.02,168.26,0.87,1,noaf
-70.5939,19.513,544.42,178.25,0.89,1,noaf
-70.5939,19.5175,544.42,178.25,0.89,1,noaf
-70.5939,19.522,628.74,103.9,0.75,1,noaf
-70.5939,19.5265,628.74,103.9,0.75,1,noaf
-70.5939,19.531,900.0,15.46,0.5,1,noaf
-70.5939,19.5355,900.0,15.46,0.5,1,noaf
-70.5939,19.54,648.99,90.49,0.73,1,noaf
-70.5939,19.5445,648.99,90.49,0.73,1,noaf
-70.5894,19.3556,366.71,395.05,1.4,1,noaf
-70.5894,19.3601,366.71,395.05,1.4,1,noaf
-70.5894,19.3646,397.1,359.29,1.28,1,noaf
-70.5893,19.3691,397.1,359.29,1.28,1,noaf
-70.5893,19.3736,355.16,407.69,1.45,1,noaf
-70.5893,19.3781,355.16,407.69,1.45,1,noaf
-70.5893,19.3826,303.32,456.18,1.74,1,noaf
-70.5893,19.3871,303.32,456.18,1.74,1,noaf
-70.5893,19.3916,231.57,498.76,2.36,1,noaf
-70.5893,19.3961,278.05,474.4,1.92,1,noaf
-70.5893,19.4006,278.05,474.4,1.92,1,noaf
-70.5893,19.4051,288.65,467.2,1.84,1,noaf
-70.5893,19.4096,288.65,467.2,1.84,1,noaf
-70.5893,19.4141,285.19,469.62,1.86,1,noaf
-70.5893,19.4186,285.19,469.62,1.86,1,noaf
-70.5893,19.4231,285.57,469.36,1.86,1,noaf
-70.5893,19.4276,285.57,469.36,1.86,1,noaf
-70.5893,19.4321,289.92,466.29,1.83,1,noaf
-70.5893,19.4366,289.92,466.29,1.83,1,noaf
-70.5893,19.4411,305.09,454.77,1.72,1,noaf
-70.5893,19.4456,305.09,454.77,1.72,1,noaf
-70.5893,19.4501,318.5,443.48,1.64,1,noaf
-70.5892,19.4546,308.07,452.35,1.7,1,noaf
-70.5892,19.4591,308.07,452.35,1.7,1,noaf
-70.5892,19.4636,291.74,464.98,1.81,1,noaf
-70.5892,19.4681,291.74,464.98,1.81,1,noaf
-70.5892,19.4726,395.65,361.06,1.28,1,noaf
-70.5892,19.477,395.65,361.06,1.28,1,noaf
-70.5892,19.4815,513.42,212.88,0.95,1,noaf
-70.5892,19.486,513.42,212.88,0.95,1,noaf
-70.5892,19.4905,560.44,161.8,0.86,1,noaf
-70.5892,19.495,560.44,161.8,0.86,1,noaf
-70.5892,19.4995,520.17,205.05,0.94,1,noaf
-70.5892,19.504,520.17,205.05,0.94,1,noaf
-70.5892,19.5085,554.02,168.26,0.87,1,noaf
-70.5892,19.513,544.42,178.25,0.89,1,noaf
-70.5892,19.5175,544.42,178.25,0.89,1,noaf
-70.5892,19.522,628.74,103.9,0.75,1,noaf
-70.5892,19.5265,628.74,103.9,0.75,1,noaf
-70.5892,19.531,900.0,15.46,0.5,1,noaf
-70.5891,19.5355,900.0,15.46,0.5,1,noaf
-70.5891,19.54,648.99,90.49,0.73,1,noaf
