<?xml version="1.0" encoding="UTF-8"?>
<nrml xmlns:gml="http://www.opengis.net/gml" xmlns="http://openquake.org/xmlns/nrml/0.4">
  <exposureModel id="exposure" category="buildings" taxonomySource="GEM taxonomy">
    <description>exposure model</description>
    <conversions>
      <costTypes>
        <costType name="structural" type="aggregated" unit="USD"/>
      </costTypes>
    </conversions>
    <occupancyPeriods>night</occupancyPeriods>
    <tagNames>occupancy material llrs code height id_barrio nm_barrio id_parroquia nm_parroquia id_zona nm_zona MICROZONE</tagNames>
    <assets>
    Exposure_Quito_br1.csv
    </assets>
  </exposureModel>
</nrml>
