lon,lat,vs30,z1pt0,z2pt5,vs30measured
-76.6,3.3072,900,15.46,0.5,1
-76.6,3.3139,900,15.46,0.5,1
-76.6,3.3207,900,15.46,0.5,1
-76.6,3.3274,897.21,15.76,0.5,1
-76.6,3.3342,703.88,61.61,0.66,1
-76.6,3.3409,612.47,115.9,0.78,1
-76.6,3.3476,866.38,19.49,0.52,1
-76.6,3.3544,895.4,15.95,0.5,1
-76.6,3.3611,895.4,15.95,0.5,1
-76.6,3.3679,900,15.46,0.5,1
-76.6,3.3746,858.56,20.58,0.53,1
-76.6,3.3814,764.01,40.14,0.6,1
-76.6,3.3881,604.4,122.25,0.79,1
-76.6,3.3949,604.4,122.25,0.79,1
-76.6,3.4016,850.73,21.73,0.53,1
-76.6,3.4084,900,15.46,0.5,1
-76.6,3.4151,900,15.46,0.5,1
-76.6,3.4219,779.56,35.93,0.59,1
-76.6,3.4286,779.56,35.93,0.59,1
-76.6,3.4353,697.48,64.46,0.67,1
-76.6,3.4421,730.79,50.88,0.63,1
-76.6,3.4488,637.85,97.67,0.74,1
-76.6,3.4556,643.21,94.15,0.73,1
-76.6,3.4623,643.21,94.15,0.73,1
-76.6,3.4691,815.46,27.85,0.56,1
-76.6,3.4758,804.49,30.1,0.57,1
-76.6,3.4825,900,15.46,0.5,1
-76.6,3.4893,608.66,118.86,0.78,1
-76.6,3.496,570.14,152.36,0.84,1
-76.6,3.5028,570.14,152.36,0.84,1
-76.6,3.5095,732.01,50.44,0.63,1
-76.6,3.5163,700.95,62.9,0.67,1
-76.6,3.523,585.98,137.81,0.82,1
-76.5932,3.3072,900,15.46,0.5,1
-76.5932,3.3139,900,15.46,0.5,1
-76.5932,3.3207,900,15.46,0.5,1
-76.5932,3.3274,812.76,28.39,0.56,1
-76.5932,3.3342,572.84,149.8,0.84,1
-76.5932,3.3409,483.31,249.46,1.02,1
-76.5932,3.3476,628.92,103.78,0.75,1
-76.5932,3.3544,710.09,58.95,0.66,1
-76.5932,3.3611,710.09,58.95,0.66,1
-76.5932,3.3679,900,15.46,0.5,1
-76.5932,3.3746,900,15.46,0.5,1
-76.5932,3.3814,727.38,52.13,0.64,1
-76.5932,3.3881,583.7,139.84,0.82,1
-76.5932,3.3949,583.7,139.84,0.82,1
-76.5932,3.4016,728.43,51.74,0.64,1
-76.5932,3.4084,900,15.46,0.5,1
-76.5932,3.4151,900,15.46,0.5,1
-76.5932,3.4219,900,15.46,0.5,1
-76.5932,3.4286,900,15.46,0.5,1
-76.5932,3.4353,900,15.46,0.5,1
-76.5932,3.4421,805.37,29.91,0.57,1
-76.5932,3.4488,739.61,47.78,0.63,1
-76.5932,3.4556,599.93,125.89,0.8,1
-76.5932,3.4623,599.93,125.89,0.8,1
-76.5932,3.4691,756.03,42.49,0.61,1
-76.5932,3.4758,690.76,67.6,0.68,1
-76.5932,3.4825,694.51,65.83,0.67,1
-76.5932,3.4893,900,15.46,0.5,1
-76.5932,3.496,863.41,19.89,0.52,1
-76.5932,3.5028,863.41,19.89,0.52,1
-76.5932,3.5095,748.32,44.9,0.62,1
-76.5932,3.5163,704.23,61.45,0.66,1
-76.5932,3.523,764.76,39.93,0.6,1
-76.5865,3.3072,839.53,23.51,0.54,1
-76.5865,3.3139,808.86,29.18,0.57,1
-76.5865,3.3207,808.86,29.18,0.57,1
-76.5865,3.3274,667.3,79.69,0.7,1
-76.5865,3.3342,570.22,152.28,0.84,1
-76.5865,3.3409,501,227.67,0.98,1
-76.5865,3.3476,540.72,182.18,0.9,1
-76.5865,3.3544,711.16,58.51,0.65,1
-76.5865,3.3611,711.16,58.51,0.65,1
-76.5865,3.3679,753.09,43.39,0.61,1
-76.5865,3.3746,693.27,66.41,0.67,1
-76.5865,3.3814,608.18,119.24,0.78,1
-76.5865,3.3881,565.69,156.63,0.85,1
-76.5865,3.3949,565.69,156.63,0.85,1
-76.5865,3.4016,694.09,66.02,0.67,1
-76.5865,3.4084,732.8,50.15,0.63,1
-76.5865,3.4151,845.28,22.58,0.54,1
-76.5865,3.4219,657.06,85.57,0.72,1
-76.5865,3.4286,657.06,85.57,0.72,1
-76.5865,3.4353,607.84,119.51,0.78,1
-76.5865,3.4421,765.01,39.86,0.6,1
-76.5865,3.4488,705.89,60.73,0.66,1
-76.5865,3.4556,533.51,190.03,0.91,1
-76.5865,3.4623,533.51,190.03,0.91,1
-76.5865,3.4691,618.92,111.01,0.77,1
-76.5865,3.4758,673.39,76.37,0.7,1
-76.5865,3.4825,802.05,30.62,0.57,1
-76.5865,3.4893,826.74,25.72,0.55,1
-76.5865,3.496,786.58,34.18,0.58,1
-76.5865,3.5028,786.58,34.18,0.58,1
-76.5865,3.5095,699.15,63.7,0.67,1
-76.5865,3.5163,605.59,121.3,0.79,1
-76.5865,3.523,492.72,237.78,1,1
-76.5797,3.3072,839.53,23.51,0.54,1
-76.5797,3.3139,808.86,29.18,0.57,1
-76.5797,3.3207,808.86,29.18,0.57,1
-76.5797,3.3274,667.3,79.69,0.7,1
-76.5797,3.3342,570.22,152.28,0.84,1
-76.5797,3.3409,501,227.67,0.98,1
-76.5797,3.3476,540.72,182.18,0.9,1
-76.5797,3.3544,711.16,58.51,0.65,1
-76.5797,3.3611,711.16,58.51,0.65,1
-76.5797,3.3679,753.09,43.39,0.61,1
-76.5797,3.3746,693.27,66.41,0.67,1
-76.5797,3.3814,608.18,119.24,0.78,1
-76.5797,3.3881,565.69,156.63,0.85,1
-76.5797,3.3949,565.69,156.63,0.85,1
-76.5797,3.4016,694.09,66.02,0.67,1
-76.5797,3.4084,732.8,50.15,0.63,1
-76.5797,3.4151,845.28,22.58,0.54,1
-76.5797,3.4219,657.06,85.57,0.72,1
-76.5797,3.4286,657.06,85.57,0.72,1
-76.5797,3.4353,607.84,119.51,0.78,1
-76.5797,3.4421,765.01,39.86,0.6,1
-76.5797,3.4488,705.89,60.73,0.66,1
-76.5797,3.4556,533.51,190.03,0.91,1
-76.5797,3.4623,533.51,190.03,0.91,1
-76.5797,3.4691,618.92,111.01,0.77,1
-76.5797,3.4758,673.39,76.37,0.7,1
-76.5797,3.4825,802.05,30.62,0.57,1
-76.5797,3.4893,826.74,25.72,0.55,1
-76.5797,3.496,786.58,34.18,0.58,1
-76.5797,3.5028,786.58,34.18,0.58,1
-76.5797,3.5095,699.15,63.7,0.67,1
-76.5797,3.5163,605.59,121.3,0.79,1
-76.5797,3.523,492.72,237.78,1,1
-76.573,3.3072,598.49,127.08,0.8,1
-76.573,3.3139,589.69,134.56,0.81,1
-76.573,3.3207,589.69,134.56,0.81,1
-76.573,3.3274,548.95,173.48,0.88,1
-76.573,3.3342,573.94,148.77,0.84,1
-76.573,3.3409,526.16,198.23,0.92,1
-76.573,3.3476,538.99,184.05,0.9,1
-76.573,3.3544,667.98,79.31,0.7,1
-76.573,3.3611,667.98,79.31,0.7,1
-76.573,3.3679,594.49,130.44,0.8,1
-76.573,3.3746,569.32,153.13,0.84,1
-76.573,3.3814,561.98,160.26,0.86,1
-76.573,3.3881,579.74,143.41,0.83,1
-76.573,3.3949,579.74,143.41,0.83,1
-76.573,3.4016,654.67,87.01,0.72,1
-76.573,3.4084,516.7,209.05,0.94,1
-76.573,3.4151,785.81,34.37,0.58,1
-76.573,3.4219,672.5,76.85,0.7,1
-76.573,3.4286,672.5,76.85,0.7,1
-76.573,3.4353,473.07,262.37,1.04,1
-76.573,3.4421,571.74,150.84,0.84,1
-76.573,3.4488,584.1,139.48,0.82,1
-76.573,3.4556,600.14,125.72,0.8,1
-76.573,3.4623,600.14,125.72,0.8,1
-76.573,3.4691,779.23,36.02,0.59,1
-76.573,3.4758,780.49,35.69,0.59,1
-76.573,3.4825,718.74,55.44,0.65,1
-76.573,3.4893,734.39,49.59,0.63,1
-76.573,3.496,876.4,18.18,0.52,1
-76.573,3.5028,876.4,18.18,0.52,1
-76.573,3.5095,852.61,21.45,0.53,1
-76.573,3.5163,772.57,37.77,0.6,1
-76.573,3.523,813.24,28.29,0.56,1
-76.5662,3.3072,567.14,155.23,0.85,1
-76.5662,3.3139,567.02,155.34,0.85,1
-76.5662,3.3207,567.02,155.34,0.85,1
-76.5662,3.3274,552.07,170.25,0.87,1
-76.5662,3.3342,557.4,164.84,0.87,1
-76.5662,3.3409,495.66,234.17,0.99,1
-76.5662,3.3476,515.61,210.32,0.95,1
-76.5662,3.3544,571.43,151.13,0.84,1
-76.5662,3.3611,571.43,151.13,0.84,1
-76.5662,3.3679,515.43,210.54,0.95,1
-76.5662,3.3746,547.37,175.13,0.88,1
-76.5662,3.3814,591.41,133.07,0.81,1
-76.5662,3.3881,657.83,85.12,0.72,1
-76.5662,3.3949,657.83,85.12,0.72,1
-76.5662,3.4016,608.13,119.28,0.78,1
-76.5662,3.4084,469.45,266.99,1.05,1
-76.5662,3.4151,677.19,74.37,0.69,1
-76.5662,3.4219,900,15.46,0.5,1
-76.5662,3.4286,900,15.46,0.5,1
-76.5662,3.4353,467.74,269.17,1.06,1
-76.5662,3.4421,684.37,70.71,0.68,1
-76.5662,3.4488,515.59,210.35,0.95,1
-76.5662,3.4556,555.81,166.44,0.87,1
-76.5662,3.4623,555.81,166.44,0.87,1
-76.5662,3.4691,675.45,75.28,0.69,1
-76.5662,3.4758,839.66,23.48,0.54,1
-76.5662,3.4825,900,15.46,0.5,1
-76.5662,3.4893,859.1,20.5,0.53,1
-76.5662,3.496,805.42,29.9,0.57,1
-76.5662,3.5028,805.42,29.9,0.57,1
-76.5662,3.5095,825.21,26,0.55,1
-76.5662,3.5163,706.52,60.46,0.66,1
-76.5662,3.523,899.68,15.49,0.5,1
-76.5595,3.3072,502.54,225.81,0.97,1
-76.5595,3.3139,543.74,178.96,0.89,1
-76.5595,3.3207,543.74,178.96,0.89,1
-76.5595,3.3274,553.9,168.38,0.87,1
-76.5595,3.3342,507.99,219.29,0.96,1
-76.5595,3.3409,467.13,269.95,1.06,1
-76.5595,3.3476,490.76,240.19,1,1
-76.5595,3.3544,493.3,237.06,0.99,1
-76.5595,3.3611,493.3,237.06,0.99,1
-76.5595,3.3679,436.28,309.7,1.15,1
-76.5595,3.3746,518.81,206.61,0.94,1
-76.5595,3.3814,607.21,120,0.78,1
-76.5595,3.3881,612.56,115.82,0.78,1
-76.5595,3.3949,612.56,115.82,0.78,1
-76.5595,3.4016,572.45,150.17,0.84,1
-76.5595,3.4084,451.5,290.04,1.1,1
-76.5595,3.4151,535.31,188.05,0.91,1
-76.5595,3.4219,868.5,19.2,0.52,1
-76.5595,3.4286,868.5,19.2,0.52,1
-76.5595,3.4353,844.58,22.69,0.54,1
-76.5595,3.4421,658.22,84.89,0.72,1
-76.5595,3.4488,555.44,166.82,0.87,1
-76.5595,3.4556,426.87,321.81,1.17,1
-76.5595,3.4623,426.87,321.81,1.17,1
-76.5595,3.4691,487.31,244.47,1.01,1
-76.5595,3.4758,559.59,162.63,0.86,1
-76.5595,3.4825,615.19,113.81,0.77,1
-76.5595,3.4893,717.68,55.85,0.65,1
-76.5595,3.496,819.42,27.08,0.56,1
-76.5595,3.5028,819.42,27.08,0.56,1
-76.5594,3.5095,707.57,60.01,0.66,1
-76.5594,3.5163,731.35,50.68,0.63,1
-76.5594,3.523,900,15.46,0.5,1
-76.5527,3.3072,402.07,353.16,1.26,1
-76.5527,3.3139,459.25,280.05,1.08,1
-76.5527,3.3207,459.25,280.05,1.08,1
-76.5527,3.3274,451.84,289.6,1.1,1
-76.5527,3.3342,446.89,296,1.11,1
-76.5527,3.3409,416.25,335.36,1.21,1
-76.5527,3.3476,473.4,261.96,1.04,1
-76.5527,3.3544,469.03,267.52,1.05,1
-76.5527,3.3611,469.03,267.52,1.05,1
-76.5527,3.3679,448.79,293.55,1.11,1
-76.5527,3.3746,500.87,227.83,0.98,1
-76.5527,3.3814,498.06,231.24,0.98,1
-76.5527,3.3881,429.05,319,1.17,1
-76.5527,3.3949,429.05,319,1.17,1
-76.5527,3.4016,417.26,334.08,1.2,1
-76.5527,3.4084,374.47,386.24,1.36,1
-76.5527,3.4151,385.25,373.61,1.32,1
-76.5527,3.4219,586.12,137.68,0.82,1
-76.5527,3.4286,586.12,137.68,0.82,1
-76.5527,3.4353,793.81,32.47,0.58,1
-76.5527,3.4421,663.48,81.84,0.71,1
-76.5527,3.4488,487.32,244.45,1.01,1
-76.5527,3.4556,600.68,125.27,0.79,1
-76.5527,3.4623,600.68,125.27,0.79,1
-76.5527,3.4691,702.84,62.06,0.66,1
-76.5527,3.4758,546.07,176.49,0.89,1
-76.5527,3.4825,441.11,303.46,1.13,1
-76.5527,3.4893,658.22,84.89,0.72,1
-76.5527,3.496,714.04,57.32,0.65,1
-76.5527,3.5028,714.04,57.32,0.65,1
-76.5527,3.5095,746.44,45.5,0.62,1
-76.5527,3.5163,858.48,20.59,0.53,1
-76.5527,3.523,900,15.46,0.5,1
-76.546,3.3072,402.07,353.16,1.26,1
-76.546,3.3139,459.25,280.05,1.08,1
-76.546,3.3207,459.25,280.05,1.08,1
-76.546,3.3274,451.84,289.6,1.1,1
-76.546,3.3342,446.89,296,1.11,1
-76.546,3.3409,416.25,335.36,1.21,1
-76.546,3.3476,473.4,261.96,1.04,1
-76.546,3.3544,469.03,267.52,1.05,1
-76.546,3.3611,469.03,267.52,1.05,1
-76.546,3.3679,448.79,293.55,1.11,1
-76.546,3.3746,500.87,227.83,0.98,1
-76.546,3.3814,498.06,231.24,0.98,1
-76.546,3.3881,429.05,319,1.17,1
-76.546,3.3949,429.05,319,1.17,1
-76.546,3.4016,417.26,334.08,1.2,1
-76.546,3.4084,374.47,386.24,1.36,1
-76.546,3.4151,385.25,373.61,1.32,1
-76.546,3.4219,586.12,137.68,0.82,1
-76.5459,3.4286,586.12,137.68,0.82,1
-76.5459,3.4353,793.81,32.47,0.58,1
-76.5459,3.4421,663.48,81.84,0.71,1
-76.5459,3.4488,487.32,244.45,1.01,1
-76.5459,3.4556,600.68,125.27,0.79,1
-76.5459,3.4623,600.68,125.27,0.79,1
-76.5459,3.4691,702.84,62.06,0.66,1
-76.5459,3.4758,546.07,176.49,0.89,1
-76.5459,3.4825,441.11,303.46,1.13,1
-76.5459,3.4893,658.22,84.89,0.72,1
-76.5459,3.496,714.04,57.32,0.65,1
-76.5459,3.5028,714.04,57.32,0.65,1
-76.5459,3.5095,746.44,45.5,0.62,1
-76.5459,3.5163,858.48,20.59,0.53,1
-76.5459,3.523,900,15.46,0.5,1
-76.5392,3.3072,353.01,409.98,1.46,1
-76.5392,3.3139,385.19,373.69,1.32,1
-76.5392,3.3207,385.19,373.69,1.32,1
-76.5392,3.3274,399.51,356.32,1.27,1
-76.5392,3.3342,405.44,348.97,1.25,1
-76.5392,3.3409,421.82,328.27,1.19,1
-76.5392,3.3476,486.5,245.48,1.01,1
-76.5392,3.3544,466.15,271.2,1.06,1
-76.5392,3.3611,466.15,271.2,1.06,1
-76.5392,3.3679,425.74,323.25,1.18,1
-76.5392,3.3746,389.87,368.08,1.3,1
-76.5392,3.3814,310.68,450.18,1.69,1
-76.5392,3.3881,272.93,477.65,1.96,1
-76.5392,3.3949,272.93,477.65,1.96,1
-76.5392,3.4016,229.89,499.43,2.38,1
-76.5392,3.4084,258.77,485.89,2.08,1
-76.5392,3.4151,273.91,477.04,1.95,1
-76.5392,3.4219,367.77,393.86,1.39,1
-76.5392,3.4286,367.77,393.86,1.39,1
-76.5392,3.4353,504.44,223.53,0.97,1
-76.5392,3.4421,531.43,192.33,0.91,1
-76.5392,3.4488,534.57,188.86,0.91,1
-76.5392,3.4556,723.27,53.68,0.64,1
-76.5392,3.4623,723.27,53.68,0.64,1
-76.5392,3.4691,773.14,37.61,0.6,1
-76.5392,3.4758,696.55,64.89,0.67,1
-76.5392,3.4825,696.37,64.97,0.67,1
-76.5392,3.4893,801.37,30.77,0.57,1
-76.5392,3.496,900,15.46,0.5,1
-76.5392,3.5028,900,15.46,0.5,1
-76.5392,3.5095,900,15.46,0.5,1
-76.5392,3.5163,874.58,18.41,0.52,1
-76.5392,3.523,900,15.46,0.5,1
-76.5324,3.3072,336.46,426.82,1.54,1
-76.5324,3.3139,363.66,398.45,1.41,1
-76.5324,3.3207,363.66,398.45,1.41,1
-76.5324,3.3274,384.94,373.98,1.32,1
-76.5324,3.3342,393.49,363.7,1.29,1
-76.5324,3.3409,440.68,304.02,1.13,1
-76.5324,3.3476,459.96,279.14,1.08,1
-76.5324,3.3544,400.45,355.17,1.26,1
-76.5324,3.3611,400.45,355.17,1.26,1
-76.5324,3.3679,349.18,414,1.48,1
-76.5324,3.3746,312.28,448.84,1.68,1
-76.5324,3.3814,291.78,464.95,1.81,1
-76.5324,3.3881,284.73,469.94,1.87,1
-76.5324,3.3949,284.73,469.94,1.87,1
-76.5324,3.4016,264.5,482.69,2.03,1
-76.5324,3.4084,266.83,481.33,2.01,1
-76.5324,3.4151,267.64,480.86,2,1
-76.5324,3.4219,253.17,488.85,2.13,1
-76.5324,3.4286,253.17,488.85,2.13,1
-76.5324,3.4353,306.01,454.02,1.72,1
-76.5324,3.4421,395.25,361.55,1.28,1
-76.5324,3.4488,420.82,329.54,1.19,1
-76.5324,3.4556,556.29,165.95,0.87,1
-76.5324,3.4623,556.29,165.95,0.87,1
-76.5324,3.4691,799.26,31.23,0.57,1
-76.5324,3.4758,884.46,17.2,0.51,1
-76.5324,3.4825,813.97,28.14,0.56,1
-76.5324,3.4893,854.1,21.23,0.53,1
-76.5324,3.496,900,15.46,0.5,1
-76.5324,3.5028,900,15.46,0.5,1
-76.5324,3.5095,900,15.46,0.5,1
-76.5324,3.5163,874.43,18.43,0.52,1
-76.5324,3.523,791.94,32.9,0.58,1
-76.5257,3.3072,331.35,431.74,1.57,1
-76.5257,3.3139,345.63,417.66,1.49,1
-76.5257,3.3207,345.63,417.66,1.49,1
-76.5257,3.3274,365.2,396.73,1.4,1
-76.5257,3.3342,381.38,378.18,1.34,1
-76.5257,3.3409,404.21,350.49,1.25,1
-76.5257,3.3476,395.09,361.75,1.28,1
-76.5257,3.3544,342.27,421.07,1.51,1
-76.5257,3.3611,342.27,421.07,1.51,1
-76.5257,3.3679,301.5,457.61,1.75,1
-76.5257,3.3746,303.06,456.38,1.74,1
-76.5257,3.3814,291.13,465.42,1.82,1
-76.5257,3.3881,277.83,474.54,1.92,1
-76.5257,3.3949,277.83,474.54,1.92,1
-76.5257,3.4016,259.46,485.51,2.08,1
-76.5257,3.4084,250.24,490.33,2.16,1
-76.5257,3.4151,242.52,494.02,2.24,1
-76.5257,3.4219,250.95,489.98,2.16,1
-76.5257,3.4286,250.95,489.98,2.16,1
-76.5257,3.4353,276.78,475.22,1.93,1
-76.5257,3.4421,318.05,443.88,1.64,1
-76.5257,3.4488,333.5,429.69,1.56,1
-76.5257,3.4556,395.69,361.02,1.28,1
-76.5257,3.4623,395.69,361.02,1.28,1
-76.5257,3.4691,471.59,264.25,1.05,1
-76.5257,3.4758,516.04,209.82,0.94,1
-76.5257,3.4825,514.31,211.85,0.95,1
-76.5257,3.4893,565.53,156.79,0.85,1
-76.5257,3.496,653.31,87.82,0.72,1
-76.5257,3.5028,653.31,87.82,0.72,1
-76.5257,3.5095,776.19,36.8,0.59,1
-76.5257,3.5163,767.37,39.19,0.6,1
-76.5257,3.523,578.95,144.13,0.83,1
-76.5189,3.3072,322.56,439.88,1.62,1
-76.5189,3.3139,330.56,432.48,1.57,1
-76.5189,3.3207,330.56,432.48,1.57,1
-76.5189,3.3274,345.7,417.59,1.49,1
-76.5189,3.3342,363.24,398.9,1.41,1
-76.5189,3.3409,363.07,399.09,1.41,1
-76.5189,3.3476,352.12,410.92,1.46,1
-76.5189,3.3544,320.45,441.76,1.63,1
-76.5189,3.3611,320.45,441.76,1.63,1
-76.5189,3.3679,282.81,471.24,1.88,1
-76.5189,3.3746,273.34,477.39,1.95,1
-76.5189,3.3814,277.43,474.8,1.92,1
-76.5189,3.3881,264.15,482.89,2.03,1
-76.5189,3.3949,264.15,482.89,2.03,1
-76.5189,3.4016,242.88,493.86,2.24,1
-76.5189,3.4084,235.32,497.2,2.32,1
-76.5189,3.4151,238.64,495.77,2.28,1
-76.5189,3.4219,252.86,489.01,2.14,1
-76.5189,3.4286,252.86,489.01,2.14,1
-76.5189,3.4353,270.05,479.42,1.98,1
-76.5189,3.4421,283.55,470.74,1.87,1
-76.5189,3.4488,303.43,456.09,1.73,1
-76.5189,3.4556,287.68,467.88,1.84,1
-76.5189,3.4623,287.68,467.88,1.84,1
-76.5189,3.4691,250.19,490.36,2.16,1
-76.5189,3.4758,260.39,485,2.07,1
-76.5189,3.4825,290.72,465.72,1.82,1
-76.5189,3.4893,354.55,408.34,1.45,1
-76.5189,3.496,412.09,340.63,1.22,1
-76.5189,3.5028,412.09,340.63,1.22,1
-76.5189,3.5095,500.66,228.09,0.98,1
-76.5189,3.5163,525.16,199.36,0.93,1
-76.5189,3.523,491.69,239.05,1,1
-76.5122,3.3072,305.67,454.3,1.72,1
-76.5122,3.3139,318.76,443.26,1.64,1
-76.5122,3.3207,318.76,443.26,1.64,1
-76.5122,3.3274,330.48,432.56,1.57,1
-76.5122,3.3342,344.01,419.31,1.5,1
-76.5122,3.3409,340.27,423.07,1.52,1
-76.5122,3.3476,328.64,434.3,1.58,1
-76.5122,3.3544,297.82,460.45,1.77,1
-76.5122,3.3611,297.82,460.45,1.77,1
-76.5122,3.3679,258.33,486.13,2.09,1
-76.5122,3.3746,243.07,493.77,2.24,1
-76.5122,3.3814,247.58,491.64,2.19,1
-76.5122,3.3881,241.72,494.39,2.25,1
-76.5122,3.3949,241.72,494.39,2.25,1
-76.5122,3.4016,226.43,500.78,2.42,1
-76.5122,3.4084,216.02,504.51,2.56,1
-76.5122,3.4151,222.03,502.42,2.48,1
-76.5122,3.4219,241.12,494.66,2.26,1
-76.5122,3.4286,241.12,494.66,2.26,1
-76.5122,3.4353,266.81,481.34,2.01,1
-76.5122,3.4421,273.26,477.45,1.96,1
-76.5122,3.4488,279.47,473.47,1.91,1
-76.5122,3.4556,282.46,471.48,1.88,1
-76.5122,3.4623,282.46,471.48,1.88,1
-76.5122,3.4691,272.93,477.65,1.96,1
-76.5122,3.4758,266.82,481.34,2.01,1
-76.5122,3.4825,257.62,486.51,2.09,1
-76.5122,3.4893,250.38,490.26,2.16,1
-76.5122,3.496,265.46,482.13,2.02,1
-76.5122,3.5028,265.46,482.13,2.02,1
-76.5122,3.5095,295.64,462.1,1.79,1
-76.5122,3.5163,315.49,446.1,1.66,1
-76.5122,3.523,372.29,388.74,1.37,1
-76.5054,3.3072,305.67,454.3,1.72,1
-76.5054,3.3139,318.76,443.26,1.64,1
-76.5054,3.3207,318.76,443.26,1.64,1
-76.5054,3.3274,330.48,432.56,1.57,1
-76.5054,3.3342,344.01,419.31,1.5,1
-76.5054,3.3409,340.27,423.07,1.52,1
-76.5054,3.3476,328.64,434.3,1.58,1
-76.5054,3.3544,297.82,460.45,1.77,1
-76.5054,3.3611,297.82,460.45,1.77,1
-76.5054,3.3679,258.33,486.13,2.09,1
-76.5054,3.3746,243.07,493.77,2.24,1
-76.5054,3.3814,247.58,491.64,2.19,1
-76.5054,3.3881,241.72,494.39,2.25,1
-76.5054,3.3949,241.72,494.39,2.25,1
-76.5054,3.4016,226.43,500.78,2.42,1
-76.5054,3.4084,216.02,504.51,2.56,1
-76.5054,3.4151,222.03,502.42,2.48,1
-76.5054,3.4219,241.12,494.66,2.26,1
-76.5054,3.4286,241.12,494.66,2.26,1
-76.5054,3.4353,266.81,481.34,2.01,1
-76.5054,3.4421,273.26,477.45,1.96,1
-76.5054,3.4488,279.47,473.47,1.91,1
-76.5054,3.4556,282.46,471.48,1.88,1
-76.5054,3.4623,282.46,471.48,1.88,1
-76.5054,3.4691,272.93,477.65,1.96,1
-76.5054,3.4758,266.82,481.34,2.01,1
-76.5054,3.4825,257.62,486.51,2.09,1
-76.5054,3.4893,250.38,490.26,2.16,1
-76.5054,3.496,265.46,482.13,2.02,1
-76.5054,3.5028,265.46,482.13,2.02,1
-76.5054,3.5095,295.64,462.1,1.79,1
-76.5054,3.5163,315.49,446.1,1.66,1
-76.5054,3.523,372.29,388.74,1.37,1
-76.4987,3.3072,270.1,479.39,1.98,1
-76.4987,3.3139,293.14,463.96,1.8,1
-76.4987,3.3207,293.14,463.96,1.8,1
-76.4987,3.3274,298.84,459.67,1.77,1
-76.4987,3.3342,306.81,453.38,1.71,1
-76.4987,3.3409,310.06,450.7,1.69,1
-76.4986,3.3476,293.92,463.38,1.8,1
-76.4986,3.3544,262.15,484.02,2.05,1
-76.4986,3.3611,262.15,484.02,2.05,1
-76.4986,3.3679,233.71,497.88,2.34,1
-76.4986,3.3746,228.61,499.94,2.4,1
-76.4986,3.3814,223.46,501.89,2.46,1
-76.4986,3.3881,211.72,505.91,2.62,1
-76.4986,3.3949,211.72,505.91,2.62,1
-76.4986,3.4016,210.55,506.28,2.64,1
-76.4986,3.4084,180,514.02,3.15,1
-76.4986,3.4151,180,514.02,3.15,1
-76.4986,3.4219,210.56,506.27,2.63,1
-76.4986,3.4286,210.56,506.27,2.63,1
-76.4986,3.4353,246.41,492.2,2.2,1
-76.4986,3.4421,265.48,482.12,2.02,1
-76.4986,3.4488,262.63,483.75,2.05,1
-76.4986,3.4556,266.79,481.36,2.01,1
-76.4986,3.4623,266.79,481.36,2.01,1
-76.4986,3.4691,270.45,479.17,1.98,1
-76.4986,3.4758,265.08,482.35,2.02,1
-76.4986,3.4825,259.31,485.59,2.08,1
-76.4986,3.4893,240.89,494.77,2.26,1
-76.4986,3.496,232.83,498.24,2.35,1
-76.4986,3.5028,232.83,498.24,2.35,1
-76.4986,3.5095,272.28,478.05,1.96,1
-76.4986,3.5163,293.44,463.73,1.8,1
-76.4986,3.523,275.69,475.91,1.94,1
-76.4919,3.3072,211.71,505.91,2.62,1
-76.4919,3.3139,245.96,492.42,2.21,1
-76.4919,3.3207,245.96,492.42,2.21,1
-76.4919,3.3274,260.53,484.92,2.07,1
-76.4919,3.3342,262.57,483.78,2.05,1
-76.4919,3.3409,265.51,482.1,2.02,1
-76.4919,3.3476,246.58,492.12,2.2,1
-76.4919,3.3544,209.5,506.6,2.65,1
-76.4919,3.3611,209.5,506.6,2.65,1
-76.4919,3.3679,202.46,508.67,2.76,1
-76.4919,3.3746,208.14,507.02,2.67,1
-76.4919,3.3814,197.75,509.94,2.83,1
-76.4919,3.3881,191.69,511.46,2.93,1
-76.4919,3.3949,191.69,511.46,2.93,1
-76.4919,3.4016,208.58,506.89,2.66,1
-76.4919,3.4084,205.16,507.9,2.71,1
-76.4919,3.4151,184.91,513,3.06,1
-76.4919,3.4219,211.66,505.93,2.62,1
-76.4919,3.4286,211.66,505.93,2.62,1
-76.4919,3.4353,214.66,504.96,2.58,1
-76.4919,3.4421,237.4,496.31,2.3,1
-76.4919,3.4488,245.19,492.78,2.21,1
-76.4919,3.4556,251.75,489.57,2.15,1
-76.4919,3.4623,251.75,489.57,2.15,1
-76.4919,3.4691,258.07,486.27,2.09,1
-76.4919,3.4758,250.58,490.16,2.16,1
-76.4919,3.4825,240.83,494.8,2.26,1
-76.4919,3.4893,227.5,500.37,2.41,1
-76.4919,3.496,216.18,504.45,2.56,1
-76.4919,3.5028,216.18,504.45,2.56,1
-76.4919,3.5095,229.35,499.65,2.39,1
-76.4919,3.5163,238.9,495.66,2.28,1
-76.4919,3.523,232.24,498.49,2.36,1
-76.4852,3.3072,202.54,508.65,2.75,1
-76.4852,3.3139,215.01,504.85,2.57,1
-76.4852,3.3207,215.01,504.85,2.57,1
-76.4851,3.3274,217.41,504.04,2.54,1
-76.4851,3.3342,216.84,504.23,2.55,1
-76.4851,3.3409,216.62,504.31,2.55,1
-76.4851,3.3476,207.71,507.15,2.68,1
-76.4851,3.3544,180,514.02,3.15,1
-76.4851,3.3611,180,514.02,3.15,1
-76.4851,3.3679,203.01,508.52,2.75,1
-76.4851,3.3746,206.16,507.61,2.7,1
-76.4851,3.3814,207.21,507.3,2.68,1
-76.4851,3.3881,205.4,507.83,2.71,1
-76.4851,3.3949,205.4,507.83,2.71,1
-76.4851,3.4016,187.63,512.4,3.01,1
-76.4851,3.4084,212.23,505.75,2.61,1
-76.4851,3.4151,206.53,507.5,2.69,1
-76.4851,3.4219,209.53,506.59,2.65,1
-76.4851,3.4286,209.53,506.59,2.65,1
-76.4851,3.4353,193.63,510.99,2.9,1
-76.4851,3.4421,210.17,506.4,2.64,1
-76.4851,3.4488,222.2,502.35,2.48,1
-76.4851,3.4556,238.37,495.89,2.29,1
-76.4851,3.4623,238.37,495.89,2.29,1
-76.4851,3.4691,235.99,496.92,2.31,1
-76.4851,3.4758,228.79,499.87,2.4,1
-76.4851,3.4825,222.04,502.41,2.48,1
-76.4851,3.4893,213.94,505.2,2.59,1
-76.4851,3.496,202.14,508.76,2.76,1
-76.4851,3.5028,202.14,508.76,2.76,1
-76.4851,3.5095,197.37,510.04,2.84,1
-76.4851,3.5163,203.33,508.42,2.74,1
-76.4851,3.523,218.04,503.82,2.53,1
-76.4784,3.3072,215.71,504.61,2.56,1
-76.4784,3.3139,206.56,507.49,2.69,1
-76.4784,3.3207,206.56,507.49,2.69,1
-76.4784,3.3274,180,514.02,3.15,1
-76.4784,3.3342,204.1,508.21,2.73,1
-76.4784,3.3409,210.74,506.22,2.63,1
-76.4784,3.3476,200.74,509.15,2.78,1
-76.4784,3.3544,199.59,509.46,2.8,1
-76.4784,3.3611,199.59,509.46,2.8,1
-76.4784,3.3679,180,514.02,3.15,1
-76.4784,3.3746,201.14,509.04,2.78,1
-76.4784,3.3814,220.47,502.97,2.5,1
-76.4784,3.3881,208.74,506.84,2.66,1
-76.4784,3.3949,208.74,506.84,2.66,1
-76.4784,3.4016,202.19,508.75,2.76,1
-76.4784,3.4084,180.72,513.88,3.14,1
-76.4784,3.4151,203.82,508.28,2.73,1
-76.4784,3.4219,203.24,508.45,2.74,1
-76.4784,3.4286,203.24,508.45,2.74,1
-76.4784,3.4353,203.15,508.48,2.75,1
-76.4784,3.4421,208.8,506.82,2.66,1
-76.4784,3.4488,218.49,503.67,2.53,1
-76.4784,3.4556,234.83,497.41,2.33,1
-76.4784,3.4623,234.83,497.41,2.33,1
-76.4784,3.4691,226.91,500.59,2.42,1
-76.4784,3.4758,218.66,503.61,2.52,1
-76.4784,3.4825,205.42,507.82,2.71,1
-76.4784,3.4893,206.03,507.65,2.7,1
-76.4784,3.496,215,504.85,2.57,1
-76.4784,3.5028,215,504.85,2.57,1
-76.4784,3.5095,218.12,503.8,2.53,1
-76.4784,3.5163,219.78,503.22,2.51,1
-76.4784,3.523,220.66,502.91,2.5,1
-76.4716,3.3072,215.71,504.61,2.56,1
-76.4716,3.3139,206.56,507.49,2.69,1
-76.4716,3.3207,206.56,507.49,2.69,1
-76.4716,3.3274,180,514.02,3.15,1
-76.4716,3.3342,204.1,508.21,2.73,1
-76.4716,3.3409,210.74,506.22,2.63,1
-76.4716,3.3476,200.74,509.15,2.78,1
-76.4716,3.3544,199.59,509.46,2.8,1
-76.4716,3.3611,199.59,509.46,2.8,1
-76.4716,3.3679,180,514.02,3.15,1
-76.4716,3.3746,201.14,509.04,2.78,1
-76.4716,3.3814,220.47,502.97,2.5,1
-76.4716,3.3881,208.74,506.84,2.66,1
-76.4716,3.3949,208.74,506.84,2.66,1
-76.4716,3.4016,202.19,508.75,2.76,1
-76.4716,3.4084,180.72,513.88,3.14,1
-76.4716,3.4151,203.82,508.28,2.73,1
-76.4716,3.4219,203.24,508.45,2.74,1
-76.4716,3.4286,203.24,508.45,2.74,1
-76.4716,3.4353,203.15,508.48,2.75,1
-76.4716,3.4421,208.8,506.82,2.66,1
-76.4716,3.4488,218.49,503.67,2.53,1
-76.4716,3.4556,234.83,497.41,2.33,1
-76.4716,3.4623,234.83,497.41,2.33,1
-76.4716,3.4691,226.91,500.59,2.42,1
-76.4716,3.4758,218.66,503.61,2.52,1
-76.4716,3.4825,205.42,507.82,2.71,1
-76.4716,3.4893,206.03,507.65,2.7,1
-76.4716,3.496,215,504.85,2.57,1
-76.4716,3.5028,215,504.85,2.57,1
-76.4716,3.5095,218.12,503.8,2.53,1
-76.4716,3.5163,219.78,503.22,2.51,1
-76.4716,3.523,220.66,502.91,2.5,1
-76.4649,3.3072,199.94,509.36,2.8,1
-76.4649,3.3139,203,508.52,2.75,1
-76.4649,3.3207,203,508.52,2.75,1
-76.4649,3.3274,203.16,508.47,2.74,1
-76.4649,3.3342,208.47,506.92,2.67,1
-76.4649,3.3409,214.67,504.96,2.58,1
-76.4649,3.3476,180,514.02,3.15,1
-76.4649,3.3544,193.24,511.09,2.91,1
-76.4649,3.3611,193.24,511.09,2.91,1
-76.4649,3.3679,187.92,512.34,3,1
-76.4649,3.3746,183.06,513.4,3.09,1
-76.4649,3.3814,203.97,508.24,2.73,1
-76.4649,3.3881,210,506.45,2.64,1
-76.4649,3.3949,210,506.45,2.64,1
-76.4649,3.4016,201.79,508.86,2.77,1
-76.4649,3.4084,197.77,509.94,2.83,1
-76.4649,3.4151,186,512.76,3.04,1
-76.4649,3.4219,202.06,508.78,2.76,1
-76.4649,3.4286,202.06,508.78,2.76,1
-76.4649,3.4353,180,514.02,3.15,1
-76.4649,3.4421,208.1,507.03,2.67,1
-76.4649,3.4488,222.65,502.19,2.47,1
-76.4649,3.4556,217.61,503.97,2.54,1
-76.4649,3.4623,217.61,503.97,2.54,1
-76.4648,3.4691,185.8,512.81,3.04,1
-76.4648,3.4758,188.7,512.16,2.99,1
-76.4648,3.4825,180,514.02,3.15,1
-76.4648,3.4893,191.51,511.5,2.94,1
-76.4648,3.496,206.28,507.57,2.7,1
-76.4648,3.5028,206.28,507.57,2.7,1
-76.4648,3.5095,205.94,507.67,2.7,1
-76.4648,3.5163,205.25,507.88,2.71,1
-76.4648,3.523,184.61,513.07,3.06,1
-76.4581,3.3072,180,514.02,3.15,1
-76.4581,3.3139,180,514.02,3.15,1
-76.4581,3.3207,180,514.02,3.15,1
-76.4581,3.3274,196.11,510.37,2.86,1
-76.4581,3.3342,192.74,511.21,2.92,1
-76.4581,3.3409,207.56,507.19,2.68,1
-76.4581,3.3476,208.72,506.84,2.66,1
-76.4581,3.3544,208.99,506.76,2.66,1
-76.4581,3.3611,208.99,506.76,2.66,1
-76.4581,3.3679,193.3,511.07,2.91,1
-76.4581,3.3746,192.65,511.23,2.92,1
-76.4581,3.3814,200.9,509.1,2.78,1
-76.4581,3.3881,214.87,504.89,2.57,1
-76.4581,3.3949,214.87,504.89,2.57,1
-76.4581,3.4016,207.84,507.11,2.67,1
-76.4581,3.4084,180,514.02,3.15,1
-76.4581,3.4151,180,514.02,3.15,1
-76.4581,3.4219,206.83,507.41,2.69,1
-76.4581,3.4286,206.83,507.41,2.69,1
-76.4581,3.4353,199.97,509.35,2.8,1
-76.4581,3.4421,205.86,507.7,2.7,1
-76.4581,3.4488,180,514.02,3.15,1
-76.4581,3.4556,211.7,505.92,2.62,1
-76.4581,3.4623,211.7,505.92,2.62,1
-76.4581,3.4691,195.36,510.56,2.87,1
-76.4581,3.4758,180,514.02,3.15,1
-76.4581,3.4825,191.68,511.46,2.93,1
-76.4581,3.4893,204.55,508.08,2.72,1
-76.4581,3.496,206.79,507.42,2.69,1
-76.4581,3.5028,206.79,507.42,2.69,1
-76.4581,3.5095,195.71,510.47,2.86,1
-76.4581,3.5163,180,514.02,3.15,1
-76.4581,3.523,195.55,510.51,2.87,1
-76.4514,3.3072,206.82,507.41,2.69,1
-76.4514,3.3139,197.07,510.12,2.84,1
-76.4514,3.3207,197.07,510.12,2.84,1
-76.4514,3.3274,201.89,508.83,2.76,1
-76.4514,3.3342,209.55,506.59,2.65,1
-76.4514,3.3409,221.18,502.72,2.49,1
-76.4514,3.3476,226.77,500.65,2.42,1
-76.4514,3.3544,211.62,505.94,2.62,1
-76.4514,3.3611,211.62,505.94,2.62,1
-76.4514,3.3679,214.95,504.87,2.57,1
-76.4514,3.3746,212.17,505.77,2.61,1
-76.4514,3.3814,210.53,506.29,2.64,1
-76.4514,3.3881,211.16,506.09,2.63,1
-76.4514,3.3949,211.16,506.09,2.63,1
-76.4514,3.4016,192.6,511.24,2.92,1
-76.4514,3.4084,193.89,510.93,2.9,1
-76.4514,3.4151,200.63,509.17,2.78,1
-76.4514,3.4219,208.03,507.05,2.67,1
-76.4514,3.4286,208.03,507.05,2.67,1
-76.4514,3.4353,191.71,511.46,2.93,1
-76.4513,3.4421,198.59,509.72,2.82,1
-76.4513,3.4488,186.99,512.55,3.02,1
-76.4513,3.4556,202.88,508.55,2.75,1
-76.4513,3.4623,202.88,508.55,2.75,1
-76.4513,3.4691,202.37,508.69,2.76,1
-76.4513,3.4758,195.26,510.58,2.87,1
-76.4513,3.4825,186.95,512.56,3.02,1
-76.4513,3.4893,180,514.02,3.15,1
-76.4513,3.496,209.06,506.74,2.66,1
-76.4513,3.5028,209.06,506.74,2.66,1
-76.4513,3.5095,205.64,507.76,2.71,1
-76.4513,3.5163,207.1,507.33,2.69,1
-76.4513,3.523,180,514.02,3.15,1
-76.4446,3.3072,225.13,501.27,2.44,1
-76.4446,3.3139,224,501.69,2.45,1
-76.4446,3.3207,224,501.69,2.45,1
-76.4446,3.3274,227.99,500.18,2.41,1
-76.4446,3.3342,227.89,500.22,2.41,1
-76.4446,3.3409,226.34,500.82,2.43,1
-76.4446,3.3476,224,501.69,2.45,1
-76.4446,3.3544,215.15,504.8,2.57,1
-76.4446,3.3611,215.15,504.8,2.57,1
-76.4446,3.3679,217.23,504.1,2.54,1
-76.4446,3.3746,225.09,501.29,2.44,1
-76.4446,3.3814,222.98,502.07,2.47,1
-76.4446,3.3881,227.37,500.42,2.41,1
-76.4446,3.3949,227.37,500.42,2.41,1
-76.4446,3.4016,225.11,501.28,2.44,1
-76.4446,3.4084,220.44,502.98,2.5,1
-76.4446,3.4151,223.42,501.91,2.46,1
-76.4446,3.4219,210,506.45,2.64,1
-76.4446,3.4286,210,506.45,2.64,1
-76.4446,3.4353,211.24,506.06,2.63,1
-76.4446,3.4421,213.62,505.3,2.59,1
-76.4446,3.4488,204.66,508.05,2.72,1
-76.4446,3.4556,214.81,504.91,2.58,1
-76.4446,3.4623,214.81,504.91,2.58,1
-76.4446,3.4691,189.29,512.02,2.98,1
-76.4446,3.4758,185.1,512.96,3.05,1
-76.4446,3.4825,182.4,513.53,3.11,1
-76.4446,3.4893,180,514.02,3.15,1
-76.4446,3.496,202.57,508.64,2.75,1
-76.4446,3.5028,202.57,508.64,2.75,1
-76.4446,3.5095,220.96,502.8,2.49,1
-76.4446,3.5163,214.7,504.95,2.58,1
-76.4446,3.523,202.08,508.78,2.76,1