lon,lat,vs30,z1pt0,z2pt5,vs30measured
-76.6,3.3072,970.7917,9.6128,0.4586,1
-76.6,3.3139,934.0349,12.2736,0.4793,1
-76.6,3.3207,766.8852,39.3269,0.6006,1
-76.6,3.3274,799.9272,31.0862,0.5723,1
-76.6,3.3342,604.12,122.4763,0.7891,1
-76.6,3.3409,353.3491,409.6188,1.4574,1
-76.6,3.3476,742.3974,46.8348,0.6233,1
-76.6,3.3544,793.3807,32.5654,0.5777,1
-76.6,3.3611,781.1844,35.5168,0.588,1
-76.6,3.3679,822.9991,26.4039,0.554,1
-76.6,3.3746,830.1885,25.0998,0.5485,1
-76.6,3.3814,664.3063,81.3747,0.7078,1
-76.6,3.3881,694.5635,65.8047,0.6727,1
-76.6,3.3949,445.7686,297.4434,1.1172,1
-76.6,3.4016,602.5227,123.7695,0.7915,1
-76.6,3.4084,926.8952,12.8777,0.4835,1
-76.6,3.4151,1018.2407,7.0668,0.4342,1
-76.6,3.4219,1004.22,7.7322,0.4412,1
-76.6,3.4286,696.7648,64.7886,0.6702,1
-76.6,3.4353,579.3897,143.7283,0.8277,1
-76.6,3.4421,628.8974,103.7953,0.7536,1
-76.6,3.4488,408.6044,345.009,1.2342,1
-76.6,3.4556,531.4747,192.2785,0.9136,1
-76.6,3.4623,600.0162,125.8207,0.7952,1
-76.6,3.4691,1083.7288,4.6908,0.4044,1
-76.6,3.4758,740.7281,47.3958,0.6249,1
-76.6,3.4825,1073.1865,5.0048,0.4089,1
-76.6,3.4893,754.1635,43.0632,0.6122,1
-76.6,3.496,610.7995,117.1866,0.7792,1
-76.6,3.5028,616.7375,112.6425,0.7706,1
-76.6,3.5095,770.9523,38.2028,0.597,1
-76.6,3.5163,703.8446,61.621,0.6625,1
-76.6,3.523,439.205,305.9231,1.1363,1
-76.5932,3.3072,943.3338,11.5323,0.4739,1
-76.5932,3.3139,963.9658,10.0551,0.4623,1
-76.5932,3.3207,830.3829,25.0655,0.5484,1
-76.5932,3.3274,802.5966,30.5031,0.5701,1
-76.5932,3.3342,418.7016,332.248,1.2002,1
-76.5932,3.3409,338.195,425.1219,1.5323,1
-76.5932,3.3476,406.8403,347.2183,1.2403,1
-76.5932,3.3544,640.1464,96.1462,0.7385,1
-76.5932,3.3611,514.2975,211.856,0.9486,1
-76.5932,3.3679,882.1498,17.4736,0.5117,1
-76.5932,3.3746,980.1762,9.0389,0.4536,1
-76.5932,3.3814,885.8084,17.0387,0.5093,1
-76.5932,3.3881,805.8035,29.8174,0.5675,1
-76.5932,3.3949,414.3394,337.7835,1.2147,1
-76.5932,3.4016,544.5471,178.1058,0.8886,1
-76.5932,3.4084,882.3795,17.4459,0.5115,1
-76.5932,3.4151,947.4142,11.2224,0.4716,1
-76.5932,3.4219,1010.9348,7.4053,0.4378,1
-76.5932,3.4286,1022.2128,6.8899,0.4323,1
-76.5932,3.4353,941.7021,11.6588,0.4749,1
-76.5932,3.4421,596.4932,128.7494,0.8006,1
-76.5932,3.4488,606.1299,120.8647,0.7861,1
-76.5932,3.4556,575.3416,147.4584,0.8344,1
-76.5932,3.4623,469.4231,267.0176,1.053,1
-76.5932,3.4691,1026.712,6.6954,0.4301,1
-76.5932,3.4758,1058.2557,5.4901,0.4155,1
-76.5932,3.4825,741.6396,47.0887,0.624,1
-76.5932,3.4893,974.918,9.3557,0.4564,1
-76.5932,3.496,999.5109,7.9709,0.4436,1
-76.5932,3.5028,864.1895,19.7868,0.5239,1
-76.5932,3.5095,850.9418,21.7003,0.5332,1
-76.5932,3.5163,938.1712,11.9377,0.4769,1
-76.5932,3.523,949.5595,11.0632,0.4704,1
-76.5865,3.3072,874.0771,18.4756,0.5171,1
-76.5865,3.3139,914.7023,13.9849,0.4909,1
-76.5865,3.3207,927.3228,12.8407,0.4833,1
-76.5865,3.3274,650.6379,89.4609,0.7249,1
-76.5865,3.3342,345.4866,417.8047,1.4954,1
-76.5865,3.3409,334.2747,428.9427,1.5529,1
-76.5865,3.3476,319.0048,443.0413,1.6382,1
-76.5865,3.3544,569.231,153.2222,0.8446,1
-76.5865,3.3611,402.2802,352.8965,1.2564,1
-76.5865,3.3679,700.8408,62.9465,0.6658,1
-76.5865,3.3746,636.3148,98.6949,0.7436,1
-76.5865,3.3814,461.6763,276.9332,1.0733,1
-76.5865,3.3881,419.1862,331.6312,1.1986,1
-76.5865,3.3949,338.4949,424.8262,1.5308,1
-76.5865,3.4016,794.1349,32.3914,0.5771,1
-76.5865,3.4084,745.8241,45.7036,0.62,1
-76.5865,3.4151,768.1895,38.9629,0.5994,1
-76.5865,3.4219,896.3657,15.8473,0.5024,1
-76.5865,3.4286,676.1187,74.9285,0.6937,1
-76.5865,3.4353,832.7518,24.6512,0.5466,1
-76.5865,3.4421,925.6967,12.9823,0.4843,1
-76.5865,3.4488,882.0779,17.4822,0.5117,1
-76.5865,3.4556,589.344,134.8569,0.8117,1
-76.5865,3.4623,356.6855,406.0559,1.4418,1
-76.5865,3.4691,638.7812,97.0477,0.7403,1
-76.5865,3.4758,638.7023,97.0999,0.7404,1
-76.5865,3.4825,650.7734,89.3773,0.7247,1
-76.5865,3.4893,866.9296,19.4139,0.522,1
-76.5865,3.496,962.5828,10.1474,0.4631,1
-76.5865,3.5028,630.9391,102.3692,0.7508,1
-76.5865,3.5095,403.1518,351.815,1.2533,1
-76.5865,3.5163,446.5267,296.4638,1.115,1
-76.5865,3.523,478.7927,255.135,1.0295,1
-76.5797,3.3072,492.2158,238.3983,0.9974,1
-76.5797,3.3139,450.5176,291.3085,1.1037,1
-76.5797,3.3207,448.0588,294.4843,1.1107,1
-76.5797,3.3274,344.6646,418.643,1.4994,1
-76.5797,3.3342,344.172,419.1438,1.5019,1
-76.5797,3.3409,362.815,399.378,1.4139,1
-76.5797,3.3476,344.1711,419.1447,1.5019,1
-76.5797,3.3544,502.2045,226.2202,0.9748,1
-76.5797,3.3611,671.4904,77.3961,0.6992,1
-76.5797,3.3679,734.2578,49.6342,0.6312,1
-76.5797,3.3746,428.9522,319.1352,1.1674,1
-76.5797,3.3814,348.5659,414.6346,1.4803,1
-76.5797,3.3881,341.6267,421.7118,1.5147,1
-76.5797,3.3949,328.0056,434.8839,1.5869,1
-76.5797,3.4016,626.0082,105.8423,0.7576,1
-76.5797,3.4084,428.665,319.5042,1.1683,1
-76.5797,3.4151,486.1384,245.9283,1.0117,1
-76.5797,3.4219,794.8355,32.2305,0.5765,1
-76.5797,3.4286,320.9818,441.2878,1.6267,1
-76.5797,3.4353,348.123,415.0934,1.4824,1
-76.5797,3.4421,497.4002,232.0448,0.9856,1
-76.5797,3.4488,648.7766,90.616,0.7272,1
-76.5797,3.4556,332.4948,430.6508,1.5624,1
-76.5797,3.4623,368.8903,392.5971,1.3873,1
-76.5797,3.4691,757.3941,42.0818,0.6092,1
-76.5797,3.4758,837.8587,23.7824,0.5428,1
-76.5797,3.4825,774.1732,37.3358,0.5941,1
-76.5797,3.4893,647.7898,91.2338,0.7285,1
-76.5797,3.496,689.6096,68.1469,0.6782,1
-76.5797,3.5028,778.8144,36.1214,0.5901,1
-76.5797,3.5095,787.377,33.9855,0.5827,1
-76.5797,3.5163,820.0898,26.9516,0.5562,1
-76.5797,3.523,715.7831,56.6133,0.6499,1
-76.573,3.3072,345.8636,417.4191,1.4935,1
-76.573,3.3139,350.4666,412.6547,1.4711,1
-76.573,3.3207,343.2495,420.0784,1.5065,1
-76.573,3.3274,332.6619,430.4912,1.5615,1
-76.573,3.3342,340.3438,422.9936,1.5212,1
-76.573,3.3409,340.1234,423.213,1.5224,1
-76.573,3.3476,332.6558,430.497,1.5615,1
-76.573,3.3544,340.4131,422.9246,1.5209,1
-76.573,3.3611,363.5278,398.5906,1.4108,1
-76.573,3.3679,404.6285,349.9785,1.2481,1
-76.573,3.3746,414.6492,337.3915,1.2136,1
-76.573,3.3814,374.8767,385.7668,1.362,1
-76.573,3.3881,338.871,424.4549,1.5288,1
-76.573,3.3949,344.8615,418.4426,1.4985,1
-76.573,3.4016,578.6376,144.416,0.8289,1
-76.573,3.4084,377.812,382.3666,1.3499,1
-76.573,3.4151,385.3434,373.4989,1.3198,1
-76.573,3.4219,790.317,33.2823,0.5803,1
-76.573,3.4286,472.5243,263.0695,1.0451,1
-76.573,3.4353,454.7424,285.8569,1.092,1
-76.573,3.4421,456.0429,284.1806,1.0885,1
-76.573,3.4488,346.8374,416.4199,1.4887,1
-76.573,3.4556,338.2592,425.0586,1.532,1
-76.573,3.4623,527.4504,196.7717,0.9216,1
-76.573,3.4691,852.5942,21.4513,0.532,1
-76.573,3.4758,692.4289,66.8044,0.675,1
-76.573,3.4825,886.1232,17.0018,0.5091,1
-76.573,3.4893,633.1637,100.8346,0.7478,1
-76.573,3.496,497.7966,231.5618,0.9847,1
-76.573,3.5028,672.6597,76.7657,0.6978,1
-76.573,3.5095,717.3889,55.9705,0.6482,1
-76.573,3.5163,709.7556,59.0904,0.6562,1
-76.573,3.523,453.8581,286.9973,1.0945,1
-76.5662,3.3072,325.2879,437.3937,1.6021,1
-76.5662,3.3139,350.7891,412.3169,1.4695,1
-76.5662,3.3207,342.2133,421.1228,1.5117,1
-76.5662,3.3274,340.0582,423.2779,1.5227,1
-76.5662,3.3342,341.7735,421.5646,1.514,1
-76.5662,3.3409,336.7415,426.5478,1.5399,1
-76.5662,3.3476,324.3254,438.2729,1.6075,1
-76.5662,3.3544,336.6281,426.6586,1.5405,1
-76.5662,3.3611,348.0678,415.1505,1.4827,1
-76.5662,3.3679,338.6783,424.6452,1.5298,1
-76.5662,3.3746,336.1688,427.1067,1.5429,1
-76.5662,3.3814,335.0928,428.152,1.5485,1
-76.5662,3.3881,344.1175,419.1991,1.5022,1
-76.5662,3.3949,437.3582,308.3073,1.1418,1
-76.5662,3.4016,349.1799,413.9968,1.4773,1
-76.5662,3.4084,354.4274,408.473,1.4523,1
-76.5662,3.4151,326.5713,436.2135,1.5949,1
-76.5662,3.4219,610.5703,117.365,0.7795,1
-76.5662,3.4286,856.9251,20.8129,0.529,1
-76.5662,3.4353,410.6761,342.4064,1.2271,1
-76.5662,3.4421,686.2319,69.7887,0.682,1
-76.5662,3.4488,638.3278,97.3487,0.7409,1
-76.5662,3.4556,314.7431,446.7474,1.6636,1
-76.5662,3.4623,457.03,282.909,1.0858,1
-76.5662,3.4691,613.5891,115.0334,0.7751,1
-76.5662,3.4758,674.823,75.6119,0.6952,1
-76.5662,3.4825,753.8121,43.1713,0.6125,1
-76.5662,3.4893,837.306,23.8749,0.5432,1
-76.5662,3.496,857.9445,20.6656,0.5282,1
-76.5662,3.5028,808.7402,29.2035,0.5652,1
-76.5662,3.5095,739.6036,47.7776,0.626,1
-76.5662,3.5163,712.2131,58.068,0.6536,1
-76.5662,3.523,755.5629,42.6353,0.6109,1
-76.5595,3.3072,313.7561,447.5912,1.6696,1
-76.5595,3.3139,345.8925,417.3896,1.4934,1
-76.5595,3.3207,347.2722,415.9721,1.4866,1
-76.5595,3.3274,348.6131,414.5856,1.48,1
-76.5595,3.3342,340.0252,423.3107,1.5229,1
-76.5595,3.3409,334.5806,428.6475,1.5513,1
-76.5595,3.3476,322.6417,439.7988,1.6171,1
-76.5595,3.3544,332.021,431.1027,1.5649,1
-76.5595,3.3611,333.0814,430.0898,1.5593,1
-76.5595,3.3679,302.5238,456.8067,1.7407,1
-76.5595,3.3746,330.4879,432.5566,1.5733,1
-76.5595,3.3814,343.5009,419.8241,1.5053,1
-76.5595,3.3881,495.2032,234.7289,0.9906,1
-76.5595,3.3949,450.681,291.0976,1.1033,1
-76.5595,3.4016,383.5447,375.6349,1.3269,1
-76.5595,3.4084,346.8027,416.4555,1.4889,1
-76.5595,3.4151,323.4599,439.0592,1.6124,1
-76.5595,3.4219,526.6217,197.7042,0.9232,1
-76.5595,3.4286,809.8685,28.9712,0.5643,1
-76.5595,3.4353,849.2399,21.9599,0.5344,1
-76.5595,3.4421,789.1738,33.554,0.5812,1
-76.5595,3.4488,648.2236,90.9617,0.7279,1
-76.5595,3.4556,313.9785,447.4016,1.6682,1
-76.5595,3.4623,385.4742,373.3432,1.3193,1
-76.5595,3.4691,410.5745,342.5342,1.2274,1
-76.5595,3.4758,342.2659,421.07,1.5115,1
-76.5595,3.4825,624.9551,106.5968,0.759,1
-76.5595,3.4893,389.0719,369.0372,1.3053,1
-76.5595,3.496,439.092,306.0691,1.1367,1
-76.5595,3.5028,513.3593,212.9542,0.9506,1
-76.5594,3.5095,823.9728,26.2232,0.5532,1
-76.5594,3.5163,486.1803,245.8761,1.0116,1
-76.5594,3.523,945.256,11.3852,0.4728,1
-76.5527,3.3072,306.3778,453.7253,1.7157,1
-76.5527,3.3139,329.865,433.1437,1.5767,1
-76.5527,3.3207,339.2641,424.0659,1.5268,1
-76.5527,3.3274,326.9225,435.889,1.5929,1
-76.5527,3.3342,321.0467,441.2298,1.6263,1
-76.5527,3.3409,328.3043,434.6056,1.5852,1
-76.5527,3.3476,319.1313,442.9297,1.6375,1
-76.5527,3.3544,327.8776,435.003,1.5876,1
-76.5527,3.3611,319.7461,442.3864,1.6339,1
-76.5527,3.3679,305.3481,454.5569,1.7223,1
-76.5527,3.3746,338.0817,425.2334,1.5329,1
-76.5527,3.3814,350.3977,412.7267,1.4714,1
-76.5527,3.3881,339.8754,423.4596,1.5236,1
-76.5527,3.3949,299.4559,459.1991,1.7611,1
-76.5527,3.4016,317.3429,444.4986,1.648,1
-76.5527,3.4084,326.8946,435.9148,1.5931,1
-76.5527,3.4151,297.0971,461.002,1.7771,1
-76.5527,3.4219,376.5142,383.874,1.3553,1
-76.5527,3.4286,684.5184,70.6357,0.684,1
-76.5527,3.4353,767.7996,39.0713,0.5998,1
-76.5527,3.4421,580.4189,142.7913,0.826,1
-76.5527,3.4488,372.1749,388.8672,1.3733,1
-76.5527,3.4556,323.595,438.9368,1.6117,1
-76.5527,3.4623,468.4706,268.233,1.0555,1
-76.5527,3.4691,765.1649,39.8124,0.6021,1
-76.5527,3.4758,552.0603,170.2653,0.8747,1
-76.5527,3.4825,391.3033,366.3458,1.2968,1
-76.5527,3.4893,377.9023,382.2615,1.3496,1
-76.5527,3.496,694.6486,65.7651,0.6726,1
-76.5527,3.5028,632.8423,101.0551,0.7482,1
-76.5527,3.5095,622.2177,108.5797,0.7629,1
-76.5527,3.5163,491.6924,239.0434,0.9987,1
-76.5527,3.523,781.7699,35.3691,0.5875,1
-76.546,3.3072,288.565,467.2583,1.8374,1
-76.546,3.3139,298.7626,459.7323,1.7658,1
-76.546,3.3207,295.6428,462.0977,1.7871,1
-76.546,3.3274,297.2292,460.9018,1.7762,1
-76.546,3.3342,305.2232,454.6573,1.7231,1
-76.546,3.3409,303.0115,456.4214,1.7375,1
-76.546,3.3476,307.1718,453.08,1.7106,1
-76.546,3.3544,327.835,435.0426,1.5878,1
-76.546,3.3611,322.5652,439.8677,1.6175,1
-76.546,3.3679,315.2871,446.28,1.6603,1
-76.546,3.3746,317.9036,444.0086,1.6447,1
-76.546,3.3814,303.4714,456.0569,1.7345,1
-76.546,3.3881,278.8578,473.8727,1.9107,1
-76.546,3.3949,196.5182,510.263,2.8514,1
-76.546,3.4016,146.3032,519.1245,3.9963,1
-76.546,3.4084,190.6937,511.6971,2.9513,1
-76.546,3.4151,176.9008,514.6254,3.216,1
-76.546,3.4219,249.4841,490.7066,2.1702,1
-76.5459,3.4286,350.5827,412.5331,1.4705,1
-76.5459,3.4353,472.5696,263.0119,1.045,1
-76.5459,3.4421,498.7266,230.4305,0.9826,1
-76.5459,3.4488,339.173,424.1562,1.5273,1
-76.5459,3.4556,341.267,422.0721,1.5165,1
-76.5459,3.4623,888.0613,16.7766,0.5078,1
-76.5459,3.4691,701.137,62.8145,0.6654,1
-76.5459,3.4758,500.0903,228.7757,0.9795,1
-76.5459,3.4825,538.3212,184.7735,0.9003,1
-76.5459,3.4893,363.9398,398.1344,1.409,1
-76.5459,3.496,440.5324,304.2088,1.1324,1
-76.5459,3.5028,597.8063,127.6516,0.7986,1
-76.5459,3.5095,882.5811,17.4217,0.5114,1
-76.5459,3.5163,933.9741,12.2786,0.4793,1
-76.5459,3.523,799.867,31.0995,0.5723,1
-76.5392,3.3072,252.3315,489.2775,2.1422,1
-76.5392,3.3139,279.8844,473.1983,1.9027,1
-76.5392,3.3207,288.6057,467.2294,1.8371,1
-76.5392,3.3274,300.314,458.5353,1.7554,1
-76.5392,3.3342,301.386,457.7002,1.7482,1
-76.5392,3.3409,305.9556,454.067,1.7184,1
-76.5392,3.3476,326.848,435.9578,1.5933,1
-76.5392,3.3544,329.2969,433.6773,1.5798,1
-76.5392,3.3611,309.2849,451.3452,1.6972,1
-76.5392,3.3679,297.4945,460.7005,1.7744,1
-76.5392,3.3746,280.0261,473.1048,1.9016,1
-76.5392,3.3814,262.547,483.7985,2.0471,1
-76.5392,3.3881,179.1835,514.1839,3.1691,1
-76.5392,3.3949,169.7561,515.9045,3.3713,1
-76.5392,3.4016,148.0103,518.9354,3.9437,1
-76.5392,3.4084,167.5758,516.2649,3.4215,1
-76.5392,3.4151,175.1523,514.9527,3.2527,1
-76.5392,3.4219,173.1387,515.318,3.296,1
-76.5392,3.4286,216.6511,504.2961,2.5504,1
-76.5392,3.4353,282.5421,471.425,1.8822,1
-76.5392,3.4421,316.186,445.504,1.6549,1
-76.5392,3.4488,323.5192,439.0055,1.6121,1
-76.5392,3.4556,411.2443,341.691,1.2251,1
-76.5392,3.4623,866.1678,19.5168,0.5225,1
-76.5392,3.4691,971.8361,9.547,0.458,1
-76.5392,3.4758,935.847,12.1252,0.4783,1
-76.5392,3.4825,929.6922,12.6373,0.4819,1
-76.5392,3.4893,959.1149,10.3829,0.465,1
-76.5392,3.496,943.114,11.5492,0.474,1
-76.5392,3.5028,927.3124,12.8416,0.4833,1
-76.5392,3.5095,904.0315,15.0382,0.4976,1
-76.5392,3.5163,664.4659,81.2843,0.7076,1
-76.5392,3.523,769.9218,38.4846,0.5979,1
-76.5324,3.3072,251.5378,489.6801,2.1499,1
-76.5324,3.3139,277.5837,474.7013,1.9208,1
-76.5324,3.3207,285.6201,469.3213,1.8591,1
-76.5324,3.3274,294.2281,463.1521,1.797,1
-76.5324,3.3342,297.2969,460.8505,1.7758,1
-76.5324,3.3409,302.2692,457.0073,1.7424,1
-76.5324,3.3476,319.8269,442.3148,1.6334,1
-76.5324,3.3544,314.972,446.5509,1.6622,1
-76.5324,3.3611,293.5321,463.6666,1.8018,1
-76.5324,3.3679,277.2182,474.9373,1.9236,1
-76.5324,3.3746,273.0543,477.5734,1.9572,1
-76.5324,3.3814,205.6012,507.7726,2.7078,1
-76.5324,3.3881,184.1409,513.1673,3.0717,1
-76.5324,3.3949,179.2195,514.1768,3.1684,1
-76.5324,3.4016,148.7045,518.8567,3.9226,1
-76.5324,3.4084,154.4277,518.1649,3.7567,1
-76.5324,3.4151,161.2367,517.2377,3.5758,1
-76.5324,3.4219,157.3413,517.7825,3.6773,1
-76.5324,3.4286,154.093,518.2075,3.7661,1
-76.5324,3.4353,207.5382,507.1996,2.6789,1
-76.5324,3.4421,289.2955,466.7389,1.8321,1
-76.5324,3.4488,305.1315,454.731,1.7237,1
-76.5324,3.4556,312.3,448.8262,1.6785,1
-76.5324,3.4623,446.5753,296.4011,1.1149,1
-76.5324,3.4691,670.9474,77.6905,0.6998,1
-76.5324,3.4758,742.3625,46.8464,0.6233,1
-76.5324,3.4825,742.2418,46.8868,0.6235,1
-76.5324,3.4893,608.3665,119.0914,0.7828,1
-76.5324,3.496,774.5093,37.2464,0.5938,1
-76.5324,3.5028,792.2582,32.8262,0.5786,1
-76.5324,3.5095,912.9624,14.1511,0.492,1
-76.5324,3.5163,656.8905,85.6761,0.717,1
-76.5324,3.523,631.4865,101.9898,0.7501,1
-76.5257,3.3072,226.5043,500.7518,2.4239,1
-76.5257,3.3139,273.0055,477.6037,1.9576,1
-76.5257,3.3207,279.5315,473.4308,1.9054,1
-76.5257,3.3274,285.7214,469.2512,1.8583,1
-76.5257,3.3342,289.1108,466.8705,1.8334,1
-76.5257,3.3409,294.0393,463.2919,1.7983,1
-76.5257,3.3476,302.2099,457.054,1.7428,1
-76.5257,3.3544,295.108,462.4976,1.7908,1
-76.5257,3.3611,277.6335,474.6691,1.9204,1
-76.5257,3.3679,195.3944,510.5494,2.8702,1
-76.5257,3.3746,258.9524,485.7899,2.0796,1
-76.5257,3.3814,217.8154,503.8997,2.5348,1
-76.5257,3.3881,180.8739,513.8462,3.1353,1
-76.5257,3.3949,159.722,517.4542,3.6146,1
-76.5257,3.4016,150.7149,518.6224,3.8628,1
-76.5257,3.4084,145.0286,519.2615,4.0366,1
-76.5257,3.4151,140.5004,519.7202,4.1857,1
-76.5257,3.4219,133.2242,520.371,4.4483,1
-76.5257,3.4286,154.1956,518.1945,3.7632,1
-76.5257,3.4353,164.7367,516.7142,3.489,1
-76.5257,3.4421,215.9756,504.5233,2.5595,1
-76.5257,3.4488,284.7187,469.9429,1.8658,1
-76.5257,3.4556,282.5937,471.3902,1.8818,1
-76.5257,3.4623,279.5014,473.4506,1.9057,1
-76.5257,3.4691,296.0206,461.8142,1.7845,1
-76.5257,3.4758,318.6757,443.3311,1.6401,1
-76.5257,3.4825,331.2673,431.819,1.569,1
-76.5257,3.4893,345.6051,417.6836,1.4948,1
-76.5257,3.496,422.6531,327.2087,1.1874,1
-76.5257,3.5028,443.2964,300.6378,1.1243,1
-76.5257,3.5095,765.3158,39.7696,0.602,1
-76.5257,3.5163,761.1032,40.9828,0.6058,1
-76.5257,3.523,671.3329,77.4814,0.6994,1
-76.5189,3.3072,224.4199,501.538,2.4496,1
-76.5189,3.3139,274.9326,476.3963,1.942,1
-76.5189,3.3207,276.1765,475.6058,1.932,1
-76.5189,3.3274,281.7969,471.9263,1.8879,1
-76.5189,3.3342,287.9591,467.6868,1.8418,1
-76.5189,3.3409,286.2238,468.9024,1.8546,1
-76.5189,3.3476,286.7366,468.545,1.8508,1
-76.5189,3.3544,283.6477,470.6755,1.8738,1
-76.5189,3.3611,267.2546,481.0845,2.0059,1
-76.5189,3.3679,172.0089,515.5177,3.3208,1
-76.5189,3.3746,164.7017,516.7196,3.4899,1
-76.5189,3.3814,173.8063,515.1983,3.2815,1
-76.5189,3.3881,175.5367,514.8816,3.2446,1
-76.5189,3.3949,160.8587,517.2923,3.5854,1
-76.5189,3.4016,148.2468,518.9087,3.9365,1
-76.5189,3.4084,140.2272,519.7465,4.1951,1
-76.5189,3.4151,139.5616,519.81,4.218,1
-76.5189,3.4219,139.5645,519.8097,4.2178,1
-76.5189,3.4286,146.3151,519.1232,3.996,1
-76.5189,3.4353,165.2076,516.6412,3.4777,1
-76.5189,3.4421,168.5949,516.0982,3.3978,1
-76.5189,3.4488,213.914,505.2049,2.5877,1
-76.5189,3.4556,254.0478,488.3957,2.1256,1
-76.5189,3.4623,222.1126,502.3852,2.4788,1
-76.5189,3.4691,194.3846,510.8027,2.8872,1
-76.5189,3.4758,185.5372,512.8663,3.0453,1
-76.5189,3.4825,227.0956,500.5252,2.4166,1
-76.5189,3.4893,271.6404,478.4465,1.9689,1
-76.5189,3.496,301.3487,457.7294,1.7485,1
-76.5189,3.5028,317.4982,444.3631,1.6471,1
-76.5189,3.5095,350.2408,412.8907,1.4722,1
-76.5189,3.5163,452.032,289.3535,1.0995,1
-76.5189,3.523,345.7239,417.5621,1.4942,1
-76.5122,3.3072,186.7451,512.6006,3.0228,1
-76.5122,3.3139,268.8451,480.1401,1.9923,1
-76.5122,3.3207,267.9281,480.6862,2.0001,1
-76.5122,3.3274,270.0886,479.392,1.9818,1
-76.5122,3.3342,277.2781,474.8987,1.9232,1
-76.5122,3.3409,278.8596,473.8714,1.9107,1
-76.5122,3.3476,278.1323,474.3456,1.9164,1
-76.5122,3.3544,276.8692,475.162,1.9264,1
-76.5122,3.3611,215.1065,504.8129,2.5713,1
-76.5122,3.3679,159.9089,517.4278,3.6098,1
-76.5122,3.3746,144.1325,519.3557,4.0653,1
-76.5122,3.3814,144.093,519.3598,4.0665,1
-76.5122,3.3881,143.2802,519.4437,4.093,1
-76.5122,3.3949,145.4338,519.2183,4.0237,1
-76.5122,3.4016,142.4938,519.5236,4.1188,1
-76.5122,3.4084,130.4989,520.5891,4.5547,1
-76.5122,3.4151,126.582,520.8798,4.7163,1
-76.5122,3.4219,133.1135,520.3801,4.4525,1
-76.5122,3.4286,142.5541,519.5175,4.1168,1
-76.5122,3.4353,160.8958,517.2869,3.5845,1
-76.5122,3.4421,167.4411,516.2867,3.4246,1
-76.5122,3.4488,166.6925,516.4071,3.4422,1
-76.5122,3.4556,172.9751,515.3472,3.2996,1
-76.5122,3.4623,163.1489,516.9557,3.5279,1
-76.5122,3.4691,154.7745,518.1205,3.7471,1
-76.5122,3.4758,152.3556,518.4243,3.8153,1
-76.5122,3.4825,154.2596,518.1863,3.7614,1
-76.5122,3.4893,156.959,517.8339,3.6875,1
-76.5122,3.496,180.9288,513.8351,3.1342,1
-76.5122,3.5028,202.6076,508.6288,2.7536,1
-76.5122,3.5095,227.3121,500.4418,2.414,1
-76.5122,3.5163,278.8363,473.8867,1.9109,1
-76.5122,3.523,294.5504,462.9129,1.7947,1
-76.5054,3.3072,182.1495,513.5853,3.1102,1
-76.5054,3.3139,227.5958,500.3322,2.4106,1
-76.5054,3.3207,270.3286,479.2467,1.9798,1
-76.5054,3.3274,261.3617,484.4628,2.0577,1
-76.5054,3.3342,262.5507,483.7964,2.0471,1
-76.5054,3.3409,270.4435,479.177,1.9789,1
-76.5054,3.3476,245.1168,492.8172,2.2145,1
-76.5054,3.3544,235.3882,497.1739,2.3195,1
-76.5054,3.3611,177.9223,514.4299,3.1948,1
-76.5054,3.3679,153.7605,518.2495,3.7754,1
-76.5054,3.3746,133.0208,520.3877,4.456,1
-76.5054,3.3814,135.76,520.1558,4.3533,1
-76.5054,3.3881,130.5195,520.5875,4.5539,1
-76.5054,3.3949,129.5749,520.6601,4.5919,1
-76.5054,3.4016,122.4575,521.1583,4.8984,1
-76.5054,3.4084,117.8823,521.4363,5.1165,1
-76.5054,3.4151,122.0093,521.187,4.919,1
-76.5054,3.4219,124.4863,521.0248,4.8072,1
-76.5054,3.4286,134.5667,520.2585,4.3975,1
-76.5054,3.4353,147.8929,518.9486,3.9472,1
-76.5054,3.4421,153.7192,518.2547,3.7766,1
-76.5054,3.4488,163.1734,516.9521,3.5273,1
-76.5054,3.4556,170.6816,515.7474,3.3504,1
-76.5054,3.4623,169.846,515.8894,3.3692,1
-76.5054,3.4691,160.8049,517.3,3.5868,1
-76.5054,3.4758,159.6126,517.4696,3.6175,1
-76.5054,3.4825,147.6322,518.9779,3.9552,1
-76.5054,3.4893,139.529,519.8131,4.2191,1
-76.5054,3.496,146.2862,519.1264,3.9969,1
-76.5054,3.5028,153.4433,518.2894,3.7843,1
-76.5054,3.5095,196.6009,510.2418,2.85,1
-76.5054,3.5163,200.8637,509.1113,2.781,1
-76.5054,3.523,261.6451,484.3047,2.0552,1
-76.4987,3.3072,146.1419,519.142,4.0014,1
-76.4987,3.3139,176.5804,514.6861,3.2226,1
-76.4987,3.3207,171.0956,515.6763,3.3411,1
-76.4987,3.3274,183.9601,513.2058,3.0752,1
-76.4987,3.3342,188.6263,512.1769,2.9883,1
-76.4987,3.3409,217.6453,503.958,2.537,1
-76.4986,3.3476,192.1377,511.353,2.9259,1
-76.4986,3.3544,180.0267,514.0166,3.1522,1
-76.4986,3.3611,148.9624,518.8271,3.9148,1
-76.4986,3.3679,132.4516,520.4342,4.478,1
-76.4986,3.3746,148.8161,518.8439,3.9192,1
-76.4986,3.3814,161.608,517.1837,3.5664,1
-76.4986,3.3881,121.9949,521.1879,4.9197,1
-76.4986,3.3949,119.7357,521.3275,5.026,1
-76.4986,3.4016,124.1854,521.045,4.8206,1
-76.4986,3.4084,121.0076,521.2498,4.9656,1
-76.4986,3.4151,121.0425,521.2477,4.964,1
-76.4986,3.4219,121.3188,521.2305,4.9511,1
-76.4986,3.4286,126.456,520.8887,4.7217,1
-76.4986,3.4353,142.5661,519.5163,4.1164,1
-76.4986,3.4421,152.7938,518.3703,3.8027,1
-76.4986,3.4488,154.2888,518.1826,3.7606,1
-76.4986,3.4556,147.878,518.9503,3.9477,1
-76.4986,3.4623,166.4368,516.4478,3.4483,1
-76.4986,3.4691,153.8013,518.2444,3.7743,1
-76.4986,3.4758,154.7122,518.1285,3.7488,1
-76.4986,3.4825,154.8629,518.1091,3.7447,1
-76.4986,3.4893,154.5306,518.1517,3.7539,1
-76.4986,3.496,141.5771,519.615,4.1493,1
-76.4986,3.5028,135.0635,520.2161,4.379,1
-76.4986,3.5095,176.9732,514.6117,3.2145,1
-76.4986,3.5163,232.7737,498.2658,2.3493,1
-76.4986,3.523,184.4146,513.1088,3.0665,1
-76.4919,3.3072,129.5482,520.6621,4.593,1
-76.4919,3.3139,134.52,520.2625,4.3993,1
-76.4919,3.3207,159.8706,517.4332,3.6108,1
-76.4919,3.3274,170.6894,515.746,3.3502,1
-76.4919,3.3342,170.3055,515.8115,3.3588,1
-76.4919,3.3409,165.6867,516.5663,3.4662,1
-76.4919,3.3476,162.6146,517.0355,3.5412,1
-76.4919,3.3544,152.5816,518.3965,3.8088,1
-76.4919,3.3611,128.8339,520.7159,4.6221,1
-76.4919,3.3679,124.4202,521.0292,4.8101,1
-76.4919,3.3746,171.4844,515.6091,3.3324,1
-76.4919,3.3814,162.3456,517.0754,3.5479,1
-76.4919,3.3881,119.7532,521.3264,5.0252,1
-76.4919,3.3949,120.4109,521.2866,4.9938,1
-76.4919,3.4016,120.0516,521.3084,5.0109,1
-76.4919,3.4084,121.7102,521.2059,4.9329,1
-76.4919,3.4151,118.1033,521.4236,5.1056,1
-76.4919,3.4219,118.8468,521.3803,5.0691,1
-76.4919,3.4286,124.5467,521.0207,4.8046,1
-76.4919,3.4353,124.7654,521.0059,4.7949,1
-76.4919,3.4421,134.1398,520.2947,4.4135,1
-76.4919,3.4488,152.1916,518.4444,3.82,1
-76.4919,3.4556,140.7458,519.6964,4.1774,1
-76.4919,3.4623,145.1055,519.2533,4.0341,1
-76.4919,3.4691,158.9839,517.5575,3.6338,1
-76.4919,3.4758,152.2326,518.4393,3.8188,1
-76.4919,3.4825,147.6767,518.9729,3.9539,1
-76.4919,3.4893,144.5441,519.3127,4.052,1
-76.4919,3.496,132.4216,520.4366,4.4791,1
-76.4919,3.5028,129.5809,520.6596,4.5916,1
-76.4919,3.5095,127.8538,520.7883,4.6627,1
-76.4919,3.5163,142.324,519.5406,4.1244,1
-76.4919,3.523,135.8781,520.1454,4.349,1
-76.4852,3.3072,122.8922,521.1303,4.8786,1
-76.4852,3.3139,130.8005,520.5656,4.5427,1
-76.4852,3.3207,121.3782,521.2267,4.9483,1
-76.4851,3.3274,114.6316,521.6152,5.2829,1
-76.4851,3.3342,122.0847,521.1822,4.9156,1
-76.4851,3.3409,127.5807,520.8082,4.6741,1
-76.4851,3.3476,123.4992,521.0906,4.8512,1
-76.4851,3.3544,119.8054,521.3233,5.0227,1
-76.4851,3.3611,129.29,520.6817,4.6034,1
-76.4851,3.3679,132.2533,520.4502,4.4856,1
-76.4851,3.3746,114.8086,521.6058,5.2735,1
-76.4851,3.3814,115.1494,521.5877,5.2557,1
-76.4851,3.3881,117.9115,521.4346,5.1151,1
-76.4851,3.3949,115.1425,521.588,5.2561,1
-76.4851,3.4016,125.247,520.973,4.7738,1
-76.4851,3.4084,134.3574,520.2763,4.4054,1
-76.4851,3.4151,121.9183,521.1927,4.9232,1
-76.4851,3.4219,119.0201,521.3701,5.0606,1
-76.4851,3.4286,119.6914,521.3301,5.0282,1
-76.4851,3.4353,122.7787,521.1376,4.8838,1
-76.4851,3.4421,128.1909,520.7636,4.6486,1
-76.4851,3.4488,127.7982,520.7924,4.665,1
-76.4851,3.4556,139.4286,519.8226,4.2226,1
-76.4851,3.4623,134.2833,520.2826,4.4081,1
-76.4851,3.4691,121.6634,521.2088,4.935,1
-76.4851,3.4758,125.6452,520.9455,4.7565,1
-76.4851,3.4825,121.6116,521.2121,4.9374,1
-76.4851,3.4893,119.1213,521.3641,5.0557,1
-76.4851,3.496,119.0363,521.3691,5.0598,1
-76.4851,3.5028,123.4198,521.0958,4.8548,1
-76.4851,3.5095,118.6908,521.3894,5.0767,1
-76.4851,3.5163,120.1313,521.3036,5.0071,1
-76.4851,3.523,123.0187,521.122,4.8729,1
-76.4784,3.3072,130.773,520.5678,4.5438,1
-76.4784,3.3139,129.3934,520.6739,4.5992,1
-76.4784,3.3207,117.1298,521.479,5.1542,1
-76.4784,3.3274,114.7134,521.6108,5.2786,1
-76.4784,3.3342,119.245,521.3568,5.0497,1
-76.4784,3.3409,132.7455,520.4103,4.4666,1
-76.4784,3.3476,133.0848,520.3825,4.4536,1
-76.4784,3.3544,122.7625,521.1387,4.8845,1
-76.4784,3.3611,123.5471,521.0874,4.8491,1
-76.4784,3.3679,124.3486,521.034,4.8133,1
-76.4784,3.3746,116.5016,521.5141,5.186,1
-76.4784,3.3814,121.2515,521.2347,4.9542,1
-76.4784,3.3881,122.0419,521.1849,4.9175,1
-76.4784,3.3949,116.5657,521.5105,5.1827,1
-76.4784,3.4016,122.5176,521.1545,4.8957,1
-76.4784,3.4084,118.5342,521.3986,5.0844,1
-76.4784,3.4151,125.4627,520.9581,4.7645,1
-76.4784,3.4219,125.1941,520.9766,4.7761,1
-76.4784,3.4286,122.9534,521.1263,4.8759,1
-76.4784,3.4353,124.0158,521.0563,4.8281,1
-76.4784,3.4421,127.2173,520.8344,4.6894,1
-76.4784,3.4488,116.3717,521.5213,5.1926,1
-76.4784,3.4556,118.1499,521.4209,5.1033,1
-76.4784,3.4623,121.9663,521.1897,4.921,1
-76.4784,3.4691,119.3339,521.3515,5.0454,1
-76.4784,3.4758,120.9367,521.2542,4.969,1
-76.4784,3.4825,121.6595,521.2091,4.9352,1
-76.4784,3.4893,131.8388,520.4835,4.5018,1
-76.4784,3.496,126.8679,520.8595,4.7041,1
-76.4784,3.5028,122.4699,521.1575,4.8979,1
-76.4784,3.5095,130.0873,520.6209,4.5712,1
-76.4784,3.5163,129.5293,520.6636,4.5937,1
-76.4784,3.523,121.1212,521.2428,4.9603,1
-76.4716,3.3072,126.8822,520.8585,4.7035,1
-76.4716,3.3139,120.2568,521.296,5.0011,1
-76.4716,3.3207,122.0123,521.1868,4.9189,1
-76.4716,3.3274,119.0377,521.369,5.0598,1
-76.4716,3.3342,124.7774,521.0051,4.7944,1
-76.4716,3.3409,125.6998,520.9417,4.7542,1
-76.4716,3.3476,131.1672,520.5369,4.5282,1
-76.4716,3.3544,125.8483,520.9314,4.7478,1
-76.4716,3.3611,123.9033,521.0638,4.8331,1
-76.4716,3.3679,120.2238,521.298,5.0027,1
-76.4716,3.3746,128.0278,520.7756,4.6554,1
-76.4716,3.3814,136.1478,520.1218,4.3392,1
-76.4716,3.3881,132.6889,520.4149,4.4688,1
-76.4716,3.3949,121.0979,521.2442,4.9614,1
-76.4716,3.4016,122.6034,521.1489,4.8918,1
-76.4716,3.4084,122.1418,521.1785,4.9129,1
-76.4716,3.4151,117.878,521.4365,5.1168,1
-76.4716,3.4219,115.7554,521.555,5.2242,1
-76.4716,3.4286,120.1735,521.301,5.0051,1
-76.4716,3.4353,117.3973,521.4639,5.1407,1
-76.4716,3.4421,132.5494,520.4262,4.4742,1
-76.4716,3.4488,124.9035,520.9965,4.7889,1
-76.4716,3.4556,133.4339,520.3536,4.4403,1
-76.4716,3.4623,132.4642,520.4332,4.4775,1
-76.4716,3.4691,135.3511,520.1913,4.3684,1
-76.4716,3.4758,130.1009,520.6199,4.5706,1
-76.4716,3.4825,125.523,520.954,4.7618,1
-76.4716,3.4893,119.202,521.3593,5.0518,1
-76.4716,3.496,126.2927,520.9003,4.7286,1
-76.4716,3.5028,129.6312,520.6558,4.5896,1
-76.4716,3.5095,126.7758,520.866,4.708,1
-76.4716,3.5163,128.6434,520.7301,4.6299,1
-76.4716,3.523,126.8373,520.8617,4.7054,1
-76.4649,3.3072,123.7432,521.0744,4.8403,1
-76.4649,3.3139,120.9374,521.2542,4.9689,1
-76.4649,3.3207,120.3877,521.288,4.9949,1
-76.4649,3.3274,119.5495,521.3386,5.035,1
-76.4649,3.3342,119.072,521.367,5.0581,1
-76.4649,3.3409,121.8875,521.1947,4.9247,1
-76.4649,3.3476,129.9547,520.6311,4.5765,1
-76.4649,3.3544,121.9016,521.1938,4.924,1
-76.4649,3.3611,125.3792,520.9639,4.7681,1
-76.4649,3.3679,126.5585,520.8815,4.7173,1
-76.4649,3.3746,125.5821,520.9499,4.7593,1
-76.4649,3.3814,129.3342,520.6783,4.6016,1
-76.4649,3.3881,134.3343,520.2782,4.4062,1
-76.4649,3.3949,135.7171,520.1595,4.3549,1
-76.4649,3.4016,128.5922,520.7339,4.632,1
-76.4649,3.4084,131.4403,520.5153,4.5174,1
-76.4649,3.4151,123.2011,521.1101,4.8646,1
-76.4649,3.4219,124.9449,520.9937,4.787,1
-76.4649,3.4286,119.5579,521.3381,5.0346,1
-76.4649,3.4353,123.5372,521.0881,4.8495,1
-76.4649,3.4421,126.0618,520.9165,4.7386,1
-76.4649,3.4488,120.5499,521.278,4.9872,1
-76.4649,3.4556,127.2172,520.8345,4.6894,1
-76.4649,3.4623,125.5259,520.9538,4.7617,1
-76.4648,3.4691,124.8652,520.9991,4.7905,1
-76.4648,3.4758,124.0127,521.0565,4.8282,1
-76.4648,3.4825,121.5919,521.2133,4.9384,1
-76.4648,3.4893,122.6818,521.1439,4.8882,1
-76.4648,3.496,126.0148,520.9198,4.7406,1
-76.4648,3.5028,125.1029,520.9829,4.7801,1
-76.4648,3.5095,120.0273,521.3099,5.0121,1
-76.4648,3.5163,117.1779,521.4763,5.1517,1
-76.4648,3.523,117.685,521.4476,5.1264,1
-76.4581,3.3072,118.8737,521.3787,5.0678,1
-76.4581,3.3139,119.0948,521.3657,5.057,1
-76.4581,3.3207,118.4711,521.4022,5.0875,1
-76.4581,3.3274,122.1061,521.1808,4.9146,1
-76.4581,3.3342,123.444,521.0942,4.8537,1
-76.4581,3.3409,118.3596,521.4087,5.0929,1
-76.4581,3.3476,124.4085,521.03,4.8107,1
-76.4581,3.3544,116.2741,521.5266,5.1976,1
-76.4581,3.3611,121.6257,521.2112,4.9368,1
-76.4581,3.3679,120.8197,521.2615,4.9745,1
-76.4581,3.3746,115.3654,521.5761,5.2444,1
-76.4581,3.3814,118.1688,521.4198,5.1024,1
-76.4581,3.3881,122.3944,521.1624,4.9013,1
-76.4581,3.3949,137.6447,519.9879,4.2852,1
-76.4581,3.4016,129.9123,520.6343,4.5782,1
-76.4581,3.4084,123.5904,521.0845,4.8471,1
-76.4581,3.4151,120.6731,521.2705,4.9814,1
-76.4581,3.4219,116.6425,521.5063,5.1788,1
-76.4581,3.4286,119.8177,521.3225,5.0221,1
-76.4581,3.4353,124.4133,521.0297,4.8105,1
-76.4581,3.4421,127.4904,520.8147,4.6779,1
-76.4581,3.4488,126.1087,520.9132,4.7365,1
-76.4581,3.4556,127.4585,520.817,4.6792,1
-76.4581,3.4623,136.3753,520.1017,4.3309,1
-76.4581,3.4691,131.0393,520.5469,4.5332,1
-76.4581,3.4758,119.4456,521.3448,5.04,1
-76.4581,3.4825,116.7013,521.503,5.1758,1
-76.4581,3.4893,119.0554,521.368,5.0589,1
-76.4581,3.496,122.1873,521.1756,4.9108,1
-76.4581,3.5028,118.1368,521.4216,5.1039,1
-76.4581,3.5095,120.3434,521.2907,4.997,1
-76.4581,3.5163,119.6905,521.3302,5.0282,1
-76.4581,3.523,118.477,521.4019,5.0872,1
-76.4514,3.3072,120.4688,521.283,4.9911,1
-76.4514,3.3139,118.314,521.4114,5.0952,1
-76.4514,3.3207,117.2902,521.47,5.1461,1
-76.4514,3.3274,117.975,521.4309,5.1119,1
-76.4514,3.3342,121.0839,521.2451,4.9621,1
-76.4514,3.3409,117.15,521.4779,5.1531,1
-76.4514,3.3476,132.0766,520.4645,4.4925,1
-76.4514,3.3544,127.1859,520.8367,4.6907,1
-76.4514,3.3611,127.3035,520.8282,4.6857,1
-76.4514,3.3679,121.1915,521.2384,4.957,1
-76.4514,3.3746,117.1271,521.4792,5.1543,1
-76.4514,3.3814,115.9185,521.5461,5.2158,1
-76.4514,3.3881,120.9555,521.2531,4.9681,1
-76.4514,3.3949,133.0797,520.3829,4.4538,1
-76.4514,3.4016,118.885,521.378,5.0672,1
-76.4514,3.4084,114.5892,521.6174,5.2851,1
-76.4514,3.4151,116.9861,521.4871,5.1614,1
-76.4514,3.4219,125.3373,520.9668,4.7699,1
-76.4514,3.4286,128.9179,520.7096,4.6187,1
-76.4514,3.4353,127.3295,520.8264,4.6846,1
-76.4513,3.4421,124.4643,521.0262,4.8082,1
-76.4513,3.4488,128.5428,520.7376,4.6341,1
-76.4513,3.4556,122.8504,521.133,4.8805,1
-76.4513,3.4623,124.1331,521.0485,4.8229,1
-76.4513,3.4691,119.6661,521.3316,5.0294,1
-76.4513,3.4758,120.0705,521.3073,5.01,1
-76.4513,3.4825,116.6595,521.5053,5.1779,1
-76.4513,3.4893,120.574,521.2766,4.9861,1
-76.4513,3.496,116.9552,521.4888,5.163,1
-76.4513,3.5028,115.6204,521.5623,5.2312,1
-76.4513,3.5095,122.8119,521.1355,4.8823,1
-76.4513,3.5163,123.0426,521.1205,4.8718,1
-76.4513,3.523,120.5171,521.2801,4.9888,1
-76.4446,3.3072,116.1761,521.532,5.2026,1
-76.4446,3.3139,125.9265,520.9259,4.7444,1
-76.4446,3.3207,120.3617,521.2896,4.9961,1
-76.4446,3.3274,123.3295,521.1017,4.8588,1
-76.4446,3.3342,130.1688,520.6147,4.5679,1
-76.4446,3.3409,124.92,520.9954,4.7881,1
-76.4446,3.3476,133.7797,520.3249,4.4271,1
-76.4446,3.3544,134.6367,520.2526,4.3949,1
-76.4446,3.3611,125.9321,520.9255,4.7441,1
-76.4446,3.3679,126.1602,520.9096,4.7343,1
-76.4446,3.3746,121.4936,521.2195,4.9429,1
-76.4446,3.3814,115.973,521.5431,5.213,1
-76.4446,3.3881,119.4364,521.3454,5.0404,1
-76.4446,3.3949,131.7608,520.4898,4.5048,1
-76.4446,3.4016,128.1429,520.7671,4.6506,1
-76.4446,3.4084,124.358,521.0334,4.8129,1
-76.4446,3.4151,131.2138,520.5332,4.5263,1
-76.4446,3.4219,123.555,521.0869,4.8487,1
-76.4446,3.4286,129.2259,520.6865,4.6061,1
-76.4446,3.4353,118.2123,521.4173,5.1002,1
-76.4446,3.4421,124.9772,520.9914,4.7856,1
-76.4446,3.4488,127.946,520.7816,4.6588,1
-76.4446,3.4556,127.2388,520.8329,4.6884,1
-76.4446,3.4623,125.3012,520.9693,4.7715,1
-76.4446,3.4691,128.9167,520.7097,4.6187,1
-76.4446,3.4758,115.3091,521.5791,5.2474,1
-76.4446,3.4825,116.3722,521.5212,5.1926,1
-76.4446,3.4893,120.1865,521.3002,5.0045,1
-76.4446,3.496,115.0946,521.5906,5.2586,1
-76.4446,3.5028,123.9888,521.0581,4.8293,1
-76.4446,3.5095,122.8789,521.1311,4.8792,1
-76.4446,3.5163,126.0398,520.918,4.7395,1
-76.4446,3.523,120.3745,521.2888,4.9955,1
