NM_BARR,ID_BARR,number,rc_usd,night,collapsed,fatalities,losses,homeless,injured,str_lr,col_lr,occ_lr,hom_lr,inj_lr
CIENFUEGOS,125010101001.0,16591.022584080496,218404219,65178.0,2.7458580034,0.81196658391,795992,215.48812487,51.813436808,0.364457975305198,0.016550263791665,1.245767872456964,330.61481614962105,79.49528492436099
MONTE RICO,125010101002.0,5169.0,405205784,49196.7,1.06293565669,1.024004073037,1183114,116.273614949,25.8678900206,0.291978520005969,0.020563661379184,2.081448700902703,236.34433803283554,52.58053898046008
LOS SALADOS,125010101003.0,1840.0,152783732,16336.350000000002,0.52835010522,0.44930253193,549929,48.36406872,11.2991585482,0.35993958733401,0.028714679631522,2.750323860164602,296.051864216915,69.16574723362316
ENSANCHE LIBERTAD,125010101004.0,2760.0,453407722,17716.050000000003,0.72671424372,0.405963308281,1519471,50.844008345,11.7832997547,0.335122359503577,0.026330226221739,2.291500127178462,286.9940440730298,66.51200326652949
ALTOS DE VIREYA,125010101005.0,1477.0,530659938,6777.0,0.2311387895,0.076281375846,1372510,14.435014415,3.0959634168,0.258642128774187,0.015649207142857,1.125592088623285,213.00006514682013,45.683391128818066
ENSANCHE BERMÚDEZ,125010101007.0,1510.0,126731085,9898.200000000003,0.36891606752,0.239296756621,406386,27.949087872,6.5462598495,0.3206680918051,0.024431527650331,2.417578515497766,282.36535806510267,66.1358615657392
LA OTRA BANDA,125010101008.0,2708.0,340382584,19035.231621164512,0.71435479467,0.448051434958,1035736,49.220456414,11.4848606655,0.304285945098287,0.026379423732275,2.353800804082833,258.5755581732651,60.334756592772116
BARACOA,125010101009.0,1073.0,263366544,5710.500000000001,0.22005527779,0.105032662776,654101,12.544764924999999,2.8726148396,0.248361334767523,0.020508413587139,1.839290128289992,219.67892347430168,50.30408615007442
LA JOYA,125010101010.0,2007.0,302060875,9605.917051734727,0.9683781659,0.530054060435,2087493,54.125141466,13.5431951938,0.691083512689395,0.048250033178874,5.517995393675379,563.4562652841727,140.9880506031878
BELLA  VISTA,125010101011.0,3794.0,429743685,23005.34426006395,0.66333669892,0.3915924218696,1060518,48.328400486,10.5183385562,0.246779143478703,0.01748383497417,1.70218023013628,210.0746676062376,45.721283008397634
PERALTA,125010101012.0,2863.0,423721701,8959.95,0.322372645913,0.0781519707699,871372,13.7545218673,2.8167491469,0.205647165378677,0.011259959689591,0.872236684020558,153.51114534456104,31.437107873369825
LA YAGÜITA DE PASTOR,125010101013.0,2820.0,332892170,17275.369064893974,0.4918828888,0.224226021163,728822,32.712281583,7.097759557,0.218936274546406,0.017442655631206,1.297952132430325,189.35793186309428,41.08600823714768
LOS JAZMINES,125010101014.0,3368.0,222887660,27999.000000000004,0.40130333353,0.298332920856,506907,43.181985255,8.1922160386,0.227426937734415,0.011915182111936,1.065512771370406,154.22688401371477,29.258959386406655
NIBAJE,125010101015.0,638.0,53661450,3449.25,0.20896192574,0.125285259442,221352,13.514972515,3.3168605947,0.412496408551411,0.032752652937304,3.632246414205987,391.82351279263605,96.1617915401899
CENTRO DE LA CIUDAD,125010101016.0,3173.0,654252704,8039.269029398329,1.714543611670816,0.517086155823543,4881973,53.92555349983977,13.507441301226766,0.746190676370059,0.054035411650514,6.432004625453394,670.7768243933945,168.01827693329082
PUEBLO NUEVO,125010101017.0,2040.0,130200881,11583.0,0.55277941104,0.299992059028,419949,32.199086653,7.5032340616,0.322539498606071,0.027097029952941,2.589934032875767,277.9857260899594,64.77798550979884
ENSANCHE BOLIVAR,125010101018.0,1498.0,291785277,15021.240806580496,0.2731175232352,0.220208214386,756218,31.393174997,7.1644436614,0.259169365423708,0.018232144408224,1.465978857682192,208.99188955979787,47.695418465439985
LOS CIRUELITOS,125010101019.0,2234.0,124104513,1356.75,0.64133219,0.0388815112546,455306,4.0954366984,0.9412057513,0.366872713942094,0.028707797224709,2.865783029637,301.8563993661323,69.37208412014004
LAS COLINAS,125010101020.0,2196.0,552239946,9674.156424717643,0.3992026056,0.145997618077,1718907,24.576166400199998,5.5161450991,0.311260896747571,0.018178625027322,1.509150893032632,254.0393737836144,57.01939122057351
URBANIZACIÓN  LOS REYES,125010101021.0,3178.0,840715436,16790.038666233897,0.71991754776,0.39485150079,3093255,51.077245613,12.0909339488,0.367931241989829,0.0226531638691,2.351700961737972,304.21160205974036,72.01254380143763
BUENOS AIRES,125010101022.0,2292.0,218524372,9575.550000000001,0.71382739613,0.25500626718,755868,29.932011992,7.1857754845,0.345896640617519,0.031144301750873,2.663097860488431,312.58791392661516,75.04295298442386
GREGORIO LUPERÓN,125010101023.0,1094.0,521205577,14303.250000000002,0.18216207262,0.206210841712,1819981,40.393623164,9.2299659602,0.349186853338747,0.016651012122486,1.441706197626413,282.4087054620453,64.53055047069721
MEJORAMIENTO SOCIAL,125010101024.0,1815.0,183771690,12434.85,0.104715345436,0.055750332441,286675,11.7296242526,2.1290449262,0.155995183276395,0.00576944051989,0.448339404504276,94.32863486572015,17.121597174071262
LOS JARDINES METROPOLITANOS,125010101025.0,1480.0,543001990,4486.894216505317,0.108032310481,0.0314553189797,1103305,6.5694175153,1.3839951038,0.203186130769409,0.007299480437905,0.701048820451119,146.41346994841092,30.845280432707522
LA TRINITARIA,125010101026.0,432.0,839208170,2440.8,0.05813223451,0.016795089566,1594526,4.3367973193,1.03765386644,0.190003621987622,0.013456535766204,0.688097737053425,177.67933953212062,42.51285916256965
LA ZURZA,125010101027.0,1008.0,370875651,4873.386718627739,0.22608688719,0.072066585447,1556238,17.116112355,4.0229147061,0.419611701229743,0.022429254681548,1.478778303628912,351.21596834448627,82.54864508747178
EL  ENSUEÑO,125010101028.0,2475.0,286596640,13896.952233970876,0.52429762957,0.283678684826,1173183,43.9575776614,9.9468173329,0.409349894779424,0.021183742608889,2.04130143106164,316.31092142596856,71.57553084614601
PEKÍN,125010101029.0,3548.0,307221868,26611.200000000004,0.37868233783,0.26752874462,660619,37.977850726,6.8134364353,0.215030037449509,0.010673121133878,1.005323865966209,142.71378489508174,25.603642208167983
REPARTO UNIVERSITARIO,125010101030.0,1083.0,682815471,6875.781724700995,0.067094658019,0.037790460839,1494706,10.6075453486,2.20573599686,0.218903319790917,0.006195259281533,0.549616935965828,154.27402691526376,32.07978503645591
VILLA OLGA,125010101031.0,2507.0,981517622,12480.750000000002,0.152933977446,0.070329894336,2559247,22.0519768154,4.75922499691,0.260743914685995,0.006100278318548,0.563506955399315,176.68791391062234,38.132524062335996
REPARTO DEL ESTE,125010101032.0,940.0,313413335,4129.650000000001,0.074937241051,0.0294958190671,764207,8.9043849787,1.99056151427,0.243833526028917,0.007972046920319,0.714245010281743,215.62081480755026,48.20170024747859
LOS CERROS DE GURABO,125010101033.0,2966.0,1318546695,16902.07883635194,0.54059233901,0.224034966082,5097995,54.196415207899996,12.86787542253,0.38663743411559,0.018226309474376,1.325487641201623,320.6494049201671,76.13190985037045
REPARTO CONSUELO,125010101034.0,935.0,324003320,5914.976609256773,0.067597777689,0.0421282685322,657435,8.0536106355,1.66090421366,0.20291006994825,0.007229708843743,0.712230517805775,136.15625500355023,28.079641279742873
GURABO,125010101035.0,4293.0,1097152106,2873.3240544958894,0.56226361699,0.02713770798784,2170209,3.97911796617,0.816019297476,0.197803803714513,0.013097219123923,0.944470845374285,138.484831181637,28.399835243058465
HOYA DEL CAIMITO,125010101036.0,1084.0,77776319,6937.650000000001,0.07107583622,0.045306945554,131300,6.507759608,1.0944125321,0.168817565086896,0.00655681145941,0.653058968872745,93.80351571497552,15.774974697484016
ARROYO HONDO ARRIBA,125010101039.0,2144.0,465808904,13467.600000000002,0.18519457596,0.0981225013731,991173,19.2970917266,3.655334722,0.212785326341481,0.008637806714552,0.72858194016083,143.2853049288663,27.141693560842317
LOS ÁLAMOS,125010101038.0,1806.0,542973368,7640.802316029437,0.16688735191,0.0583692747662,1087898,10.50734619626,1.96887145361,0.200359394648367,0.009240717160022,0.763915520281799,137.51626807850946,25.767862747601214
HATO MAYOR,125010101040.0,2162.0,146520338,14458.500000000004,0.286752008846,0.202208344442,366696,25.355837241,4.8939127372,0.25026988332141,0.013263275154764,1.398543033108552,175.36976339869275,33.84799762907631
JARDINES DEL ESTE,125010101041.0,1083.0,487202669,4337.417350553154,0.0309197495504,0.0095503038195,635027,2.7912511305,0.4361925524,0.130341486152065,0.002855009192096,0.220184110673188,64.35283729715403,10.056504070201406
ARBOLEDA,125010101042.0,9.0,2516372,459.0000000000001,0.00049003866,0.0024991966,4775,0.5305567,0.08824296,0.189752800002716,0.005444874,0.544487276688453,115.58969498910673,19.22504575163398
EL DORADO,125010101043.0,1664.0,586086501,10392.125813797153,0.0457123022486,0.0218015727306,889760,7.5115758378,1.13611873203,0.151813691953235,0.002747133548594,0.209789345522117,72.28141741535906,10.93249593381199
LOS RIELES,125010101044.0,1939.0,793026091,641.6913067445188,0.088944553261,0.0026783128435,1198396,0.54476930254,0.09302345824,0.151116850075493,0.004587135289376,0.417383376609516,84.895852073136,14.496605651701012
LA HERRADURA,125010101045.0,4968.0,960871317,22738.806927486014,0.69359546943,0.2673958815274,2095015,38.5396903373,8.0764166174,0.218032798124924,0.013961261461957,1.175945080936413,169.48862119372822,35.51820745545563
LA BARRANQUITA,125010101046.0,463.0,548947098,1202.7288372131327,0.04352884255,0.0053093100655,859795,1.5921329425,0.32935575404,0.156626182562473,0.00940147787257,0.441438660255483,132.37671644999912,27.384040678957767
LA FARDIQUERA,125010101047.0,698.0,321474984,2913.2999999999997,0.027698581019,0.011136094423,522819,3.1600252755,0.55316408141,0.162631234061835,0.003968278082951,0.382250177564961,108.46892786530739,18.987542697628122
BUENA VISTA,125010101048.0,1402.0,399886118,12487.324802582232,0.10463301121,0.0677045025304,666316,13.2294352436,2.51395978397,0.166626374587165,0.007463124907989,0.542185805212655,105.94290973246973,20.132092531541602
LAS ANTILLAS,125010101049.0,1092.0,300675183,3154.3559161219614,0.20169468875,0.058815901534,1025875,8.7748848615,2.0003651066,0.34119039715381,0.018470209592491,1.864593061087084,278.18309331079064,63.415960652255606
LOS MORÁN,125010101050.0,59.0,77338447,321.72160033392225,0.012019207255,0.003034859466,50034,0.419173867,0.0888184243,0.064694942299212,0.020371537720339,0.943318528457539,130.29086842939043,27.607230663969506
ALTOS DE RAFEY,125010101051.0,1489.0,628257244,7329.079429124734,0.33146466863,0.1133365049801,1890941,22.2416255652,5.5414590173,0.300981888742372,0.022260891110141,1.54639482456305,303.4709308349818,75.60920946331976
ZONA INDUSTRIAL,125010101052.0,621.0,343201770,1158.1063863279098,0.05136101798,0.0113672921568,472121,2.3040203537,0.4950351578,0.137563588643304,0.008270695326892,0.981541272114307,198.94721080034114,42.74522303340742
LA TERRAZA,125010101053.0,508.0,161645701,4011.563013938543,0.10164796954,0.053123641003,587401,12.140138766,2.9039790973,0.363388252085996,0.020009442822835,1.324262907460684,302.6286443418183,72.39021516575606
URBANIZACIÓN HENRÍQUEZ,125010101054.0,1464.0,269531987,8768.217728748834,0.0878219550261,0.038719399269,391164,7.1241793224,1.17508126771,0.145127079411267,0.005998767419816,0.441588022410171,81.25002757449288,13.401597725581071
LOS SANTOS,125010101055.0,766.0,64484041,7461.45,0.09091263704,0.071681203256,211626,18.379632437999998,4.405889106,0.328184176961565,0.011868490475196,0.960687309517587,246.32789120077194,59.04869838972318
RINCÓN LARGO,125010101056.0,92.0,186074712,383.4000000000001,0.01357241368,0.005521611586,569190,0.9456271449,0.21501376868,0.3058931240597,0.014752623565217,1.440169949400104,246.64244780907663,56.08079516953571
VILLA OLÍMPICA,125010101057.0,3421.0,777190170,35752.71400073393,0.386071614907,0.307618576821,1645400,54.1251649916,10.377761428,0.211711333032351,0.011285343902572,0.860406224866412,151.3875701589785,29.026499716320735
ÁREA MONUMENTAL,125010101058.0,1.0,1635840,0.0,3.432344e-05,0.0,1351,0.0,0.0,0.082573333137338,0.003432344,0.0,0.0,0.0
PONTEZUELA AL MEDIO,125010101059.0,1586.0,482176237,7824.335083290976,0.065804266308,0.0294692448207,772038,6.6612362442,1.09875491633,0.160115306201126,0.004149071015637,0.376635771691733,85.1348539305941,14.04278963814335
EL PLAY,125010201001.0,0.0,0,0.0,0.0,0.0,0,0.0,0.0,0.0,0.0,0.0,0.0,0.0
CENTRO DEL PUEBLO,125010201002.0,0.0,0,0.0,0.0,0.0,0,0.0,0.0,0.0,0.0,0.0,0.0,0.0
LAS MERCEDES,125010201003.0,0.0,0,0.0,0.0,0.0,0,0.0,0.0,0.0,0.0,0.0,0.0,0.0
LA ALTAGRACIA,125010201004.0,0.0,0,0.0,0.0,0.0,0,0.0,0.0,0.0,0.0,0.0,0.0,0.0
LA ARCILLA,125090101001.0,0.0,0,0.0,0.0,0.0,0,0.0,0.0,0.0,0.0,0.0,0.0,0.0
LA CORPORACIÓN,125090101002.0,0.0,0,0.0,0.0,0.0,0,0.0,0.0,0.0,0.0,0.0,0.0,0.0
BAITOA,125010401001.0,0.0,0,0.0,0.0,0.0,0,0.0,0.0,0.0,0.0,0.0,0.0,0.0
CANELA ABAJO,125010501001.0,0.0,0,0.0,0.0,0.0,0,0.0,0.0,0.0,0.0,0.0,0.0,0.0
NUEVO,125010501002.0,0.0,0,0.0,0.0,0.0,0,0.0,0.0,0.0,0.0,0.0,0.0,0.0
CANELA ARRIBA O CENTRO DEL PUEBLO,125010501003.0,0.0,0,0.0,0.0,0.0,0,0.0,0.0,0.0,0.0,0.0,0.0,0.0
SAN FRANCISCO ARRIBA,125010601001.0,0.0,0,0.0,0.0,0.0,0,0.0,0.0,0.0,0.0,0.0,0.0,0.0
LOS COCOS O SAN FRANCISCO ABAJO,125010601002.0,0.0,0,0.0,0.0,0.0,0,0.0,0.0,0.0,0.0,0.0,0.0,0.0
PALMARITO,125010601003.0,0.0,0,0.0,0.0,0.0,0,0.0,0.0,0.0,0.0,0.0,0.0,0.0
QUINIGUA,125010601004.0,0.0,0,0.0,0.0,0.0,0,0.0,0.0,0.0,0.0,0.0,0.0,0.0
EL PORTÓN,125010701001.0,0.0,0,0.0,0.0,0.0,0,0.0,0.0,0.0,0.0,0.0,0.0,0.0
EL TAMARINDO,125010701002.0,0.0,0,0.0,0.0,0.0,0,0.0,0.0,0.0,0.0,0.0,0.0,0.0
ENSANCHE HERMANAS MIRABAL,125010701003.0,0.0,0,0.0,0.0,0.0,0,0.0,0.0,0.0,0.0,0.0,0.0,0.0
LA MINA,125010701004.0,0.0,0,0.0,0.0,0.0,0,0.0,0.0,0.0,0.0,0.0,0.0,0.0
LA PAZ,125010701005.0,0.0,0,0.0,0.0,0.0,0,0.0,0.0,0.0,0.0,0.0,0.0,0.0
LA RINCONADA,125010701006.0,0.0,0,0.0,0.0,0.0,0,0.0,0.0,0.0,0.0,0.0,0.0,0.0
LOS JIMÉNEZ,125010701007.0,0.0,0,0.0,0.0,0.0,0,0.0,0.0,0.0,0.0,0.0,0.0,0.0
MONSEÑOR ELISEO PÉREZ,125010701008.0,0.0,0,0.0,0.0,0.0,0,0.0,0.0,0.0,0.0,0.0,0.0,0.0
PRADERAS DEL YAQUE,125010701009.0,0.0,0,0.0,0.0,0.0,0,0.0,0.0,0.0,0.0,0.0,0.0,0.0
SAN ANTONIO,125010701010.0,0.0,0,0.0,0.0,0.0,0,0.0,0.0,0.0,0.0,0.0,0.0,0.0
URBANIZACIÓN GRULLÓN,125010701011.0,0.0,0,0.0,0.0,0.0,0,0.0,0.0,0.0,0.0,0.0,0.0,0.0
VILLA FÁTIMA,125010701012.0,0.0,0,0.0,0.0,0.0,0,0.0,0.0,0.0,0.0,0.0,0.0,0.0
VILLA PROGRESO,125010701013.0,0.0,0,0.0,0.0,0.0,0,0.0,0.0,0.0,0.0,0.0,0.0,0.0
MATEO PELÓN,125010701014.0,0.0,0,0.0,0.0,0.0,0,0.0,0.0,0.0,0.0,0.0,0.0,0.0
EL CERRO,125020101001.0,0.0,0,0.0,0.0,0.0,0,0.0,0.0,0.0,0.0,0.0,0.0,0.0
CENTRO DEL PUEBLO,125020101002.0,0.0,0,0.0,0.0,0.0,0,0.0,0.0,0.0,0.0,0.0,0.0,0.0
LOS CANDELONES,125020101003.0,0.0,0,0.0,0.0,0.0,0,0.0,0.0,0.0,0.0,0.0,0.0,0.0
DUARTE,125020101004.0,0.0,0,0.0,0.0,0.0,0,0.0,0.0,0.0,0.0,0.0,0.0,0.0
JEREMÖAS O NUEVO,125020101005.0,0.0,0,0.0,0.0,0.0,0,0.0,0.0,0.0,0.0,0.0,0.0,0.0
JALISCO,125020101006.0,0.0,0,0.0,0.0,0.0,0,0.0,0.0,0.0,0.0,0.0,0.0,0.0
LA MELLA,125020101007.0,0.0,0,0.0,0.0,0.0,0,0.0,0.0,0.0,0.0,0.0,0.0,0.0
SAN ANTONIO (EL BOLSILLO),125020101008.0,0.0,0,0.0,0.0,0.0,0,0.0,0.0,0.0,0.0,0.0,0.0,0.0
LA TRINITARIA,125020101009.0,0.0,0,0.0,0.0,0.0,0,0.0,0.0,0.0,0.0,0.0,0.0,0.0
LA ROTONDA,125020101010.0,0.0,0,0.0,0.0,0.0,0,0.0,0.0,0.0,0.0,0.0,0.0,0.0
27 DE FEBRERO,125020101011.0,0.0,0,0.0,0.0,0.0,0,0.0,0.0,0.0,0.0,0.0,0.0,0.0
LA ALTAGRACIA,125020101012.0,0.0,0,0.0,0.0,0.0,0,0.0,0.0,0.0,0.0,0.0,0.0,0.0
SAN MIGUEL,125020101013.0,0.0,0,0.0,0.0,0.0,0,0.0,0.0,0.0,0.0,0.0,0.0,0.0
HERMANAS MIRABAL,125020101015.0,0.0,0,0.0,0.0,0.0,0,0.0,0.0,0.0,0.0,0.0,0.0,0.0
MANOLO TAVµREZ JUSTO,125020101016.0,0.0,0,0.0,0.0,0.0,0,0.0,0.0,0.0,0.0,0.0,0.0,0.0
EL ABANICO,125020101017.0,0.0,0,0.0,0.0,0.0,0,0.0,0.0,0.0,0.0,0.0,0.0,0.0
PICA PIEDRA (EL CANAL),125020101018.0,0.0,0,0.0,0.0,0.0,0,0.0,0.0,0.0,0.0,0.0,0.0,0.0
MINERVA O SIMàN BOLÖVAR,125020101019.0,0.0,0,0.0,0.0,0.0,0,0.0,0.0,0.0,0.0,0.0,0.0,0.0
LA ESCUELA O EL CALLEJàN DE LA TOMA,125020101020.0,0.0,0,0.0,0.0,0.0,0,0.0,0.0,0.0,0.0,0.0,0.0,0.0
MEJÖA ARRIBA,125020101021.0,0.0,0,0.0,0.0,0.0,0,0.0,0.0,0.0,0.0,0.0,0.0,0.0
MEJÖA ABAJO,125020101022.0,0.0,0,0.0,0.0,0.0,0,0.0,0.0,0.0,0.0,0.0,0.0,0.0
LOMA DE PERRO,125020101023.0,0.0,0,0.0,0.0,0.0,0,0.0,0.0,0.0,0.0,0.0,0.0,0.0
SAN JOS?,125020101024.0,0.0,0,0.0,0.0,0.0,0,0.0,0.0,0.0,0.0,0.0,0.0,0.0
PONTàN,125020101025.0,0.0,0,0.0,0.0,0.0,0,0.0,0.0,0.0,0.0,0.0,0.0,0.0
LA ESTACIàN,125020101026.0,0.0,0,0.0,0.0,0.0,0,0.0,0.0,0.0,0.0,0.0,0.0,0.0
CENTRO DEL PUEBLO,125030101001.0,0.0,0,0.0,0.0,0.0,0,0.0,0.0,0.0,0.0,0.0,0.0,0.0
EL PLAY,125030101002.0,0.0,0,0.0,0.0,0.0,0,0.0,0.0,0.0,0.0,0.0,0.0,0.0
PUEBLO NUEVO,125030101004.0,0.0,0,0.0,0.0,0.0,0,0.0,0.0,0.0,0.0,0.0,0.0,0.0
EL CAIMITO,125030301001.0,0.0,0,0.0,0.0,0.0,0,0.0,0.0,0.0,0.0,0.0,0.0,0.0
EL PALERO,125030301002.0,0.0,0,0.0,0.0,0.0,0,0.0,0.0,0.0,0.0,0.0,0.0,0.0
LOS COROCITOS,125030301003.0,0.0,0,0.0,0.0,0.0,0,0.0,0.0,0.0,0.0,0.0,0.0,0.0
LOS CABALLOS,125030301004.0,0.0,0,0.0,0.0,0.0,0,0.0,0.0,0.0,0.0,0.0,0.0,0.0
PASO AFUERA,125030301005.0,0.0,0,0.0,0.0,0.0,0,0.0,0.0,0.0,0.0,0.0,0.0,0.0
VILLA ALBA,125040101001.0,145.7496615862042,4178146,572.57901945,0.0508632573,0.01542321142,23917,2.67785655,0.659849912,0.572420592401709,0.034897684664548,2.693638938222887,467.68331689349327,115.24172028409797
LOS OSORIAS,125040101002.0,209.38267269847685,11589155,822.5619471000001,0.0712307169,0.01981593712,65387,3.81317632,0.935522649,0.564207227836093,0.034019394242128,2.409051037415781,463.57314892132086,113.73278964560065
LOS SOLANO,125040101003.0,0.0,0,0.0,0.0,0.0,0,0.0,0.0,0.0,0.0,0.0,0.0,0.0
EL CENTRO,125040101004.0,1020.4632336412167,51039968,4008.9001329000002,0.3708516711,0.13563075001,301024,19.24271651,4.66816056,0.589781582442439,0.036341502454403,3.383240926779735,479.9998970311092,116.44492018370876
URBANIZACIàN LAS ESMERALDAS,125040101005.0,32.39580183125566,1755073,127.26723509999997,0.0110324341,0.00231443409,9808,0.59415889,0.149446151,0.558834874700767,0.034055135160618,1.818562403890867,466.8592741353585,117.42704308974183
LAS PALOMAS O CENTRO DEL PUEBLO,125040201001.0,1027.4461424701865,18489713,4036.3325608499995,0.307595105,0.05425397484,96315,17.34937295,4.240643327,0.520910861682998,0.029937832484385,1.344140355684042,429.8301165339668,105.06179218560166
LIMONAL,125040201002.0,574.3157580430758,18484461,2256.2052633,0.1348596918,0.02199212746,78846,7.743000055,1.873136586,0.426550239110859,0.023481802459943,0.974739657677848,343.1868625142215,83.0215502316615
LAS PALOMAS ABAJO,125040201003.0,369.30094557867255,8796373,1450.8024993,0.0384700808,0.00607273098,22254,2.54198532,0.54261333,0.252992448972085,0.010417000351765,0.418577372380461,175.21236151898597,37.400909514686276
LOS ARITAS,125040201004.0,926.2957018170978,16672671,3638.96203185,0.2896390499,0.04376722654,89734,16.40974094,4.036933014,0.538210587632531,0.031268530052749,1.202739301947301,450.9456486870104,110.93638731777799
LAS PALOMAS ARRIBA,125040201005.0,520.4416355555261,17631607,2044.5602283000003,0.1780002944,0.04638773755,99431,9.55202009,2.356477135,0.56393655574709,0.034201778305074,2.268836931674555,467.1919152972207,115.25594122308398
LOS MIRANDAS,125040201006.0,0.0,0,0.0,0.0,0.0,0,0.0,0.0,0.0,0.0,0.0,0.0,0.0
CRUCE DE CHàN,125040201007.0,0.0,0,0.0,0.0,0.0,0,0.0,0.0,0.0,0.0,0.0,0.0,0.0
LOS PORTES,125040201008.0,103.43085746333385,4157139,406.32916950000003,0.0326993594,0.00357873181,22299,1.86150926,0.463918211,0.536404785567751,0.031614703969356,0.880746960500949,458.1283845042781,114.17300204434373
TRIPLE PLAY,125040201009.0,669.2580937146463,7074909,2629.1871891,0.220561634,0.041977327,39011,12.1412477,3.01700405,0.551394617710876,0.0329561399513,1.59658951534635,461.7871161982986,114.75044692549085
LOS COLELOS,125040201010.0,0.0,0,0.0,0.0,0.0,0,0.0,0.0,0.0,0.0,0.0,0.0,0.0
LOS CRUCES,125040201011.0,38.73344049995121,4712755,152.1647127,0.0134234506,0.00378973991,27026,0.720094137,0.175981293,0.573471920556258,0.034655972789241,2.490551089510256,473.233330003192,115.65184192668606
PUEBLO NUEVO,125050101001.0,0.0,0,0.0,0.0,0.0,0,0.0,0.0,0.0,0.0,0.0,0.0,0.0
CENTRO DEL PUEBLO,125050101002.0,0.0,0,0.0,0.0,0.0,0,0.0,0.0,0.0,0.0,0.0,0.0,0.0
VILLA DUARTE ARRIBA,125050101003.0,0.0,0,0.0,0.0,0.0,0,0.0,0.0,0.0,0.0,0.0,0.0,0.0
VILLA DUARTE ABAJO,125050101004.0,0.0,0,0.0,0.0,0.0,0,0.0,0.0,0.0,0.0,0.0,0.0,0.0
CAÑADA DEL CAIMITO,125050101006.0,0.0,0,0.0,0.0,0.0,0,0.0,0.0,0.0,0.0,0.0,0.0,0.0
LA MANSIÓN,125050101007.0,0.0,0,0.0,0.0,0.0,0,0.0,0.0,0.0,0.0,0.0,0.0,0.0
OJO DE AGUA,125050101008.0,0.0,0,0.0,0.0,0.0,0,0.0,0.0,0.0,0.0,0.0,0.0,0.0
VILLA ESPERANZA,125050101009.0,0.0,0,0.0,0.0,0.0,0,0.0,0.0,0.0,0.0,0.0,0.0,0.0
PARAÍSO,125050101010.0,0.0,0,0.0,0.0,0.0,0,0.0,0.0,0.0,0.0,0.0,0.0,0.0
URBANIZACIÓN OFELIA,125050101011.0,0.0,0,0.0,0.0,0.0,0,0.0,0.0,0.0,0.0,0.0,0.0,0.0
PARAÍSO DE LAS MATAS,125050101005.0,0.0,0,0.0,0.0,0.0,0,0.0,0.0,0.0,0.0,0.0,0.0,0.0
EL RUBIO,125050201001.0,0.0,0,0.0,0.0,0.0,0,0.0,0.0,0.0,0.0,0.0,0.0,0.0
LA CUESTA,125050301001.0,0.0,0,0.0,0.0,0.0,0,0.0,0.0,0.0,0.0,0.0,0.0,0.0
GUARALBANA O GUANALBANA,125050301002.0,0.0,0,0.0,0.0,0.0,0,0.0,0.0,0.0,0.0,0.0,0.0,0.0
EL CRUCE,125050301003.0,0.0,0,0.0,0.0,0.0,0,0.0,0.0,0.0,0.0,0.0,0.0,0.0
HIPÓLITO PERALTA,125050301004.0,0.0,0,0.0,0.0,0.0,0,0.0,0.0,0.0,0.0,0.0,0.0,0.0
HICO MARTÍNEZ,125060101001.0,1090.3140390571443,24526913,4283.309728350001,0.442563541,0.14885509453,142045,21.40868322,5.61958131,0.57913737918094,0.040590465237218,3.47523536635165,499.8163704646912,131.19717383045173
CENTRO DEL PUEBLO,125060101002.0,2625.4216207715576,57802934,10313.99538705,1.0975539834,0.38215388363,340397,52.76631294,13.85207979,0.58889144998492,0.041804865729621,3.705197348738619,511.5991520245597,134.30372295291437
VALENTÍN,125060101003.0,344.1871933871056,7708248,1352.1428698500001,0.1192891762,0.03123471233,38512,5.95620462,1.57004877,0.499621493568055,0.034658226247784,2.310015681513376,440.50112993316685,116.11559732398494
MANOLO DÁJER,125060101004.0,691.554083056505,14206536,2716.7772087000003,0.2446108152,0.07110807518,71772,12.08931745,3.17540084,0.505205006825476,0.035371176483968,2.617368658434299,444.9874436257081,116.88116455892438
LOS RECIO,125060101005.0,452.01925739042713,6561306,1775.7622237500004,0.169645225,0.0546501032,34960,8.24528858,2.16874605,0.53281953208388,0.037530530442306,3.077557483151746,464.3239094583199,122.13043058321784
HAINA,125060101006.0,0.0,0,0.0,0.0,0.0,0,0.0,0.0,0.0,0.0,0.0,0.0,0.0
VISTA ALEGRE,125060101007.0,1287.0653831023496,19624051,5056.2493730999995,0.426858455,0.0781835857,94888,21.84495161,5.82661712,0.483529015133519,0.03316525023547,1.546276299502717,432.03865153919025,115.23595238396413
BOCA DE LICEY,125060101008.0,29.959021505990115,1140640,117.69431895000001,0.0091756365,0.00147462706,5283,0.48379599,0.126695521,0.463118397345233,0.030627290341126,1.252929685269231,411.0614635575832,107.64794947649425
MONCADA,125060101009.0,231.30562210713063,3604675,908.6864755500002,0.068839463,0.01267479178,16420,3.63111835,0.94105255,0.45551159004795,0.029761258015647,1.394847631283203,399.6007916594329,103.56185277550318
DON MANUEL,125060101010.0,377.68864254406475,9546296,1483.75365165,0.1331729735,0.03216130472,48063,6.63324541,1.76880653,0.503469915935454,0.035259988916522,2.167563644021041,447.058405054204,119.2116041657595
CARLOS DÍAZ,125060101011.0,160.20751818374086,5404912,629.3768553,0.0542586512,0.0128336069,26706,2.74186852,0.722876119,0.494113173866578,0.033867730937428,2.03909736939448,435.64813305583914,114.85584716257678
LA CACATA,125060101012.0,199.69863096012344,4174995,784.5180912000001,0.072259863,0.02410175127,21416,3.51470628,0.91883509,0.5129589836613,0.036184455873625,3.072172782291601,448.00831483999303,117.12095620313208
LOS POLANCO,125060101013.0,164.02812037637506,8092663,644.38612965,0.0525954769,0.00948231431,38156,2.71151174,0.719147396,0.471486846439622,0.032064914710548,1.471526756038393,420.78989835997317,111.60193599924423
LA ERMITA DE TAMBORIL,125060101014.0,0.0,0,0.0,0.0,0.0,0,0.0,0.0,0.0,0.0,0.0,0.0,0.0
LA PIEDRA,125060201002.0,0.0,0,0.0,0.0,0.0,0,0.0,0.0,0.0,0.0,0.0,0.0,0.0
LOS RIELES,125060201003.0,0.0,0,0.0,0.0,0.0,0,0.0,0.0,0.0,0.0,0.0,0.0,0.0
ARENOSO,125060201004.0,0.0,0,0.0,0.0,0.0,0,0.0,0.0,0.0,0.0,0.0,0.0,0.0
LA HOYA,125060201001.0,0.0,0,0.0,0.0,0.0,0,0.0,0.0,0.0,0.0,0.0,0.0,0.0
CEMENTERIO,125070101001.0,0.0,0,0.0,0.0,0.0,0,0.0,0.0,0.0,0.0,0.0,0.0,0.0
ESPAILLAT,125070101002.0,0.0,0,0.0,0.0,0.0,0,0.0,0.0,0.0,0.0,0.0,0.0,0.0
CENTRO DEL PUEBLO,125070101003.0,0.0,0,0.0,0.0,0.0,0,0.0,0.0,0.0,0.0,0.0,0.0,0.0
ARRENQUILLO,125070101004.0,0.0,0,0.0,0.0,0.0,0,0.0,0.0,0.0,0.0,0.0,0.0,0.0
NUEVA ESPERANZA,125070101005.0,0.0,0,0.0,0.0,0.0,0,0.0,0.0,0.0,0.0,0.0,0.0,0.0
LA LOMITA,125070101006.0,0.0,0,0.0,0.0,0.0,0,0.0,0.0,0.0,0.0,0.0,0.0,0.0
VIDAL GUILL?N,125070101007.0,0.0,0,0.0,0.0,0.0,0,0.0,0.0,0.0,0.0,0.0,0.0,0.0
PALMAR ARRIBA,125070201001.0,0.0,0,0.0,0.0,0.0,0,0.0,0.0,0.0,0.0,0.0,0.0,0.0
EL POZO,125070201002.0,0.0,0,0.0,0.0,0.0,0,0.0,0.0,0.0,0.0,0.0,0.0,0.0
LINDO,125070201003.0,0.0,0,0.0,0.0,0.0,0,0.0,0.0,0.0,0.0,0.0,0.0,0.0
EL LIMàN,125070301001.0,0.0,0,0.0,0.0,0.0,0,0.0,0.0,0.0,0.0,0.0,0.0,0.0
LA CUESTA,125070301002.0,0.0,0,0.0,0.0,0.0,0,0.0,0.0,0.0,0.0,0.0,0.0,0.0
LA SABANA,125070301003.0,0.0,0,0.0,0.0,0.0,0,0.0,0.0,0.0,0.0,0.0,0.0,0.0
PU¥AL,125080101001.0,2017.514590091403,57936324,7925.8264695,0.5280544193,0.09246239733,274212,30.42793563,7.296452284,0.473298341486357,0.026173511799787,1.166596287287034,383.9086781308189,92.05919801648517
GUAYABAL,125080201001.0,0.0,0,0.0,0.0,0.0,0,0.0,0.0,0.0,0.0,0.0,0.0,0.0
CANABACOA ABAJO,125080301001.0,1593.7568130409152,65196538,6257.1612469500005,0.277163465,0.07587677796,223445,16.513305475,3.634173236,0.342725562245354,0.01739057444223,1.212639006178488,263.91049907894364,58.08022348427486
JUNCALITO ABAJO,125030201001.0,0.0,0,0.0,0.0,0.0,0,0.0,0.0,0.0,0.0,0.0,0.0,0.0
LAS PLACETAS,125050401001.0,0.0,0,0.0,0.0,0.0,0,0.0,0.0,0.0,0.0,0.0,0.0,0.0
"DUARTE ""A""",125020101014.0,0.0,0,0.0,0.0,0.0,0,0.0,0.0,0.0,0.0,0.0,0.0,0.0
ESPAILLAT,125010101006.0,1641.0,205978103,4658.85,0.33341815124,0.0958779586942,575935,10.5097484438,2.2569061843,0.279609834505194,0.02031798605972,2.057974794084377,225.58675303562035,48.443418103179965
PARQUE METROPOLITANO DE SANTIAGO,125010101060.0,3.0,80559845,3701.7,7.5396029e-05,0.003310235,14518,2.374917,0.466666,0.018020899644441,0.002513200966667,0.089424723775563,64.15746819029094,12.606802280033499
ARROYO HONDO ABAJO,125010101037.0,2304.0,359028748,14105.200596218316,0.27916803811,0.148352438882,882159,24.87560072,4.9830071032,0.245707147301888,0.012116668320747,1.051757030111108,176.35765298275368,35.3274458538078
SAN JOSÉ,125030101003.0,0.0,0,0.0,0.0,0.0,0,0.0,0.0,0.0,0.0,0.0,0.0,0.0
LOS LEONES,125060103001.0,0.0,0,0.0,0.0,0.0,0,0.0,0.0,0.0,0.0,0.0,0.0,0.0
LICEY AL MEDIO,125060105002.0,0.0,0,0.0,0.0,0.0,0,0.0,0.0,0.0,0.0,0.0,0.0,0.0
PONTEZUELA ARRIBA,125060106004.0,1527.5314551684974,33141546,6000.92276895,0.18182331374,0.033780625192,84848,11.438465148999999,2.4652580232,0.256016710689471,0.011903081479913,0.562923845092422,190.61177071274693,41.08131562625249
MAIZAL,125060102004.0,0.0,0,0.0,0.0,0.0,0,0.0,0.0,0.0,0.0,0.0,0.0,0.0
LOS CACAOS,125060104006.0,0.0,0,0.0,0.0,0.0,0,0.0,0.0,0.0,0.0,0.0,0.0,0.0
LOS SANTANA,125060105004.0,0.0,0,0.0,0.0,0.0,0,0.0,0.0,0.0,0.0,0.0,0.0,0.0
KILÓMETRO 1,125060105001.0,0.0,0,0.0,0.0,0.0,0,0.0,0.0,0.0,0.0,0.0,0.0,0.0
LOS MARCANO,125060105003.0,0.0,0,0.0,0.0,0.0,0,0.0,0.0,0.0,0.0,0.0,0.0,0.0
DON PEDRO ABAJO,125060106002.0,0.0,0,0.0,0.0,0.0,0,0.0,0.0,0.0,0.0,0.0,0.0,0.0
PONTEZUELA,125060106001.0,0.0,0,0.0,0.0,0.0,0,0.0,0.0,0.0,0.0,0.0,0.0,0.0
LOS RIELES,125060103007.0,0.0,0,0.0,0.0,0.0,0,0.0,0.0,0.0,0.0,0.0,0.0,0.0
GUAZUMAL LICEY (GUAZUMAL ABAJO),125060103009.0,0.0,0,0.0,0.0,0.0,0,0.0,0.0,0.0,0.0,0.0,0.0,0.0
CANTURRIA ABAJO,125060103005.0,0.0,0,0.0,0.0,0.0,0,0.0,0.0,0.0,0.0,0.0,0.0,0.0
LA CHINA,125060103003.0,0.0,0,0.0,0.0,0.0,0,0.0,0.0,0.0,0.0,0.0,0.0,0.0
EL CAÑO,125060103008.0,0.0,0,0.0,0.0,0.0,0,0.0,0.0,0.0,0.0,0.0,0.0,0.0
EL MOLINO,125060102002.0,99.53593037611348,1597526,391.02790905,0.036662573,0.010818036,8345,1.79862513,0.4748342,0.522348241414794,0.036833506113284,2.766563651756304,459.9735948182699,121.43230419373566
OJO DE AGUA,125060102003.0,0.0,0,0.0,0.0,0.0,0,0.0,0.0,0.0,0.0,0.0,0.0,0.0
BOCA DE MAIZAL,125060102007.0,0.0,0,0.0,0.0,0.0,0,0.0,0.0,0.0,0.0,0.0,0.0,0.0
NIÑO DE ANTORCHA,125060102006.0,0.0,0,0.0,0.0,0.0,0,0.0,0.0,0.0,0.0,0.0,0.0,0.0
GUAZUMAL ABAJO,125060102008.0,0.0,0,0.0,0.0,0.0,0,0.0,0.0,0.0,0.0,0.0,0.0,0.0
EL CAÑO,125060102001.0,0.0,0,0.0,0.0,0.0,0,0.0,0.0,0.0,0.0,0.0,0.0,0.0
BOCA DE LICEY,125060104001.0,0.0,0,0.0,0.0,0.0,0,0.0,0.0,0.0,0.0,0.0,0.0,0.0
LOS LICEYES,125060104002.0,0.0,0,0.0,0.0,0.0,0,0.0,0.0,0.0,0.0,0.0,0.0,0.0
LA SABANA,125060104004.0,0.0,0,0.0,0.0,0.0,0,0.0,0.0,0.0,0.0,0.0,0.0,0.0
ARROYO LAS BELLACAS,125060104003.0,0.0,0,0.0,0.0,0.0,0,0.0,0.0,0.0,0.0,0.0,0.0,0.0
MIGUEL SÁNCHEZ,125060104005.0,0.0,0,0.0,0.0,0.0,0,0.0,0.0,0.0,0.0,0.0,0.0,0.0
LOS GUINEOS,125060104007.0,0.0,0,0.0,0.0,0.0,0,0.0,0.0,0.0,0.0,0.0,0.0,0.0
EL COCO,125060103004.0,0.0,0,0.0,0.0,0.0,0,0.0,0.0,0.0,0.0,0.0,0.0,0.0
GURABO,125060103002.0,0.0,0,0.0,0.0,0.0,0,0.0,0.0,0.0,0.0,0.0,0.0,0.0
HAINA,125060102005.0,0.0,0,0.0,0.0,0.0,0,0.0,0.0,0.0,0.0,0.0,0.0,0.0
DON PEDRO ARRIBA LICEY,125060106003.0,0.0,0,0.0,0.0,0.0,0,0.0,0.0,0.0,0.0,0.0,0.0,0.0
GUAZUMAL ARRIBA,125060103006.0,0.0,0,0.0,0.0,0.0,0,0.0,0.0,0.0,0.0,0.0,0.0,0.0
CANCA ARRIBA LA NUEVA,125060205003.0,0.0,0,0.0,0.0,0.0,0,0.0,0.0,0.0,0.0,0.0,0.0,0.0
PALMA PICADA DE LOS AMACEYES,125060203004.0,0.0,0,0.0,0.0,0.0,0,0.0,0.0,0.0,0.0,0.0,0.0,0.0
PALMA PICADA DE CARLOS DÍAZ,125060204004.0,0.0,0,0.0,0.0,0.0,0,0.0,0.0,0.0,0.0,0.0,0.0,0.0
GUATEMALA,125060204005.0,0.0,0,0.0,0.0,0.0,0,0.0,0.0,0.0,0.0,0.0,0.0,0.0
SEBORUCO,125060204002.0,0.0,0,0.0,0.0,0.0,0,0.0,0.0,0.0,0.0,0.0,0.0,0.0
LOS FACTORES O CARLOS DÍAZ,125060204001.0,0.0,0,0.0,0.0,0.0,0,0.0,0.0,0.0,0.0,0.0,0.0,0.0
CANCA LAS AROMAS,125060205002.0,0.0,0,0.0,0.0,0.0,0,0.0,0.0,0.0,0.0,0.0,0.0,0.0
NIGUA,125060205005.0,0.0,0,0.0,0.0,0.0,0,0.0,0.0,0.0,0.0,0.0,0.0,0.0
LA BOCA DEL SONADOR,125060203005.0,0.0,0,0.0,0.0,0.0,0,0.0,0.0,0.0,0.0,0.0,0.0,0.0
ALTO DEL AGUACATE,125060205004.0,0.0,0,0.0,0.0,0.0,0,0.0,0.0,0.0,0.0,0.0,0.0,0.0
EL PALMAR,125060202002.0,0.0,0,0.0,0.0,0.0,0,0.0,0.0,0.0,0.0,0.0,0.0,0.0
LA LOMITA,125060203003.0,0.0,0,0.0,0.0,0.0,0,0.0,0.0,0.0,0.0,0.0,0.0,0.0
EL ALTO,125060203006.0,0.0,0,0.0,0.0,0.0,0,0.0,0.0,0.0,0.0,0.0,0.0,0.0
AMACEYES ARRIBA,125060203001.0,0.0,0,0.0,0.0,0.0,0,0.0,0.0,0.0,0.0,0.0,0.0,0.0
JUAN ANTONIO ALIX,125060202003.0,0.0,0,0.0,0.0,0.0,0,0.0,0.0,0.0,0.0,0.0,0.0,0.0
CANCA ABAJO,125060205006.0,0.0,0,0.0,0.0,0.0,0,0.0,0.0,0.0,0.0,0.0,0.0,0.0
LA HOYA,125060204003.0,0.0,0,0.0,0.0,0.0,0,0.0,0.0,0.0,0.0,0.0,0.0,0.0
AMACEYES ABAJO,125060203002.0,0.0,0,0.0,0.0,0.0,0,0.0,0.0,0.0,0.0,0.0,0.0,0.0
CANCA ARRIBA,125060205001.0,0.0,0,0.0,0.0,0.0,0,0.0,0.0,0.0,0.0,0.0,0.0,0.0
EL MOLINO,125060202001.0,0.0,0,0.0,0.0,0.0,0,0.0,0.0,0.0,0.0,0.0,0.0,0.0
GUANÁBANO DEL LIMÓN,125020102003.0,0.0,0,0.0,0.0,0.0,0,0.0,0.0,0.0,0.0,0.0,0.0,0.0
LA VILLA NUEVA,125020105001.0,0.0,0,0.0,0.0,0.0,0,0.0,0.0,0.0,0.0,0.0,0.0,0.0
VUELTA LARGA,125020108001.0,0.0,0,0.0,0.0,0.0,0,0.0,0.0,0.0,0.0,0.0,0.0,0.0
ESTANCIA DEL YAQUE,125020103001.0,0.0,0,0.0,0.0,0.0,0,0.0,0.0,0.0,0.0,0.0,0.0,0.0
CANAL CAÑEO,125020107002.0,0.0,0,0.0,0.0,0.0,0,0.0,0.0,0.0,0.0,0.0,0.0,0.0
LA ATRAVESADA,125020102006.0,0.0,0,0.0,0.0,0.0,0,0.0,0.0,0.0,0.0,0.0,0.0,0.0
EL TÚNEL,125020102012.0,0.0,0,0.0,0.0,0.0,0,0.0,0.0,0.0,0.0,0.0,0.0,0.0
GANCHO DE JOBO,125020102011.0,0.0,0,0.0,0.0,0.0,0,0.0,0.0,0.0,0.0,0.0,0.0,0.0
LOS CEDROS,125020102013.0,0.0,0,0.0,0.0,0.0,0,0.0,0.0,0.0,0.0,0.0,0.0,0.0
AGUA HEDIONDA,125020102005.0,0.0,0,0.0,0.0,0.0,0,0.0,0.0,0.0,0.0,0.0,0.0,0.0
LOS CABRERA O LA LOMETA,125020104004.0,0.0,0,0.0,0.0,0.0,0,0.0,0.0,0.0,0.0,0.0,0.0,0.0
EL CABIRMAL,125020104003.0,0.0,0,0.0,0.0,0.0,0,0.0,0.0,0.0,0.0,0.0,0.0,0.0
LOS HIGOS,125020105004.0,0.0,0,0.0,0.0,0.0,0,0.0,0.0,0.0,0.0,0.0,0.0,0.0
CAÑADA HIGÜERO,125020105003.0,0.0,0,0.0,0.0,0.0,0,0.0,0.0,0.0,0.0,0.0,0.0,0.0
EL ABRA,125020105002.0,0.0,0,0.0,0.0,0.0,0,0.0,0.0,0.0,0.0,0.0,0.0,0.0
AGUA HEDIONDA,125020105008.0,0.0,0,0.0,0.0,0.0,0,0.0,0.0,0.0,0.0,0.0,0.0,0.0
EL ABRA ARRIBA,125020105006.0,0.0,0,0.0,0.0,0.0,0,0.0,0.0,0.0,0.0,0.0,0.0,0.0
LA ESTACIÓN,125020102014.0,0.0,0,0.0,0.0,0.0,0,0.0,0.0,0.0,0.0,0.0,0.0,0.0
KILÓMETRO 7,125020107003.0,0.0,0,0.0,0.0,0.0,0,0.0,0.0,0.0,0.0,0.0,0.0,0.0
CRUCE DE BARRERO,125020107005.0,0.0,0,0.0,0.0,0.0,0,0.0,0.0,0.0,0.0,0.0,0.0,0.0
PUN PUN,125020107007.0,0.0,0,0.0,0.0,0.0,0,0.0,0.0,0.0,0.0,0.0,0.0,0.0
PEDRO GARCÍA,125020107001.0,0.0,0,0.0,0.0,0.0,0,0.0,0.0,0.0,0.0,0.0,0.0,0.0
PONTONCITO,125020107006.0,0.0,0,0.0,0.0,0.0,0,0.0,0.0,0.0,0.0,0.0,0.0,0.0
LAS RAÍCES,125020102007.0,0.0,0,0.0,0.0,0.0,0,0.0,0.0,0.0,0.0,0.0,0.0,0.0
EL CATEY,125020102002.0,0.0,0,0.0,0.0,0.0,0,0.0,0.0,0.0,0.0,0.0,0.0,0.0
VILLA TABACALERA,125020107004.0,0.0,0,0.0,0.0,0.0,0,0.0,0.0,0.0,0.0,0.0,0.0,0.0
BARRANCÓN,125020106001.0,0.0,0,0.0,0.0,0.0,0,0.0,0.0,0.0,0.0,0.0,0.0,0.0
LOS CANDELONES,125020106002.0,0.0,0,0.0,0.0,0.0,0,0.0,0.0,0.0,0.0,0.0,0.0,0.0
LA TUNITA,125020105005.0,0.0,0,0.0,0.0,0.0,0,0.0,0.0,0.0,0.0,0.0,0.0,0.0
AGUACATE DE NAVARRETE,125020105009.0,0.0,0,0.0,0.0,0.0,0,0.0,0.0,0.0,0.0,0.0,0.0,0.0
LOS MUÑOZ,125020104002.0,0.0,0,0.0,0.0,0.0,0,0.0,0.0,0.0,0.0,0.0,0.0,0.0
EL PUENTE,125020104001.0,0.0,0,0.0,0.0,0.0,0,0.0,0.0,0.0,0.0,0.0,0.0,0.0
LOS RUALES,125020104007.0,0.0,0,0.0,0.0,0.0,0,0.0,0.0,0.0,0.0,0.0,0.0,0.0
LOS BRAZOS,125020104006.0,0.0,0,0.0,0.0,0.0,0,0.0,0.0,0.0,0.0,0.0,0.0,0.0
CAYOTA,125020104008.0,0.0,0,0.0,0.0,0.0,0,0.0,0.0,0.0,0.0,0.0,0.0,0.0
CAÑADA SUCIA,125020105007.0,0.0,0,0.0,0.0,0.0,0,0.0,0.0,0.0,0.0,0.0,0.0,0.0
EL ESTADO,125020102010.0,0.0,0,0.0,0.0,0.0,0,0.0,0.0,0.0,0.0,0.0,0.0,0.0
EL CAIMITO,125020102004.0,0.0,0,0.0,0.0,0.0,0,0.0,0.0,0.0,0.0,0.0,0.0,0.0
CAÑADA BONITA,125020102001.0,0.0,0,0.0,0.0,0.0,0,0.0,0.0,0.0,0.0,0.0,0.0,0.0
LAS CAOBAS,125020102009.0,0.0,0,0.0,0.0,0.0,0,0.0,0.0,0.0,0.0,0.0,0.0,0.0
LOS CACHIMBOS,125020102008.0,0.0,0,0.0,0.0,0.0,0,0.0,0.0,0.0,0.0,0.0,0.0,0.0
ALTO DE LA SIERRA (LA SIERRA),125020104005.0,0.0,0,0.0,0.0,0.0,0,0.0,0.0,0.0,0.0,0.0,0.0,0.0
LA HOYA,125050207008.0,0.0,0,0.0,0.0,0.0,0,0.0,0.0,0.0,0.0,0.0,0.0,0.0
MAGUÁ ABAJO,125050207009.0,0.0,0,0.0,0.0,0.0,0,0.0,0.0,0.0,0.0,0.0,0.0,0.0
LOS CACAOS,125050209003.0,0.0,0,0.0,0.0,0.0,0,0.0,0.0,0.0,0.0,0.0,0.0,0.0
MAGUÁ AL MEDIO,125050207007.0,0.0,0,0.0,0.0,0.0,0,0.0,0.0,0.0,0.0,0.0,0.0,0.0
LOS CERCADILLOS,125050207015.0,0.0,0,0.0,0.0,0.0,0,0.0,0.0,0.0,0.0,0.0,0.0,0.0
EL DAJAO,125050209004.0,0.0,0,0.0,0.0,0.0,0,0.0,0.0,0.0,0.0,0.0,0.0,0.0
MATA DE TUNA,125050207012.0,0.0,0,0.0,0.0,0.0,0,0.0,0.0,0.0,0.0,0.0,0.0,0.0
PALMARITO,125050207005.0,0.0,0,0.0,0.0,0.0,0,0.0,0.0,0.0,0.0,0.0,0.0,0.0
EL CAJUIL,125050209010.0,0.0,0,0.0,0.0,0.0,0,0.0,0.0,0.0,0.0,0.0,0.0,0.0
LAS AUYAMAS,125050207006.0,0.0,0,0.0,0.0,0.0,0,0.0,0.0,0.0,0.0,0.0,0.0,0.0
MATA DEL DAJAO,125050209002.0,0.0,0,0.0,0.0,0.0,0,0.0,0.0,0.0,0.0,0.0,0.0,0.0
EL CRUCERO,125050207016.0,0.0,0,0.0,0.0,0.0,0,0.0,0.0,0.0,0.0,0.0,0.0,0.0
CERRO BONITO,125050207010.0,0.0,0,0.0,0.0,0.0,0,0.0,0.0,0.0,0.0,0.0,0.0,0.0
CABUYA,125050209006.0,0.0,0,0.0,0.0,0.0,0,0.0,0.0,0.0,0.0,0.0,0.0,0.0
PALO AMARILLO,125050209001.0,0.0,0,0.0,0.0,0.0,0,0.0,0.0,0.0,0.0,0.0,0.0,0.0
EL CENTRO,125050207014.0,0.0,0,0.0,0.0,0.0,0,0.0,0.0,0.0,0.0,0.0,0.0,0.0
HOYO DE LOS COROZOS,125050207011.0,0.0,0,0.0,0.0,0.0,0,0.0,0.0,0.0,0.0,0.0,0.0,0.0
LA MINA,125050207004.0,0.0,0,0.0,0.0,0.0,0,0.0,0.0,0.0,0.0,0.0,0.0,0.0
LA CEIBA,125050209007.0,0.0,0,0.0,0.0,0.0,0,0.0,0.0,0.0,0.0,0.0,0.0,0.0
LOS LIMONES,125050207001.0,0.0,0,0.0,0.0,0.0,0,0.0,0.0,0.0,0.0,0.0,0.0,0.0
EL ANISETAL,125050209011.0,0.0,0,0.0,0.0,0.0,0,0.0,0.0,0.0,0.0,0.0,0.0,0.0
CERRO DE LA CANA,125050209008.0,0.0,0,0.0,0.0,0.0,0,0.0,0.0,0.0,0.0,0.0,0.0,0.0
LA ISLETA,125050209013.0,0.0,0,0.0,0.0,0.0,0,0.0,0.0,0.0,0.0,0.0,0.0,0.0
MAGUÁ ARRIBA,125050207003.0,0.0,0,0.0,0.0,0.0,0,0.0,0.0,0.0,0.0,0.0,0.0,0.0
LA GUARANITA,125050207002.0,0.0,0,0.0,0.0,0.0,0,0.0,0.0,0.0,0.0,0.0,0.0,0.0
LOS MOSQUITOS,125050209005.0,0.0,0,0.0,0.0,0.0,0,0.0,0.0,0.0,0.0,0.0,0.0,0.0
LA CIÉNAGA,125050209009.0,0.0,0,0.0,0.0,0.0,0,0.0,0.0,0.0,0.0,0.0,0.0,0.0
LA GUÁRANA,125050209012.0,0.0,0,0.0,0.0,0.0,0,0.0,0.0,0.0,0.0,0.0,0.0,0.0
DAMAJAGUA,125030103004.0,0.0,0,0.0,0.0,0.0,0,0.0,0.0,0.0,0.0,0.0,0.0,0.0
LOMA DEL CORRAL,125030106001.0,0.0,0,0.0,0.0,0.0,0,0.0,0.0,0.0,0.0,0.0,0.0,0.0
LOS INDIOS,125030104003.0,0.0,0,0.0,0.0,0.0,0,0.0,0.0,0.0,0.0,0.0,0.0,0.0
EL CABREJITO,125050212005.0,0.0,0,0.0,0.0,0.0,0,0.0,0.0,0.0,0.0,0.0,0.0,0.0
LA CULATA,125050212004.0,0.0,0,0.0,0.0,0.0,0,0.0,0.0,0.0,0.0,0.0,0.0,0.0
RINCÓN LLANO,125050212003.0,0.0,0,0.0,0.0,0.0,0,0.0,0.0,0.0,0.0,0.0,0.0,0.0
CAÑADA GRANDE,125050203010.0,0.0,0,0.0,0.0,0.0,0,0.0,0.0,0.0,0.0,0.0,0.0,0.0
EL PINAR,125050212012.0,0.0,0,0.0,0.0,0.0,0,0.0,0.0,0.0,0.0,0.0,0.0,0.0
RUBIO ADENTRO,125050212011.0,0.0,0,0.0,0.0,0.0,0,0.0,0.0,0.0,0.0,0.0,0.0,0.0
LOS HORNILOS,125050212014.0,0.0,0,0.0,0.0,0.0,0,0.0,0.0,0.0,0.0,0.0,0.0,0.0
DICAYAGUA ABAJO,125030104006.0,0.0,0,0.0,0.0,0.0,0,0.0,0.0,0.0,0.0,0.0,0.0,0.0
LOS ROBLES,125030104005.0,0.0,0,0.0,0.0,0.0,0,0.0,0.0,0.0,0.0,0.0,0.0,0.0
ZALAYA,125030104004.0,0.0,0,0.0,0.0,0.0,0,0.0,0.0,0.0,0.0,0.0,0.0,0.0
LA CAOBA,125030103007.0,0.0,0,0.0,0.0,0.0,0,0.0,0.0,0.0,0.0,0.0,0.0,0.0
LOS JAZMINES,125030103005.0,0.0,0,0.0,0.0,0.0,0,0.0,0.0,0.0,0.0,0.0,0.0,0.0
BATEY,125030103002.0,0.0,0,0.0,0.0,0.0,0,0.0,0.0,0.0,0.0,0.0,0.0,0.0
CEBÚ,125030103003.0,0.0,0,0.0,0.0,0.0,0,0.0,0.0,0.0,0.0,0.0,0.0,0.0
ARROYO PIEDRA,125030103001.0,0.0,0,0.0,0.0,0.0,0,0.0,0.0,0.0,0.0,0.0,0.0,0.0
ARROYO SECO,125030104001.0,0.0,0,0.0,0.0,0.0,0,0.0,0.0,0.0,0.0,0.0,0.0,0.0
LOS ALTOS,125030104007.0,0.0,0,0.0,0.0,0.0,0,0.0,0.0,0.0,0.0,0.0,0.0,0.0
EL VERDE,125030104002.0,0.0,0,0.0,0.0,0.0,0,0.0,0.0,0.0,0.0,0.0,0.0,0.0
PIEDRA GORDA,125030106006.0,0.0,0,0.0,0.0,0.0,0,0.0,0.0,0.0,0.0,0.0,0.0,0.0
LOMA SUCIA,125030106007.0,0.0,0,0.0,0.0,0.0,0,0.0,0.0,0.0,0.0,0.0,0.0,0.0
LA FORTALEZA,125030106003.0,0.0,0,0.0,0.0,0.0,0,0.0,0.0,0.0,0.0,0.0,0.0,0.0
MÁLAGA,125030106005.0,0.0,0,0.0,0.0,0.0,0,0.0,0.0,0.0,0.0,0.0,0.0,0.0
LA CAÑA,125030106002.0,0.0,0,0.0,0.0,0.0,0,0.0,0.0,0.0,0.0,0.0,0.0,0.0
GUATINIQUIN,125030103006.0,0.0,0,0.0,0.0,0.0,0,0.0,0.0,0.0,0.0,0.0,0.0,0.0
LA SABANETA,125050211014.0,0.0,0,0.0,0.0,0.0,0,0.0,0.0,0.0,0.0,0.0,0.0,0.0
LOS HIGOS GORDOS,125050212016.0,0.0,0,0.0,0.0,0.0,0,0.0,0.0,0.0,0.0,0.0,0.0,0.0
CABREJA,125050212010.0,0.0,0,0.0,0.0,0.0,0,0.0,0.0,0.0,0.0,0.0,0.0,0.0
LOS CORRALITOS,125050203005.0,0.0,0,0.0,0.0,0.0,0,0.0,0.0,0.0,0.0,0.0,0.0,0.0
LAS GUÁRANAS,125050212002.0,0.0,0,0.0,0.0,0.0,0,0.0,0.0,0.0,0.0,0.0,0.0,0.0
RANCHO VIEJO,125030305020.0,0.0,0,0.0,0.0,0.0,0,0.0,0.0,0.0,0.0,0.0,0.0,0.0
EL CÓRBANO,125030305003.0,0.0,0,0.0,0.0,0.0,0,0.0,0.0,0.0,0.0,0.0,0.0,0.0
LAS ÁNIMAS,125030305015.0,0.0,0,0.0,0.0,0.0,0,0.0,0.0,0.0,0.0,0.0,0.0,0.0
LA CIDRA,125030305009.0,0.0,0,0.0,0.0,0.0,0,0.0,0.0,0.0,0.0,0.0,0.0,0.0
LA JAGUA O LA VAGUA,125030305014.0,0.0,0,0.0,0.0,0.0,0,0.0,0.0,0.0,0.0,0.0,0.0,0.0
LOS PILONES,125030305017.0,0.0,0,0.0,0.0,0.0,0,0.0,0.0,0.0,0.0,0.0,0.0,0.0
HUNDIDERA,125030305022.0,0.0,0,0.0,0.0,0.0,0,0.0,0.0,0.0,0.0,0.0,0.0,0.0
BEJUCAL,125030305002.0,0.0,0,0.0,0.0,0.0,0,0.0,0.0,0.0,0.0,0.0,0.0,0.0
LA HORQUETA,125030305013.0,0.0,0,0.0,0.0,0.0,0,0.0,0.0,0.0,0.0,0.0,0.0,0.0
EL MONTEADERO,125030305004.0,0.0,0,0.0,0.0,0.0,0,0.0,0.0,0.0,0.0,0.0,0.0,0.0
LOMA ALTA,125030304009.0,0.0,0,0.0,0.0,0.0,0,0.0,0.0,0.0,0.0,0.0,0.0,0.0
EL ROBLITO,125030305007.0,0.0,0,0.0,0.0,0.0,0,0.0,0.0,0.0,0.0,0.0,0.0,0.0
LOS CALIMETES,125030305016.0,0.0,0,0.0,0.0,0.0,0,0.0,0.0,0.0,0.0,0.0,0.0,0.0
ARENILLA,125030305001.0,0.0,0,0.0,0.0,0.0,0,0.0,0.0,0.0,0.0,0.0,0.0,0.0
EL PESCADERO,125030305006.0,0.0,0,0.0,0.0,0.0,0,0.0,0.0,0.0,0.0,0.0,0.0,0.0
POTRANQUITA,125030305019.0,0.0,0,0.0,0.0,0.0,0,0.0,0.0,0.0,0.0,0.0,0.0,0.0
EL PIE DE LOS PILONES,125030305018.0,0.0,0,0.0,0.0,0.0,0,0.0,0.0,0.0,0.0,0.0,0.0,0.0
EL BAMBÚ,125050212013.0,0.0,0,0.0,0.0,0.0,0,0.0,0.0,0.0,0.0,0.0,0.0,0.0
LA PENDA,125050203011.0,0.0,0,0.0,0.0,0.0,0,0.0,0.0,0.0,0.0,0.0,0.0,0.0
CAÑETE,125030304008.0,0.0,0,0.0,0.0,0.0,0,0.0,0.0,0.0,0.0,0.0,0.0,0.0
EL HIGÜERO,125030204005.0,0.0,0,0.0,0.0,0.0,0,0.0,0.0,0.0,0.0,0.0,0.0,0.0
RINCÓN LARGO,125030205004.0,0.0,0,0.0,0.0,0.0,0,0.0,0.0,0.0,0.0,0.0,0.0,0.0
LOMITA PRIETA,125030206006.0,0.0,0,0.0,0.0,0.0,0,0.0,0.0,0.0,0.0,0.0,0.0,0.0
JANEY,125030203009.0,0.0,0,0.0,0.0,0.0,0,0.0,0.0,0.0,0.0,0.0,0.0,0.0
LA CUCHILLA,125030105010.0,0.0,0,0.0,0.0,0.0,0,0.0,0.0,0.0,0.0,0.0,0.0,0.0
LAS CEJITAS,125030102002.0,0.0,0,0.0,0.0,0.0,0,0.0,0.0,0.0,0.0,0.0,0.0,0.0
BABOCICO,125030107001.0,0.0,0,0.0,0.0,0.0,0,0.0,0.0,0.0,0.0,0.0,0.0,0.0
GURABO,125030107002.0,0.0,0,0.0,0.0,0.0,0,0.0,0.0,0.0,0.0,0.0,0.0,0.0
LAS MESETAS,125030107004.0,0.0,0,0.0,0.0,0.0,0,0.0,0.0,0.0,0.0,0.0,0.0,0.0
BOCA DE JÁNICO,125030107003.0,0.0,0,0.0,0.0,0.0,0,0.0,0.0,0.0,0.0,0.0,0.0,0.0
LOS ASIENTOS,125030107007.0,0.0,0,0.0,0.0,0.0,0,0.0,0.0,0.0,0.0,0.0,0.0,0.0
BAO,125030107005.0,0.0,0,0.0,0.0,0.0,0,0.0,0.0,0.0,0.0,0.0,0.0,0.0
DAMAJAGUA,125030102004.0,0.0,0,0.0,0.0,0.0,0,0.0,0.0,0.0,0.0,0.0,0.0,0.0
EL BARCO,125030102005.0,0.0,0,0.0,0.0,0.0,0,0.0,0.0,0.0,0.0,0.0,0.0,0.0
LAS YAYAS,125030102006.0,0.0,0,0.0,0.0,0.0,0,0.0,0.0,0.0,0.0,0.0,0.0,0.0
BOCA NARANJOS,125030102003.0,0.0,0,0.0,0.0,0.0,0,0.0,0.0,0.0,0.0,0.0,0.0,0.0
EL PALERO,125030102008.0,0.0,0,0.0,0.0,0.0,0,0.0,0.0,0.0,0.0,0.0,0.0,0.0
GUAYABALES,125030102001.0,0.0,0,0.0,0.0,0.0,0,0.0,0.0,0.0,0.0,0.0,0.0,0.0
LOS LAVADEROS,125030105008.0,0.0,0,0.0,0.0,0.0,0,0.0,0.0,0.0,0.0,0.0,0.0,0.0
LA PIÑA,125030105007.0,0.0,0,0.0,0.0,0.0,0,0.0,0.0,0.0,0.0,0.0,0.0,0.0
LLANO DE JAGUA,125030105004.0,0.0,0,0.0,0.0,0.0,0,0.0,0.0,0.0,0.0,0.0,0.0,0.0
LOS GUANOS,125030105003.0,0.0,0,0.0,0.0,0.0,0,0.0,0.0,0.0,0.0,0.0,0.0,0.0
EL NARANJO,125030105002.0,0.0,0,0.0,0.0,0.0,0,0.0,0.0,0.0,0.0,0.0,0.0,0.0
CAÑADA GRANDE,125030105009.0,0.0,0,0.0,0.0,0.0,0,0.0,0.0,0.0,0.0,0.0,0.0,0.0
FRANCO BIDÓ,125030202003.0,0.0,0,0.0,0.0,0.0,0,0.0,0.0,0.0,0.0,0.0,0.0,0.0
CERRO PRIETO,125030202001.0,0.0,0,0.0,0.0,0.0,0,0.0,0.0,0.0,0.0,0.0,0.0,0.0
RÍO ABAJO,125030203001.0,0.0,0,0.0,0.0,0.0,0,0.0,0.0,0.0,0.0,0.0,0.0,0.0
RÍO ARRIBA,125030203015.0,0.0,0,0.0,0.0,0.0,0,0.0,0.0,0.0,0.0,0.0,0.0,0.0
SABANETA ARRIBA,125030203011.0,0.0,0,0.0,0.0,0.0,0,0.0,0.0,0.0,0.0,0.0,0.0,0.0
LOS LORA,125030203002.0,0.0,0,0.0,0.0,0.0,0,0.0,0.0,0.0,0.0,0.0,0.0,0.0
LOS MONTAZOS,125030203014.0,0.0,0,0.0,0.0,0.0,0,0.0,0.0,0.0,0.0,0.0,0.0,0.0
LOS AUYENES,125030203010.0,0.0,0,0.0,0.0,0.0,0,0.0,0.0,0.0,0.0,0.0,0.0,0.0
EL NARANJO,125030203012.0,0.0,0,0.0,0.0,0.0,0,0.0,0.0,0.0,0.0,0.0,0.0,0.0
LA CALABAZA,125030203008.0,0.0,0,0.0,0.0,0.0,0,0.0,0.0,0.0,0.0,0.0,0.0,0.0
EL PALERO,125030203003.0,0.0,0,0.0,0.0,0.0,0,0.0,0.0,0.0,0.0,0.0,0.0,0.0
QUEBRADA,125030203005.0,0.0,0,0.0,0.0,0.0,0,0.0,0.0,0.0,0.0,0.0,0.0,0.0
EL TUERTO,125030203004.0,0.0,0,0.0,0.0,0.0,0,0.0,0.0,0.0,0.0,0.0,0.0,0.0
LORA DE LOS AUQUEYES,125030202005.0,0.0,0,0.0,0.0,0.0,0,0.0,0.0,0.0,0.0,0.0,0.0,0.0
LOS AUQUEYES,125030202007.0,0.0,0,0.0,0.0,0.0,0,0.0,0.0,0.0,0.0,0.0,0.0,0.0
LOS CADILLOS,125030202004.0,0.0,0,0.0,0.0,0.0,0,0.0,0.0,0.0,0.0,0.0,0.0,0.0
EL PINAZO,125030202009.0,0.0,0,0.0,0.0,0.0,0,0.0,0.0,0.0,0.0,0.0,0.0,0.0
BAIGUAQUE,125030202002.0,0.0,0,0.0,0.0,0.0,0,0.0,0.0,0.0,0.0,0.0,0.0,0.0
LOS CIRISES,125030202008.0,0.0,0,0.0,0.0,0.0,0,0.0,0.0,0.0,0.0,0.0,0.0,0.0
PARQUE NACIONAL,125030206007.0,0.0,0,0.0,0.0,0.0,0,0.0,0.0,0.0,0.0,0.0,0.0,0.0
PAJARITO,125030206009.0,0.0,0,0.0,0.0,0.0,0,0.0,0.0,0.0,0.0,0.0,0.0,0.0
EL CERRAZO,125030206005.0,0.0,0,0.0,0.0,0.0,0,0.0,0.0,0.0,0.0,0.0,0.0,0.0
PICO ALTO,125030204017.0,0.0,0,0.0,0.0,0.0,0,0.0,0.0,0.0,0.0,0.0,0.0,0.0
LA GUAJACA,125030206010.0,0.0,0,0.0,0.0,0.0,0,0.0,0.0,0.0,0.0,0.0,0.0,0.0
CERRO PRIETO,125030206003.0,0.0,0,0.0,0.0,0.0,0,0.0,0.0,0.0,0.0,0.0,0.0,0.0
LOMA DEL RANCHO,125030206008.0,0.0,0,0.0,0.0,0.0,0,0.0,0.0,0.0,0.0,0.0,0.0,0.0
LA PARÍA,125030206002.0,0.0,0,0.0,0.0,0.0,0,0.0,0.0,0.0,0.0,0.0,0.0,0.0
LOS ARROYOS,125030204012.0,0.0,0,0.0,0.0,0.0,0,0.0,0.0,0.0,0.0,0.0,0.0,0.0
LA NORITA,125030204002.0,0.0,0,0.0,0.0,0.0,0,0.0,0.0,0.0,0.0,0.0,0.0,0.0
RINCÓN DEL NOVILLO,125030204015.0,0.0,0,0.0,0.0,0.0,0,0.0,0.0,0.0,0.0,0.0,0.0,0.0
LA CULEBRA,125030204011.0,0.0,0,0.0,0.0,0.0,0,0.0,0.0,0.0,0.0,0.0,0.0,0.0
LOMA PRIETA,125030204013.0,0.0,0,0.0,0.0,0.0,0,0.0,0.0,0.0,0.0,0.0,0.0,0.0
JUNCALITO ARRIBA,125030204010.0,0.0,0,0.0,0.0,0.0,0,0.0,0.0,0.0,0.0,0.0,0.0,0.0
EL CACIQUE,125030204016.0,0.0,0,0.0,0.0,0.0,0,0.0,0.0,0.0,0.0,0.0,0.0,0.0
LA CALABERNA,125030204009.0,0.0,0,0.0,0.0,0.0,0,0.0,0.0,0.0,0.0,0.0,0.0,0.0
PIEDRA BLANCA,125030204008.0,0.0,0,0.0,0.0,0.0,0,0.0,0.0,0.0,0.0,0.0,0.0,0.0
EL NARANJITO,125030204007.0,0.0,0,0.0,0.0,0.0,0,0.0,0.0,0.0,0.0,0.0,0.0,0.0
LA LECHUZA,125030204003.0,0.0,0,0.0,0.0,0.0,0,0.0,0.0,0.0,0.0,0.0,0.0,0.0
LA ESTACA,125030204004.0,0.0,0,0.0,0.0,0.0,0,0.0,0.0,0.0,0.0,0.0,0.0,0.0
LOS POSITOS,125030205003.0,0.0,0,0.0,0.0,0.0,0,0.0,0.0,0.0,0.0,0.0,0.0,0.0
NARANJO DULCE,125030205001.0,0.0,0,0.0,0.0,0.0,0,0.0,0.0,0.0,0.0,0.0,0.0,0.0
EL MOCHO,125030205002.0,0.0,0,0.0,0.0,0.0,0,0.0,0.0,0.0,0.0,0.0,0.0,0.0
BAIGUAQUE,125030107009.0,0.0,0,0.0,0.0,0.0,0,0.0,0.0,0.0,0.0,0.0,0.0,0.0
HENEQUÉN,125030105005.0,0.0,0,0.0,0.0,0.0,0,0.0,0.0,0.0,0.0,0.0,0.0,0.0
LOMA DE LA VACA,125030105006.0,0.0,0,0.0,0.0,0.0,0,0.0,0.0,0.0,0.0,0.0,0.0,0.0
JAGUA ARRIBA,125030105012.0,0.0,0,0.0,0.0,0.0,0,0.0,0.0,0.0,0.0,0.0,0.0,0.0
LOS CALABOZOS,125030105011.0,0.0,0,0.0,0.0,0.0,0,0.0,0.0,0.0,0.0,0.0,0.0,0.0
SABANETA ABAJO,125030202006.0,0.0,0,0.0,0.0,0.0,0,0.0,0.0,0.0,0.0,0.0,0.0,0.0
ARROYO MALO,125030202011.0,0.0,0,0.0,0.0,0.0,0,0.0,0.0,0.0,0.0,0.0,0.0,0.0
DÓJIMA,125030204001.0,0.0,0,0.0,0.0,0.0,0,0.0,0.0,0.0,0.0,0.0,0.0,0.0
LOMA DE LA CRUZ,125030204006.0,0.0,0,0.0,0.0,0.0,0,0.0,0.0,0.0,0.0,0.0,0.0,0.0
CAGÜEYES,125030102007.0,0.0,0,0.0,0.0,0.0,0,0.0,0.0,0.0,0.0,0.0,0.0,0.0
RINCÓN LLANO,125030206001.0,0.0,0,0.0,0.0,0.0,0,0.0,0.0,0.0,0.0,0.0,0.0,0.0
LOS GRANIZOS,125030204014.0,0.0,0,0.0,0.0,0.0,0,0.0,0.0,0.0,0.0,0.0,0.0,0.0
LOS GUAYUYOS,125030202012.0,0.0,0,0.0,0.0,0.0,0,0.0,0.0,0.0,0.0,0.0,0.0,0.0
EL QUEMADO,125030203006.0,0.0,0,0.0,0.0,0.0,0,0.0,0.0,0.0,0.0,0.0,0.0,0.0
ZALZAMORA (ZARZAMORA),125030202010.0,0.0,0,0.0,0.0,0.0,0,0.0,0.0,0.0,0.0,0.0,0.0,0.0
LA BERENJENA,125030203013.0,0.0,0,0.0,0.0,0.0,0,0.0,0.0,0.0,0.0,0.0,0.0,0.0
LA GUANITA,125050303004.0,0.0,0,0.0,0.0,0.0,0,0.0,0.0,0.0,0.0,0.0,0.0,0.0
EL LIMPIO,125050306001.0,0.0,0,0.0,0.0,0.0,0,0.0,0.0,0.0,0.0,0.0,0.0,0.0
SIERRA DEL GUANO,125050305005.0,0.0,0,0.0,0.0,0.0,0,0.0,0.0,0.0,0.0,0.0,0.0,0.0
LOS CIRUELOS,125050306003.0,0.0,0,0.0,0.0,0.0,0,0.0,0.0,0.0,0.0,0.0,0.0,0.0
LO MELMONTO,125050303007.0,0.0,0,0.0,0.0,0.0,0,0.0,0.0,0.0,0.0,0.0,0.0,0.0
SABANETA,125050303009.0,0.0,0,0.0,0.0,0.0,0,0.0,0.0,0.0,0.0,0.0,0.0,0.0
ALBANA,125050303001.0,0.0,0,0.0,0.0,0.0,0,0.0,0.0,0.0,0.0,0.0,0.0,0.0
EUGENIO PERDOMO,125050303002.0,0.0,0,0.0,0.0,0.0,0,0.0,0.0,0.0,0.0,0.0,0.0,0.0
PARED LIMPIA,125050303008.0,0.0,0,0.0,0.0,0.0,0,0.0,0.0,0.0,0.0,0.0,0.0,0.0
LORENZO,125050304008.0,0.0,0,0.0,0.0,0.0,0,0.0,0.0,0.0,0.0,0.0,0.0,0.0
GUAMA ARRIBA O LA GUAMA,125050304004.0,0.0,0,0.0,0.0,0.0,0,0.0,0.0,0.0,0.0,0.0,0.0,0.0
EL CHORRERÓN,125050304003.0,0.0,0,0.0,0.0,0.0,0,0.0,0.0,0.0,0.0,0.0,0.0,0.0
LOS CALABOZOS O LA CALABAZA,125050304009.0,0.0,0,0.0,0.0,0.0,0,0.0,0.0,0.0,0.0,0.0,0.0,0.0
LOMA DE LOS PALOS,125050305003.0,0.0,0,0.0,0.0,0.0,0,0.0,0.0,0.0,0.0,0.0,0.0,0.0
LOMA DEL TORO,125050305002.0,0.0,0,0.0,0.0,0.0,0,0.0,0.0,0.0,0.0,0.0,0.0,0.0
LOMA SUCIA,125050304002.0,0.0,0,0.0,0.0,0.0,0,0.0,0.0,0.0,0.0,0.0,0.0,0.0
HOYA BELLACA,125050304006.0,0.0,0,0.0,0.0,0.0,0,0.0,0.0,0.0,0.0,0.0,0.0,0.0
LA GALETA O LA GOLETA,125090102005.0,0.0,0,0.0,0.0,0.0,0,0.0,0.0,0.0,0.0,0.0,0.0,0.0
EL FLAIRE,125090104005.0,0.0,0,0.0,0.0,0.0,0,0.0,0.0,0.0,0.0,0.0,0.0,0.0
LA CAOBA O CAOBETA,125090104002.0,0.0,0,0.0,0.0,0.0,0,0.0,0.0,0.0,0.0,0.0,0.0,0.0
GUARDARRAYA,125090104001.0,0.0,0,0.0,0.0,0.0,0,0.0,0.0,0.0,0.0,0.0,0.0,0.0
BOCA DE CORRAL,125090104003.0,0.0,0,0.0,0.0,0.0,0,0.0,0.0,0.0,0.0,0.0,0.0,0.0
CAÑAVERAL,125090104004.0,0.0,0,0.0,0.0,0.0,0,0.0,0.0,0.0,0.0,0.0,0.0,0.0
PIEDRA GORDA,125090104007.0,0.0,0,0.0,0.0,0.0,0,0.0,0.0,0.0,0.0,0.0,0.0,0.0
LA ZANJA,125090104006.0,0.0,0,0.0,0.0,0.0,0,0.0,0.0,0.0,0.0,0.0,0.0,0.0
YERBA DE CULEBRA,125090104008.0,0.0,0,0.0,0.0,0.0,0,0.0,0.0,0.0,0.0,0.0,0.0,0.0
LOMA QUEMADA,125050306002.0,0.0,0,0.0,0.0,0.0,0,0.0,0.0,0.0,0.0,0.0,0.0,0.0
GUAMITA O GUAMA ABAJO,125050304005.0,0.0,0,0.0,0.0,0.0,0,0.0,0.0,0.0,0.0,0.0,0.0,0.0
LOS CIRUELOS,125050304010.0,0.0,0,0.0,0.0,0.0,0,0.0,0.0,0.0,0.0,0.0,0.0,0.0
EL MOLINO,125050304001.0,0.0,0,0.0,0.0,0.0,0,0.0,0.0,0.0,0.0,0.0,0.0,0.0
LAS AUYAMAS,125050305001.0,0.0,0,0.0,0.0,0.0,0,0.0,0.0,0.0,0.0,0.0,0.0,0.0
PUEBLO NUEVO,125050305004.0,0.0,0,0.0,0.0,0.0,0,0.0,0.0,0.0,0.0,0.0,0.0,0.0
LA CHORRERA,125050304007.0,0.0,0,0.0,0.0,0.0,0,0.0,0.0,0.0,0.0,0.0,0.0,0.0
LOMA ALBANITA,125050303006.0,0.0,0,0.0,0.0,0.0,0,0.0,0.0,0.0,0.0,0.0,0.0,0.0
CAÑADA DE LA TABLA,125050307002.0,0.0,0,0.0,0.0,0.0,0,0.0,0.0,0.0,0.0,0.0,0.0,0.0
LOS RANCHOS DE BABOSICO ARRIBA,125090103002.0,0.0,0,0.0,0.0,0.0,0,0.0,0.0,0.0,0.0,0.0,0.0,0.0
PAREDES PRIETAS,125050205011.0,0.0,0,0.0,0.0,0.0,0,0.0,0.0,0.0,0.0,0.0,0.0,0.0
CABISMAL,125050208004.0,0.0,0,0.0,0.0,0.0,0,0.0,0.0,0.0,0.0,0.0,0.0,0.0
EL COROZO,125050302003.0,0.0,0,0.0,0.0,0.0,0,0.0,0.0,0.0,0.0,0.0,0.0,0.0
PASO DEL GANADO,125050205009.0,0.0,0,0.0,0.0,0.0,0,0.0,0.0,0.0,0.0,0.0,0.0,0.0
EL CRUCERO,125050205013.0,0.0,0,0.0,0.0,0.0,0,0.0,0.0,0.0,0.0,0.0,0.0,0.0
CERRITO PELADO,125050205014.0,0.0,0,0.0,0.0,0.0,0,0.0,0.0,0.0,0.0,0.0,0.0,0.0
CERRO NEGRO,125050205003.0,0.0,0,0.0,0.0,0.0,0,0.0,0.0,0.0,0.0,0.0,0.0,0.0
MONTE LLANO,125050205004.0,0.0,0,0.0,0.0,0.0,0,0.0,0.0,0.0,0.0,0.0,0.0,0.0
LOS ARROYOS,125050205005.0,0.0,0,0.0,0.0,0.0,0,0.0,0.0,0.0,0.0,0.0,0.0,0.0
PASO DEL GANADO,125050208001.0,0.0,0,0.0,0.0,0.0,0,0.0,0.0,0.0,0.0,0.0,0.0,0.0
EL MANACLAR,125050208005.0,0.0,0,0.0,0.0,0.0,0,0.0,0.0,0.0,0.0,0.0,0.0,0.0
LA NAVAJA,125050208007.0,0.0,0,0.0,0.0,0.0,0,0.0,0.0,0.0,0.0,0.0,0.0,0.0
SIERRECITA,125050205010.0,0.0,0,0.0,0.0,0.0,0,0.0,0.0,0.0,0.0,0.0,0.0,0.0
DIFERENCIA,125050205008.0,0.0,0,0.0,0.0,0.0,0,0.0,0.0,0.0,0.0,0.0,0.0,0.0
MANACLA,125050208002.0,0.0,0,0.0,0.0,0.0,0,0.0,0.0,0.0,0.0,0.0,0.0,0.0
MATA DE PALMA,125050205006.0,0.0,0,0.0,0.0,0.0,0,0.0,0.0,0.0,0.0,0.0,0.0,0.0
MARILOPE,125050205007.0,0.0,0,0.0,0.0,0.0,0,0.0,0.0,0.0,0.0,0.0,0.0,0.0
LOS MALCOTES,125050208006.0,0.0,0,0.0,0.0,0.0,0,0.0,0.0,0.0,0.0,0.0,0.0,0.0
RACHO DE LA CANA,125050208003.0,0.0,0,0.0,0.0,0.0,0,0.0,0.0,0.0,0.0,0.0,0.0,0.0
RANCHO DEL COJO,125050205001.0,0.0,0,0.0,0.0,0.0,0,0.0,0.0,0.0,0.0,0.0,0.0,0.0
RÍO LOS PALOS,125050205002.0,0.0,0,0.0,0.0,0.0,0,0.0,0.0,0.0,0.0,0.0,0.0,0.0
LOMA DE GUAYABO,125050205015.0,0.0,0,0.0,0.0,0.0,0,0.0,0.0,0.0,0.0,0.0,0.0,0.0
ARROYO  HONDO,125050302001.0,0.0,0,0.0,0.0,0.0,0,0.0,0.0,0.0,0.0,0.0,0.0,0.0
POZO COLORADO (HOYITO SAN LORENZO),125050302007.0,0.0,0,0.0,0.0,0.0,0,0.0,0.0,0.0,0.0,0.0,0.0,0.0
LOS RANCHEROS,125050302006.0,0.0,0,0.0,0.0,0.0,0,0.0,0.0,0.0,0.0,0.0,0.0,0.0
JAIQUI PICAO ABAJO (AJÍ PICAO ABAJO),125050302005.0,0.0,0,0.0,0.0,0.0,0,0.0,0.0,0.0,0.0,0.0,0.0,0.0
ALBANITA O LA BOCA DE ALBANITA,125050302002.0,0.0,0,0.0,0.0,0.0,0,0.0,0.0,0.0,0.0,0.0,0.0,0.0
LOMA AMARILLA,125050307010.0,0.0,0,0.0,0.0,0.0,0,0.0,0.0,0.0,0.0,0.0,0.0,0.0
LA ANACAHUITA,125050307009.0,0.0,0,0.0,0.0,0.0,0,0.0,0.0,0.0,0.0,0.0,0.0,0.0
LOS PALEROS,125050307013.0,0.0,0,0.0,0.0,0.0,0,0.0,0.0,0.0,0.0,0.0,0.0,0.0
LOMA DEL PINAL,125050307011.0,0.0,0,0.0,0.0,0.0,0,0.0,0.0,0.0,0.0,0.0,0.0,0.0
ANAYO,125050307001.0,0.0,0,0.0,0.0,0.0,0,0.0,0.0,0.0,0.0,0.0,0.0,0.0
EL PINAL,125050307007.0,0.0,0,0.0,0.0,0.0,0,0.0,0.0,0.0,0.0,0.0,0.0,0.0
LOS POSITOS,125050307014.0,0.0,0,0.0,0.0,0.0,0,0.0,0.0,0.0,0.0,0.0,0.0,0.0
CAÑETE,125050307003.0,0.0,0,0.0,0.0,0.0,0,0.0,0.0,0.0,0.0,0.0,0.0,0.0
CUESTA ARRIBA,125050307004.0,0.0,0,0.0,0.0,0.0,0,0.0,0.0,0.0,0.0,0.0,0.0,0.0
SABANETA,125090103006.0,0.0,0,0.0,0.0,0.0,0,0.0,0.0,0.0,0.0,0.0,0.0,0.0
LOS RANCHOS DE BABOSICO ABAJO,125090103001.0,0.0,0,0.0,0.0,0.0,0,0.0,0.0,0.0,0.0,0.0,0.0,0.0
ZALAYA,125090103008.0,0.0,0,0.0,0.0,0.0,0,0.0,0.0,0.0,0.0,0.0,0.0,0.0
LA FURNIA (LA BOCA),125090102004.0,0.0,0,0.0,0.0,0.0,0,0.0,0.0,0.0,0.0,0.0,0.0,0.0
EL HOYO DEL CERCADO,125090102002.0,0.0,0,0.0,0.0,0.0,0,0.0,0.0,0.0,0.0,0.0,0.0,0.0
BOCA DE BAO,125090102001.0,0.0,0,0.0,0.0,0.0,0,0.0,0.0,0.0,0.0,0.0,0.0,0.0
RANCHO ABAJO (VUELTA LARGA),125090103005.0,0.0,0,0.0,0.0,0.0,0,0.0,0.0,0.0,0.0,0.0,0.0,0.0
LA JOYA (RINCÓN),125090103004.0,0.0,0,0.0,0.0,0.0,0,0.0,0.0,0.0,0.0,0.0,0.0,0.0
TERRERO,125090103007.0,0.0,0,0.0,0.0,0.0,0,0.0,0.0,0.0,0.0,0.0,0.0,0.0
LOMA DEL VIENTO,125050307012.0,0.0,0,0.0,0.0,0.0,0,0.0,0.0,0.0,0.0,0.0,0.0,0.0
LA SIERRECITA,125050307016.0,0.0,0,0.0,0.0,0.0,0,0.0,0.0,0.0,0.0,0.0,0.0,0.0
ACIBA,125050307017.0,0.0,0,0.0,0.0,0.0,0,0.0,0.0,0.0,0.0,0.0,0.0,0.0
EL DAJAO,125050205012.0,0.0,0,0.0,0.0,0.0,0,0.0,0.0,0.0,0.0,0.0,0.0,0.0
LA BARRANCA,125090102003.0,0.0,0,0.0,0.0,0.0,0,0.0,0.0,0.0,0.0,0.0,0.0,0.0
JAIQUI PICAO ARRIBA (AJÍ PICAO ARRIBA),125050302004.0,0.0,0,0.0,0.0,0.0,0,0.0,0.0,0.0,0.0,0.0,0.0,0.0
CAIMONAL,125050307006.0,0.0,0,0.0,0.0,0.0,0,0.0,0.0,0.0,0.0,0.0,0.0,0.0
GURABO,125050307008.0,0.0,0,0.0,0.0,0.0,0,0.0,0.0,0.0,0.0,0.0,0.0,0.0
PALO AMARILLO,125090103003.0,0.0,0,0.0,0.0,0.0,0,0.0,0.0,0.0,0.0,0.0,0.0,0.0
CUETO,125050307005.0,0.0,0,0.0,0.0,0.0,0,0.0,0.0,0.0,0.0,0.0,0.0,0.0
LA MARA,125050102001.0,0.0,0,0.0,0.0,0.0,0,0.0,0.0,0.0,0.0,0.0,0.0,0.0
NAVA,125050102006.0,0.0,0,0.0,0.0,0.0,0,0.0,0.0,0.0,0.0,0.0,0.0,0.0
BOCA DE HIGUA,125050102015.0,0.0,0,0.0,0.0,0.0,0,0.0,0.0,0.0,0.0,0.0,0.0,0.0
LOS ARROYOS,125050102023.0,0.0,0,0.0,0.0,0.0,0,0.0,0.0,0.0,0.0,0.0,0.0,0.0
HIGUA,125050102022.0,0.0,0,0.0,0.0,0.0,0,0.0,0.0,0.0,0.0,0.0,0.0,0.0
LA CABIRMA,125050102021.0,0.0,0,0.0,0.0,0.0,0,0.0,0.0,0.0,0.0,0.0,0.0,0.0
BEJUCAL,125050102019.0,0.0,0,0.0,0.0,0.0,0,0.0,0.0,0.0,0.0,0.0,0.0,0.0
CEJA DE HIGÜERO,125050102017.0,0.0,0,0.0,0.0,0.0,0,0.0,0.0,0.0,0.0,0.0,0.0,0.0
LOS NARANJOS,125050102018.0,0.0,0,0.0,0.0,0.0,0,0.0,0.0,0.0,0.0,0.0,0.0,0.0
VEREDA DE AMINA,125050102011.0,0.0,0,0.0,0.0,0.0,0,0.0,0.0,0.0,0.0,0.0,0.0,0.0
LOS PLATANITOS,125050102012.0,0.0,0,0.0,0.0,0.0,0,0.0,0.0,0.0,0.0,0.0,0.0,0.0
LAS BRUJAS,125050102016.0,0.0,0,0.0,0.0,0.0,0,0.0,0.0,0.0,0.0,0.0,0.0,0.0
EL COROZO,125050102009.0,0.0,0,0.0,0.0,0.0,0,0.0,0.0,0.0,0.0,0.0,0.0,0.0
PINALITO,125050102008.0,0.0,0,0.0,0.0,0.0,0,0.0,0.0,0.0,0.0,0.0,0.0,0.0
CAOBANICO,125050102007.0,0.0,0,0.0,0.0,0.0,0,0.0,0.0,0.0,0.0,0.0,0.0,0.0
QUEBRADA HONDA,125050102010.0,0.0,0,0.0,0.0,0.0,0,0.0,0.0,0.0,0.0,0.0,0.0,0.0
EL CAIMITO,125050102005.0,0.0,0,0.0,0.0,0.0,0,0.0,0.0,0.0,0.0,0.0,0.0,0.0
LOS PAYASOS O LOS PARAYASES,125050102002.0,0.0,0,0.0,0.0,0.0,0,0.0,0.0,0.0,0.0,0.0,0.0,0.0
LOS PALMARITOS,125050102003.0,0.0,0,0.0,0.0,0.0,0,0.0,0.0,0.0,0.0,0.0,0.0,0.0
BARRANCÓN,125050102004.0,0.0,0,0.0,0.0,0.0,0,0.0,0.0,0.0,0.0,0.0,0.0,0.0
LOS PINOS,125050102024.0,0.0,0,0.0,0.0,0.0,0,0.0,0.0,0.0,0.0,0.0,0.0,0.0
INOA,125050102025.0,0.0,0,0.0,0.0,0.0,0,0.0,0.0,0.0,0.0,0.0,0.0,0.0
INOA ABAJO,125050102013.0,0.0,0,0.0,0.0,0.0,0,0.0,0.0,0.0,0.0,0.0,0.0,0.0
LAS YAYAS,125050102020.0,0.0,0,0.0,0.0,0.0,0,0.0,0.0,0.0,0.0,0.0,0.0,0.0
BERNABÉ,125050102014.0,0.0,0,0.0,0.0,0.0,0,0.0,0.0,0.0,0.0,0.0,0.0,0.0
LOS RAMONES,125050204005.0,0.0,0,0.0,0.0,0.0,0,0.0,0.0,0.0,0.0,0.0,0.0,0.0
EL ATACADOR,125050204011.0,0.0,0,0.0,0.0,0.0,0,0.0,0.0,0.0,0.0,0.0,0.0,0.0
LAS GUAJACAS,125050204008.0,0.0,0,0.0,0.0,0.0,0,0.0,0.0,0.0,0.0,0.0,0.0,0.0
COROCITO ABAJO,125050204010.0,0.0,0,0.0,0.0,0.0,0,0.0,0.0,0.0,0.0,0.0,0.0,0.0
LAS MINAS,125050204007.0,0.0,0,0.0,0.0,0.0,0,0.0,0.0,0.0,0.0,0.0,0.0,0.0
EL POLVAZO,125050204006.0,0.0,0,0.0,0.0,0.0,0,0.0,0.0,0.0,0.0,0.0,0.0,0.0
COROCITO,125050204002.0,0.0,0,0.0,0.0,0.0,0,0.0,0.0,0.0,0.0,0.0,0.0,0.0
LOMA LLANA,125050204009.0,0.0,0,0.0,0.0,0.0,0,0.0,0.0,0.0,0.0,0.0,0.0,0.0
LOS NARANJOS,125050204004.0,0.0,0,0.0,0.0,0.0,0,0.0,0.0,0.0,0.0,0.0,0.0,0.0
CAÑADA BONITA,125050204001.0,0.0,0,0.0,0.0,0.0,0,0.0,0.0,0.0,0.0,0.0,0.0,0.0
LA SIERRECITA,125050206004.0,0.0,0,0.0,0.0,0.0,0,0.0,0.0,0.0,0.0,0.0,0.0,0.0
RINCÓN DE HIGÜERO,125050206014.0,0.0,0,0.0,0.0,0.0,0,0.0,0.0,0.0,0.0,0.0,0.0,0.0
LOMA DEL MEDIO,125050206007.0,0.0,0,0.0,0.0,0.0,0,0.0,0.0,0.0,0.0,0.0,0.0,0.0
EL GUAYABO,125050206005.0,0.0,0,0.0,0.0,0.0,0,0.0,0.0,0.0,0.0,0.0,0.0,0.0
VALLECITO,125050206015.0,0.0,0,0.0,0.0,0.0,0,0.0,0.0,0.0,0.0,0.0,0.0,0.0
JICOMÉ,125050206006.0,0.0,0,0.0,0.0,0.0,0,0.0,0.0,0.0,0.0,0.0,0.0,0.0
EL GALLO,125050206012.0,0.0,0,0.0,0.0,0.0,0,0.0,0.0,0.0,0.0,0.0,0.0,0.0
LOMA BAJITA,125050206010.0,0.0,0,0.0,0.0,0.0,0,0.0,0.0,0.0,0.0,0.0,0.0,0.0
JUAN  FINO,125050206008.0,0.0,0,0.0,0.0,0.0,0,0.0,0.0,0.0,0.0,0.0,0.0,0.0
CALIMETAL,125050206011.0,0.0,0,0.0,0.0,0.0,0,0.0,0.0,0.0,0.0,0.0,0.0,0.0
LOMA VIEJA,125050206013.0,0.0,0,0.0,0.0,0.0,0,0.0,0.0,0.0,0.0,0.0,0.0,0.0
BAÑADEROS,125050206001.0,0.0,0,0.0,0.0,0.0,0,0.0,0.0,0.0,0.0,0.0,0.0,0.0
SONADOR,125050206003.0,0.0,0,0.0,0.0,0.0,0,0.0,0.0,0.0,0.0,0.0,0.0,0.0
PALERO,125050206016.0,0.0,0,0.0,0.0,0.0,0,0.0,0.0,0.0,0.0,0.0,0.0,0.0
RONCADOR,125050206002.0,0.0,0,0.0,0.0,0.0,0,0.0,0.0,0.0,0.0,0.0,0.0,0.0
LA PIÑA,125050206009.0,0.0,0,0.0,0.0,0.0,0,0.0,0.0,0.0,0.0,0.0,0.0,0.0
LOMA DE LAS CANAS,125050204003.0,0.0,0,0.0,0.0,0.0,0,0.0,0.0,0.0,0.0,0.0,0.0,0.0
RECODO,125050210007.0,0.0,0,0.0,0.0,0.0,0,0.0,0.0,0.0,0.0,0.0,0.0,0.0
LOS BORNO O LA VIEJA MEA,125050202003.0,0.0,0,0.0,0.0,0.0,0,0.0,0.0,0.0,0.0,0.0,0.0,0.0
CELESTINA,125050203014.0,0.0,0,0.0,0.0,0.0,0,0.0,0.0,0.0,0.0,0.0,0.0,0.0
CAÑA LLANA,125050210006.0,0.0,0,0.0,0.0,0.0,0,0.0,0.0,0.0,0.0,0.0,0.0,0.0
LOS HELECHOS,125050203013.0,0.0,0,0.0,0.0,0.0,0,0.0,0.0,0.0,0.0,0.0,0.0,0.0
SIERRECITA,125050203012.0,0.0,0,0.0,0.0,0.0,0,0.0,0.0,0.0,0.0,0.0,0.0,0.0
VALEONOR,125050210005.0,0.0,0,0.0,0.0,0.0,0,0.0,0.0,0.0,0.0,0.0,0.0,0.0
LOS BAOS,125050210008.0,0.0,0,0.0,0.0,0.0,0,0.0,0.0,0.0,0.0,0.0,0.0,0.0
NARANJO BOJÓN,125050210003.0,0.0,0,0.0,0.0,0.0,0,0.0,0.0,0.0,0.0,0.0,0.0,0.0
MATA DE CANA,125050210004.0,0.0,0,0.0,0.0,0.0,0,0.0,0.0,0.0,0.0,0.0,0.0,0.0
NARANJO,125050210002.0,0.0,0,0.0,0.0,0.0,0,0.0,0.0,0.0,0.0,0.0,0.0,0.0
NARANJO ABAJO,125050210009.0,0.0,0,0.0,0.0,0.0,0,0.0,0.0,0.0,0.0,0.0,0.0,0.0
CAÑAFÍSTOL,125050202002.0,0.0,0,0.0,0.0,0.0,0,0.0,0.0,0.0,0.0,0.0,0.0,0.0
LOS HOYITOS,125050203006.0,0.0,0,0.0,0.0,0.0,0,0.0,0.0,0.0,0.0,0.0,0.0,0.0
DON DOMINGO,125050203018.0,0.0,0,0.0,0.0,0.0,0,0.0,0.0,0.0,0.0,0.0,0.0,0.0
LAS ALTAMISAS,125050203007.0,0.0,0,0.0,0.0,0.0,0,0.0,0.0,0.0,0.0,0.0,0.0,0.0
BOHÍO VIEJO,125050203002.0,0.0,0,0.0,0.0,0.0,0,0.0,0.0,0.0,0.0,0.0,0.0,0.0
LOS ESPATILES,125050203017.0,0.0,0,0.0,0.0,0.0,0,0.0,0.0,0.0,0.0,0.0,0.0,0.0
EL ORÉGANO,125050203001.0,0.0,0,0.0,0.0,0.0,0,0.0,0.0,0.0,0.0,0.0,0.0,0.0
LOS CACAOS,125050203009.0,0.0,0,0.0,0.0,0.0,0,0.0,0.0,0.0,0.0,0.0,0.0,0.0
LA BATEA,125050203015.0,0.0,0,0.0,0.0,0.0,0,0.0,0.0,0.0,0.0,0.0,0.0,0.0
BOJÓN,125050210001.0,0.0,0,0.0,0.0,0.0,0,0.0,0.0,0.0,0.0,0.0,0.0,0.0
LOS GUAYUYOS,125050212007.0,0.0,0,0.0,0.0,0.0,0,0.0,0.0,0.0,0.0,0.0,0.0,0.0
LA SÁBANA,125050211012.0,0.0,0,0.0,0.0,0.0,0,0.0,0.0,0.0,0.0,0.0,0.0,0.0
LAS AUYAMAS,125050211001.0,0.0,0,0.0,0.0,0.0,0,0.0,0.0,0.0,0.0,0.0,0.0,0.0
PANANAO ARRIBA,125050211002.0,0.0,0,0.0,0.0,0.0,0,0.0,0.0,0.0,0.0,0.0,0.0,0.0
CUATRO ESQUINAS,125050212001.0,0.0,0,0.0,0.0,0.0,0,0.0,0.0,0.0,0.0,0.0,0.0,0.0
EL NARANJITO,125050212006.0,0.0,0,0.0,0.0,0.0,0,0.0,0.0,0.0,0.0,0.0,0.0,0.0
LA LAGUNA,125050212009.0,0.0,0,0.0,0.0,0.0,0,0.0,0.0,0.0,0.0,0.0,0.0,0.0
LA PALMITA,125050212008.0,0.0,0,0.0,0.0,0.0,0,0.0,0.0,0.0,0.0,0.0,0.0,0.0
PANANAO AL MEDIO,125050211006.0,0.0,0,0.0,0.0,0.0,0,0.0,0.0,0.0,0.0,0.0,0.0,0.0
LA ESTRECHURA DE LA NEGRA,125050211009.0,0.0,0,0.0,0.0,0.0,0,0.0,0.0,0.0,0.0,0.0,0.0,0.0
LOS RINCONES,125050211008.0,0.0,0,0.0,0.0,0.0,0,0.0,0.0,0.0,0.0,0.0,0.0,0.0
LOS SILLONES,125050211004.0,0.0,0,0.0,0.0,0.0,0,0.0,0.0,0.0,0.0,0.0,0.0,0.0
LA VEREDA,125050211013.0,0.0,0,0.0,0.0,0.0,0,0.0,0.0,0.0,0.0,0.0,0.0,0.0
PANANAO,125050211005.0,0.0,0,0.0,0.0,0.0,0,0.0,0.0,0.0,0.0,0.0,0.0,0.0
LA POTRANCA,125050211003.0,0.0,0,0.0,0.0,0.0,0,0.0,0.0,0.0,0.0,0.0,0.0,0.0
PANANAO ABAJO,125050211011.0,0.0,0,0.0,0.0,0.0,0,0.0,0.0,0.0,0.0,0.0,0.0,0.0
EL CÓRBANO,125050211010.0,0.0,0,0.0,0.0,0.0,0,0.0,0.0,0.0,0.0,0.0,0.0,0.0
LOS CAJUILES,125050211016.0,0.0,0,0.0,0.0,0.0,0,0.0,0.0,0.0,0.0,0.0,0.0,0.0
EL CÓRBANO,125050202001.0,0.0,0,0.0,0.0,0.0,0,0.0,0.0,0.0,0.0,0.0,0.0,0.0
BAJO DEL PINO,125050211015.0,0.0,0,0.0,0.0,0.0,0,0.0,0.0,0.0,0.0,0.0,0.0,0.0
LOS RAMONES O BULLA,125050202004.0,0.0,0,0.0,0.0,0.0,0,0.0,0.0,0.0,0.0,0.0,0.0,0.0
LAS CUEVAS,125050203003.0,0.0,0,0.0,0.0,0.0,0,0.0,0.0,0.0,0.0,0.0,0.0,0.0
LOS JICACOS,125050203016.0,0.0,0,0.0,0.0,0.0,0,0.0,0.0,0.0,0.0,0.0,0.0,0.0
LOS FOGONES,125050203004.0,0.0,0,0.0,0.0,0.0,0,0.0,0.0,0.0,0.0,0.0,0.0,0.0
SABANA ABAJO,125050203008.0,0.0,0,0.0,0.0,0.0,0,0.0,0.0,0.0,0.0,0.0,0.0,0.0
PASO HONDO,125030306010.0,0.0,0,0.0,0.0,0.0,0,0.0,0.0,0.0,0.0,0.0,0.0,0.0
EL BRUJO  (YAQUE ABAJO),125030302002.0,0.0,0,0.0,0.0,0.0,0,0.0,0.0,0.0,0.0,0.0,0.0,0.0
EL HOYO U HOYO BELLO,125030303001.0,0.0,0,0.0,0.0,0.0,0,0.0,0.0,0.0,0.0,0.0,0.0,0.0
EL PRESENTADO,125030303002.0,0.0,0,0.0,0.0,0.0,0,0.0,0.0,0.0,0.0,0.0,0.0,0.0
LOS PALMARITOS,125030302008.0,0.0,0,0.0,0.0,0.0,0,0.0,0.0,0.0,0.0,0.0,0.0,0.0
EL YAGUAL O EL JAGUAL,125030302004.0,0.0,0,0.0,0.0,0.0,0,0.0,0.0,0.0,0.0,0.0,0.0,0.0
LOS CAMARONES,125030302007.0,0.0,0,0.0,0.0,0.0,0,0.0,0.0,0.0,0.0,0.0,0.0,0.0
LA POCILGUITA,125030302006.0,0.0,0,0.0,0.0,0.0,0,0.0,0.0,0.0,0.0,0.0,0.0,0.0
EL AGUACATE,125030302001.0,0.0,0,0.0,0.0,0.0,0,0.0,0.0,0.0,0.0,0.0,0.0,0.0
AGUACATE,125030306001.0,0.0,0,0.0,0.0,0.0,0,0.0,0.0,0.0,0.0,0.0,0.0,0.0
LOS NEGROS,125030306005.0,0.0,0,0.0,0.0,0.0,0,0.0,0.0,0.0,0.0,0.0,0.0,0.0
LA GUAMA O LA GUANIA,125030306004.0,0.0,0,0.0,0.0,0.0,0,0.0,0.0,0.0,0.0,0.0,0.0,0.0
PIEDRA BLANCA,125030306006.0,0.0,0,0.0,0.0,0.0,0,0.0,0.0,0.0,0.0,0.0,0.0,0.0
EL CORRAL,125030306002.0,0.0,0,0.0,0.0,0.0,0,0.0,0.0,0.0,0.0,0.0,0.0,0.0
EL CERRAZO,125030306003.0,0.0,0,0.0,0.0,0.0,0,0.0,0.0,0.0,0.0,0.0,0.0,0.0
LOS TOMATES,125030306011.0,0.0,0,0.0,0.0,0.0,0,0.0,0.0,0.0,0.0,0.0,0.0,0.0
LAS PALERÍAS,125030306007.0,0.0,0,0.0,0.0,0.0,0,0.0,0.0,0.0,0.0,0.0,0.0,0.0
LOS LIMONES,125030306008.0,0.0,0,0.0,0.0,0.0,0,0.0,0.0,0.0,0.0,0.0,0.0,0.0
LA CIDRA,125030306009.0,0.0,0,0.0,0.0,0.0,0,0.0,0.0,0.0,0.0,0.0,0.0,0.0
YAQUE ARRIBA,125030302005.0,0.0,0,0.0,0.0,0.0,0,0.0,0.0,0.0,0.0,0.0,0.0,0.0
LAS CARRERAS,125050402007.0,0.0,0,0.0,0.0,0.0,0,0.0,0.0,0.0,0.0,0.0,0.0,0.0
LOMA LOS RÍOS,125050405004.0,0.0,0,0.0,0.0,0.0,0,0.0,0.0,0.0,0.0,0.0,0.0,0.0
JAMAMUCITO,125050404004.0,0.0,0,0.0,0.0,0.0,0,0.0,0.0,0.0,0.0,0.0,0.0,0.0
LAS PLACETAS ARRIBA,125050403003.0,0.0,0,0.0,0.0,0.0,0,0.0,0.0,0.0,0.0,0.0,0.0,0.0
JAMAMÚ,125050404003.0,0.0,0,0.0,0.0,0.0,0,0.0,0.0,0.0,0.0,0.0,0.0,0.0
LAGUNA ARRIBA,125050405002.0,0.0,0,0.0,0.0,0.0,0,0.0,0.0,0.0,0.0,0.0,0.0,0.0
RANCHITO POSTRERO,125050405006.0,0.0,0,0.0,0.0,0.0,0,0.0,0.0,0.0,0.0,0.0,0.0,0.0
PARTE BELLACA,125050405005.0,0.0,0,0.0,0.0,0.0,0,0.0,0.0,0.0,0.0,0.0,0.0,0.0
LOS LIMONES,125050403005.0,0.0,0,0.0,0.0,0.0,0,0.0,0.0,0.0,0.0,0.0,0.0,0.0
LOMA EL COLORADO,125050403004.0,0.0,0,0.0,0.0,0.0,0,0.0,0.0,0.0,0.0,0.0,0.0,0.0
PIEDRA PARTIDA,125050403006.0,0.0,0,0.0,0.0,0.0,0,0.0,0.0,0.0,0.0,0.0,0.0,0.0
CERCADILLO,125050404002.0,0.0,0,0.0,0.0,0.0,0,0.0,0.0,0.0,0.0,0.0,0.0,0.0
CALIMETAL,125050404001.0,0.0,0,0.0,0.0,0.0,0,0.0,0.0,0.0,0.0,0.0,0.0,0.0
LA CABIRMA,125050402005.0,0.0,0,0.0,0.0,0.0,0,0.0,0.0,0.0,0.0,0.0,0.0,0.0
RÍO ARRIBA,125050402013.0,0.0,0,0.0,0.0,0.0,0,0.0,0.0,0.0,0.0,0.0,0.0,0.0
PALERO,125050402010.0,0.0,0,0.0,0.0,0.0,0,0.0,0.0,0.0,0.0,0.0,0.0,0.0
PALMARITO,125050402011.0,0.0,0,0.0,0.0,0.0,0,0.0,0.0,0.0,0.0,0.0,0.0,0.0
LA BIJA,125050402004.0,0.0,0,0.0,0.0,0.0,0,0.0,0.0,0.0,0.0,0.0,0.0,0.0
LOS CORRALES,125050402008.0,0.0,0,0.0,0.0,0.0,0,0.0,0.0,0.0,0.0,0.0,0.0,0.0
DAMAJAGUA ADENTRO,125050402002.0,0.0,0,0.0,0.0,0.0,0,0.0,0.0,0.0,0.0,0.0,0.0,0.0
MANACLAR,125050402009.0,0.0,0,0.0,0.0,0.0,0,0.0,0.0,0.0,0.0,0.0,0.0,0.0
GUAYABALES,125050402003.0,0.0,0,0.0,0.0,0.0,0,0.0,0.0,0.0,0.0,0.0,0.0,0.0
LA JAGUA,125050402006.0,0.0,0,0.0,0.0,0.0,0,0.0,0.0,0.0,0.0,0.0,0.0,0.0
RINCÓN LARGO,125050402012.0,0.0,0,0.0,0.0,0.0,0,0.0,0.0,0.0,0.0,0.0,0.0,0.0
ARROYO HONDO,125050403001.0,0.0,0,0.0,0.0,0.0,0,0.0,0.0,0.0,0.0,0.0,0.0,0.0
DAMAJAGUA,125050402014.0,0.0,0,0.0,0.0,0.0,0,0.0,0.0,0.0,0.0,0.0,0.0,0.0
LAS LAGUNAS,125050405003.0,0.0,0,0.0,0.0,0.0,0,0.0,0.0,0.0,0.0,0.0,0.0,0.0
EL ESTRIBO,125050207013.0,0.0,0,0.0,0.0,0.0,0,0.0,0.0,0.0,0.0,0.0,0.0,0.0
LA TOZA,125050211007.0,0.0,0,0.0,0.0,0.0,0,0.0,0.0,0.0,0.0,0.0,0.0,0.0
LAGUNA DEL DAJAO,125050107019.0,0.0,0,0.0,0.0,0.0,0,0.0,0.0,0.0,0.0,0.0,0.0,0.0
TIERRA COLORADA,125050107012.0,0.0,0,0.0,0.0,0.0,0,0.0,0.0,0.0,0.0,0.0,0.0,0.0
ARROYO LA VIEJA,125050107011.0,0.0,0,0.0,0.0,0.0,0,0.0,0.0,0.0,0.0,0.0,0.0,0.0
EL CARRIZAL,125050107013.0,0.0,0,0.0,0.0,0.0,0,0.0,0.0,0.0,0.0,0.0,0.0,0.0
ARROYO CARRIZAL,125050107014.0,0.0,0,0.0,0.0,0.0,0,0.0,0.0,0.0,0.0,0.0,0.0,0.0
MANACLAR,125050107006.0,0.0,0,0.0,0.0,0.0,0,0.0,0.0,0.0,0.0,0.0,0.0,0.0
EL RODEO,125050107016.0,0.0,0,0.0,0.0,0.0,0,0.0,0.0,0.0,0.0,0.0,0.0,0.0
EL GUANO,125050107002.0,0.0,0,0.0,0.0,0.0,0,0.0,0.0,0.0,0.0,0.0,0.0,0.0
LOS JÍBAROS,125050107003.0,0.0,0,0.0,0.0,0.0,0,0.0,0.0,0.0,0.0,0.0,0.0,0.0
EL LIMÓN,125050107009.0,0.0,0,0.0,0.0,0.0,0,0.0,0.0,0.0,0.0,0.0,0.0,0.0
LAS PIEDRAS,125050107001.0,0.0,0,0.0,0.0,0.0,0,0.0,0.0,0.0,0.0,0.0,0.0,0.0
ARROYO PUERTO,125050107007.0,0.0,0,0.0,0.0,0.0,0,0.0,0.0,0.0,0.0,0.0,0.0,0.0
AGUACATE,125050107005.0,0.0,0,0.0,0.0,0.0,0,0.0,0.0,0.0,0.0,0.0,0.0,0.0
LOMA DE LOS RÍOS,125050107010.0,0.0,0,0.0,0.0,0.0,0,0.0,0.0,0.0,0.0,0.0,0.0,0.0
EL DAJAO,125050107021.0,0.0,0,0.0,0.0,0.0,0,0.0,0.0,0.0,0.0,0.0,0.0,0.0
DAJAO ABAJO,125050107017.0,0.0,0,0.0,0.0,0.0,0,0.0,0.0,0.0,0.0,0.0,0.0,0.0
LA SIERRECITA,125050107020.0,0.0,0,0.0,0.0,0.0,0,0.0,0.0,0.0,0.0,0.0,0.0,0.0
ALTO DEL DAJAO,125050107008.0,0.0,0,0.0,0.0,0.0,0,0.0,0.0,0.0,0.0,0.0,0.0,0.0
EL DAJAO DE LAS PIEDRAS,125050107022.0,0.0,0,0.0,0.0,0.0,0,0.0,0.0,0.0,0.0,0.0,0.0,0.0
ARROYO MALO O ARROYO DEL DAJAO,125050107018.0,0.0,0,0.0,0.0,0.0,0,0.0,0.0,0.0,0.0,0.0,0.0,0.0
EL LLANO DE LAS PIEDRAS,125050107004.0,0.0,0,0.0,0.0,0.0,0,0.0,0.0,0.0,0.0,0.0,0.0,0.0
PALO DE BURRO,125050107015.0,0.0,0,0.0,0.0,0.0,0,0.0,0.0,0.0,0.0,0.0,0.0,0.0
BOTONCILLO,125050106001.0,0.0,0,0.0,0.0,0.0,0,0.0,0.0,0.0,0.0,0.0,0.0,0.0
MOTOLÓN,125050106006.0,0.0,0,0.0,0.0,0.0,0,0.0,0.0,0.0,0.0,0.0,0.0,0.0
SUI,125050106011.0,0.0,0,0.0,0.0,0.0,0,0.0,0.0,0.0,0.0,0.0,0.0,0.0
LOMA DE LA CIÉNAGA,125050106012.0,0.0,0,0.0,0.0,0.0,0,0.0,0.0,0.0,0.0,0.0,0.0,0.0
LA GUÁZUMA,125050106014.0,0.0,0,0.0,0.0,0.0,0,0.0,0.0,0.0,0.0,0.0,0.0,0.0
MEJÍA,125050106013.0,0.0,0,0.0,0.0,0.0,0,0.0,0.0,0.0,0.0,0.0,0.0,0.0
HOYA BELLACA,125050106008.0,0.0,0,0.0,0.0,0.0,0,0.0,0.0,0.0,0.0,0.0,0.0,0.0
CERRO GORDO,125050106007.0,0.0,0,0.0,0.0,0.0,0,0.0,0.0,0.0,0.0,0.0,0.0,0.0
PEDREGAL,125050106002.0,0.0,0,0.0,0.0,0.0,0,0.0,0.0,0.0,0.0,0.0,0.0,0.0
LOMA DE LA VACA,125050106003.0,0.0,0,0.0,0.0,0.0,0,0.0,0.0,0.0,0.0,0.0,0.0,0.0
PARALIMÓN,125050103008.0,0.0,0,0.0,0.0,0.0,0,0.0,0.0,0.0,0.0,0.0,0.0,0.0
GUACARITAS,125050104010.0,0.0,0,0.0,0.0,0.0,0,0.0,0.0,0.0,0.0,0.0,0.0,0.0
MATA GRANDE,125050104001.0,0.0,0,0.0,0.0,0.0,0,0.0,0.0,0.0,0.0,0.0,0.0,0.0
MONTELLANO,125050104012.0,0.0,0,0.0,0.0,0.0,0,0.0,0.0,0.0,0.0,0.0,0.0,0.0
EL VALLE,125050104011.0,0.0,0,0.0,0.0,0.0,0,0.0,0.0,0.0,0.0,0.0,0.0,0.0
LA MINA,125050104005.0,0.0,0,0.0,0.0,0.0,0,0.0,0.0,0.0,0.0,0.0,0.0,0.0
LOS APOSENTOS,125050104009.0,0.0,0,0.0,0.0,0.0,0,0.0,0.0,0.0,0.0,0.0,0.0,0.0
SABANETA,125050104007.0,0.0,0,0.0,0.0,0.0,0,0.0,0.0,0.0,0.0,0.0,0.0,0.0
RANCHO AL MEDIO,125050104008.0,0.0,0,0.0,0.0,0.0,0,0.0,0.0,0.0,0.0,0.0,0.0,0.0
LOMA DEL LORO,125050104014.0,0.0,0,0.0,0.0,0.0,0,0.0,0.0,0.0,0.0,0.0,0.0,0.0
ANTONSAPE,125050104004.0,0.0,0,0.0,0.0,0.0,0,0.0,0.0,0.0,0.0,0.0,0.0,0.0
LOS JUNQUITOS,125050104003.0,0.0,0,0.0,0.0,0.0,0,0.0,0.0,0.0,0.0,0.0,0.0,0.0
ARROYO PRIETO,125050104002.0,0.0,0,0.0,0.0,0.0,0,0.0,0.0,0.0,0.0,0.0,0.0,0.0
PAVÓN,125050103001.0,0.0,0,0.0,0.0,0.0,0,0.0,0.0,0.0,0.0,0.0,0.0,0.0
LA BREÑA,125050103010.0,0.0,0,0.0,0.0,0.0,0,0.0,0.0,0.0,0.0,0.0,0.0,0.0
LA GUÁZUMA,125050103013.0,0.0,0,0.0,0.0,0.0,0,0.0,0.0,0.0,0.0,0.0,0.0,0.0
VIDAL PICHARDO,125050103004.0,0.0,0,0.0,0.0,0.0,0,0.0,0.0,0.0,0.0,0.0,0.0,0.0
EL ALTO,125050103005.0,0.0,0,0.0,0.0,0.0,0,0.0,0.0,0.0,0.0,0.0,0.0,0.0
HIGÜERO,125050103006.0,0.0,0,0.0,0.0,0.0,0,0.0,0.0,0.0,0.0,0.0,0.0,0.0
LIMBAO,125050103002.0,0.0,0,0.0,0.0,0.0,0,0.0,0.0,0.0,0.0,0.0,0.0,0.0
GUZMÁN,125050103003.0,0.0,0,0.0,0.0,0.0,0,0.0,0.0,0.0,0.0,0.0,0.0,0.0
PROYECTO MONCIÓN,125050103009.0,0.0,0,0.0,0.0,0.0,0,0.0,0.0,0.0,0.0,0.0,0.0,0.0
LOMA PRIETA,125050104006.0,0.0,0,0.0,0.0,0.0,0,0.0,0.0,0.0,0.0,0.0,0.0,0.0
MOSCOSO,125050103012.0,0.0,0,0.0,0.0,0.0,0,0.0,0.0,0.0,0.0,0.0,0.0,0.0
PEDRO DISLA,125050103007.0,0.0,0,0.0,0.0,0.0,0,0.0,0.0,0.0,0.0,0.0,0.0,0.0
MOHOSO,125050104013.0,0.0,0,0.0,0.0,0.0,0,0.0,0.0,0.0,0.0,0.0,0.0,0.0
ARROYO HONDO,125050108017.0,0.0,0,0.0,0.0,0.0,0,0.0,0.0,0.0,0.0,0.0,0.0,0.0
JAQUEY,125050108019.0,0.0,0,0.0,0.0,0.0,0,0.0,0.0,0.0,0.0,0.0,0.0,0.0
EL LIMPIO,125050108013.0,0.0,0,0.0,0.0,0.0,0,0.0,0.0,0.0,0.0,0.0,0.0,0.0
HIGUA,125050108012.0,0.0,0,0.0,0.0,0.0,0,0.0,0.0,0.0,0.0,0.0,0.0,0.0
EL NARANJO,125050108014.0,0.0,0,0.0,0.0,0.0,0,0.0,0.0,0.0,0.0,0.0,0.0,0.0
QUEBRADA LLANA,125050108005.0,0.0,0,0.0,0.0,0.0,0,0.0,0.0,0.0,0.0,0.0,0.0,0.0
CARPINTERO,125050108006.0,0.0,0,0.0,0.0,0.0,0,0.0,0.0,0.0,0.0,0.0,0.0,0.0
LOS LLANOS,125050108002.0,0.0,0,0.0,0.0,0.0,0,0.0,0.0,0.0,0.0,0.0,0.0,0.0
MARIANA,125050108003.0,0.0,0,0.0,0.0,0.0,0,0.0,0.0,0.0,0.0,0.0,0.0,0.0
INOA ARRIBA,125050108023.0,0.0,0,0.0,0.0,0.0,0,0.0,0.0,0.0,0.0,0.0,0.0,0.0
QUEBRADITA,125050108020.0,0.0,0,0.0,0.0,0.0,0,0.0,0.0,0.0,0.0,0.0,0.0,0.0
HOYO DE RAMÓN,125050108021.0,0.0,0,0.0,0.0,0.0,0,0.0,0.0,0.0,0.0,0.0,0.0,0.0
EL MAMEY,125050108018.0,0.0,0,0.0,0.0,0.0,0,0.0,0.0,0.0,0.0,0.0,0.0,0.0
LLANO DE LA TALA,125050108001.0,0.0,0,0.0,0.0,0.0,0,0.0,0.0,0.0,0.0,0.0,0.0,0.0
LA PEÑA,125050108011.0,0.0,0,0.0,0.0,0.0,0,0.0,0.0,0.0,0.0,0.0,0.0,0.0
LOS CORRALES,125050108015.0,0.0,0,0.0,0.0,0.0,0,0.0,0.0,0.0,0.0,0.0,0.0,0.0
LOMA AL MEDIO,125050108010.0,0.0,0,0.0,0.0,0.0,0,0.0,0.0,0.0,0.0,0.0,0.0,0.0
CERRO MALO,125050108016.0,0.0,0,0.0,0.0,0.0,0,0.0,0.0,0.0,0.0,0.0,0.0,0.0
COPEY,125050108009.0,0.0,0,0.0,0.0,0.0,0,0.0,0.0,0.0,0.0,0.0,0.0,0.0
YERBA BUENA,125050108004.0,0.0,0,0.0,0.0,0.0,0,0.0,0.0,0.0,0.0,0.0,0.0,0.0
LOS CEDROS,125050108007.0,0.0,0,0.0,0.0,0.0,0,0.0,0.0,0.0,0.0,0.0,0.0,0.0
LLANO DEL JOBO,125050108008.0,0.0,0,0.0,0.0,0.0,0,0.0,0.0,0.0,0.0,0.0,0.0,0.0
LA GUÁZUMA,125050105010.0,0.0,0,0.0,0.0,0.0,0,0.0,0.0,0.0,0.0,0.0,0.0,0.0
LOMITA DE PIEDRAS,125050105017.0,0.0,0,0.0,0.0,0.0,0,0.0,0.0,0.0,0.0,0.0,0.0,0.0
CAPITA,125050105020.0,0.0,0,0.0,0.0,0.0,0,0.0,0.0,0.0,0.0,0.0,0.0,0.0
COROCITOS,125050105013.0,0.0,0,0.0,0.0,0.0,0,0.0,0.0,0.0,0.0,0.0,0.0,0.0
CAÑADA LLANA,125050105012.0,0.0,0,0.0,0.0,0.0,0,0.0,0.0,0.0,0.0,0.0,0.0,0.0
RINCÓN DE PIEDRAS,125050105018.0,0.0,0,0.0,0.0,0.0,0,0.0,0.0,0.0,0.0,0.0,0.0,0.0
SAN BÁRTOLO,125050105016.0,0.0,0,0.0,0.0,0.0,0,0.0,0.0,0.0,0.0,0.0,0.0,0.0
RANCHO DE COPEY,125050105021.0,0.0,0,0.0,0.0,0.0,0,0.0,0.0,0.0,0.0,0.0,0.0,0.0
LA FORTUNA,125050105003.0,0.0,0,0.0,0.0,0.0,0,0.0,0.0,0.0,0.0,0.0,0.0,0.0
LOS DOS PINOS,125050105002.0,0.0,0,0.0,0.0,0.0,0,0.0,0.0,0.0,0.0,0.0,0.0,0.0
BOHÍO VIEJO,125050105001.0,0.0,0,0.0,0.0,0.0,0,0.0,0.0,0.0,0.0,0.0,0.0,0.0
LA CANA,125050105026.0,0.0,0,0.0,0.0,0.0,0,0.0,0.0,0.0,0.0,0.0,0.0,0.0
LA CEJA,125050105030.0,0.0,0,0.0,0.0,0.0,0,0.0,0.0,0.0,0.0,0.0,0.0,0.0
CEPITO,125050105031.0,0.0,0,0.0,0.0,0.0,0,0.0,0.0,0.0,0.0,0.0,0.0,0.0
LLANO DE LA CANA,125050105029.0,0.0,0,0.0,0.0,0.0,0,0.0,0.0,0.0,0.0,0.0,0.0,0.0
LA CEIBA,125050105023.0,0.0,0,0.0,0.0,0.0,0,0.0,0.0,0.0,0.0,0.0,0.0,0.0
RÍO ARRIBA,125050105022.0,0.0,0,0.0,0.0,0.0,0,0.0,0.0,0.0,0.0,0.0,0.0,0.0
PIEDRA GORDA,125050105034.0,0.0,0,0.0,0.0,0.0,0,0.0,0.0,0.0,0.0,0.0,0.0,0.0
MAGUEYAL,125050105033.0,0.0,0,0.0,0.0,0.0,0,0.0,0.0,0.0,0.0,0.0,0.0,0.0
DON JUAN,125050105024.0,0.0,0,0.0,0.0,0.0,0,0.0,0.0,0.0,0.0,0.0,0.0,0.0
LOS LIRIOS,125050105028.0,0.0,0,0.0,0.0,0.0,0,0.0,0.0,0.0,0.0,0.0,0.0,0.0
LOS MONTONES ARRIBA,125050105025.0,0.0,0,0.0,0.0,0.0,0,0.0,0.0,0.0,0.0,0.0,0.0,0.0
ORTEGA,125050105032.0,0.0,0,0.0,0.0,0.0,0,0.0,0.0,0.0,0.0,0.0,0.0,0.0
LOMA DE JÁNICO,125050105015.0,0.0,0,0.0,0.0,0.0,0,0.0,0.0,0.0,0.0,0.0,0.0,0.0
LOS MONTONES ABAJO,125050105008.0,0.0,0,0.0,0.0,0.0,0,0.0,0.0,0.0,0.0,0.0,0.0,0.0
BOCA DE GUÁZUMA,125050105011.0,0.0,0,0.0,0.0,0.0,0,0.0,0.0,0.0,0.0,0.0,0.0,0.0
MEZQUINO,125050105014.0,0.0,0,0.0,0.0,0.0,0,0.0,0.0,0.0,0.0,0.0,0.0,0.0
LOMA BAJITA,125050105007.0,0.0,0,0.0,0.0,0.0,0,0.0,0.0,0.0,0.0,0.0,0.0,0.0
ARROYO AL MEDIO,125050105004.0,0.0,0,0.0,0.0,0.0,0,0.0,0.0,0.0,0.0,0.0,0.0,0.0
LA GUAZARITA,125050105006.0,0.0,0,0.0,0.0,0.0,0,0.0,0.0,0.0,0.0,0.0,0.0,0.0
LOMA DE MARA,125050105005.0,0.0,0,0.0,0.0,0.0,0,0.0,0.0,0.0,0.0,0.0,0.0,0.0
DAMAJAGUA,125050105009.0,0.0,0,0.0,0.0,0.0,0,0.0,0.0,0.0,0.0,0.0,0.0,0.0
EL TALLADO,125050105019.0,0.0,0,0.0,0.0,0.0,0,0.0,0.0,0.0,0.0,0.0,0.0,0.0
LA BIJA,125050105027.0,0.0,0,0.0,0.0,0.0,0,0.0,0.0,0.0,0.0,0.0,0.0,0.0
LAS AUYAMAS,125030304005.0,0.0,0,0.0,0.0,0.0,0,0.0,0.0,0.0,0.0,0.0,0.0,0.0
HENEQUÉN,125030304007.0,0.0,0,0.0,0.0,0.0,0,0.0,0.0,0.0,0.0,0.0,0.0,0.0
RINCÓN LLANO,125030305021.0,0.0,0,0.0,0.0,0.0,0,0.0,0.0,0.0,0.0,0.0,0.0,0.0
LA FALDIQUERA,125030305011.0,0.0,0,0.0,0.0,0.0,0,0.0,0.0,0.0,0.0,0.0,0.0,0.0
LA GUAMITA,125030305012.0,0.0,0,0.0,0.0,0.0,0,0.0,0.0,0.0,0.0,0.0,0.0,0.0
EL TURCO,125030305008.0,0.0,0,0.0,0.0,0.0,0,0.0,0.0,0.0,0.0,0.0,0.0,0.0
PINALITO,125030304001.0,0.0,0,0.0,0.0,0.0,0,0.0,0.0,0.0,0.0,0.0,0.0,0.0
DAMAJAGUA,125030304006.0,0.0,0,0.0,0.0,0.0,0,0.0,0.0,0.0,0.0,0.0,0.0,0.0
BOTONCILLO,125030304002.0,0.0,0,0.0,0.0,0.0,0,0.0,0.0,0.0,0.0,0.0,0.0,0.0
GUANAJUMA,125030304003.0,0.0,0,0.0,0.0,0.0,0,0.0,0.0,0.0,0.0,0.0,0.0,0.0
EL ANÓN,125030304004.0,0.0,0,0.0,0.0,0.0,0,0.0,0.0,0.0,0.0,0.0,0.0,0.0
DICAYAGUA ARRIBA,125030104008.0,0.0,0,0.0,0.0,0.0,0,0.0,0.0,0.0,0.0,0.0,0.0,0.0
LOS LIRIOS,125030106004.0,0.0,0,0.0,0.0,0.0,0,0.0,0.0,0.0,0.0,0.0,0.0,0.0
LA CUEVA,125030305010.0,0.0,0,0.0,0.0,0.0,0,0.0,0.0,0.0,0.0,0.0,0.0,0.0
EL PAPAYO,125030305005.0,0.0,0,0.0,0.0,0.0,0,0.0,0.0,0.0,0.0,0.0,0.0,0.0
HOYO DE BAO,125030107008.0,0.0,0,0.0,0.0,0.0,0,0.0,0.0,0.0,0.0,0.0,0.0,0.0
MONTERÍAS,125030107006.0,0.0,0,0.0,0.0,0.0,0,0.0,0.0,0.0,0.0,0.0,0.0,0.0
JAGUA ABAJO,125030105001.0,0.0,0,0.0,0.0,0.0,0,0.0,0.0,0.0,0.0,0.0,0.0,0.0
LA LAGUNA,125030203007.0,0.0,0,0.0,0.0,0.0,0,0.0,0.0,0.0,0.0,0.0,0.0,0.0
EL PEÑÓN,125030206004.0,0.0,0,0.0,0.0,0.0,0,0.0,0.0,0.0,0.0,0.0,0.0,0.0
LA TUNA,125050303005.0,0.0,0,0.0,0.0,0.0,0,0.0,0.0,0.0,0.0,0.0,0.0,0.0
LA CUEVA,125050303003.0,0.0,0,0.0,0.0,0.0,0,0.0,0.0,0.0,0.0,0.0,0.0,0.0
OJO DE AGUA,125050307015.0,0.0,0,0.0,0.0,0.0,0,0.0,0.0,0.0,0.0,0.0,0.0,0.0
LA BOZÚA,125050307018.0,0.0,0,0.0,0.0,0.0,0,0.0,0.0,0.0,0.0,0.0,0.0,0.0
EL CORRAL,125030302003.0,0.0,0,0.0,0.0,0.0,0,0.0,0.0,0.0,0.0,0.0,0.0,0.0
DONAJÁ,125050405001.0,0.0,0,0.0,0.0,0.0,0,0.0,0.0,0.0,0.0,0.0,0.0,0.0
RINCÓN DEL JUNCO,125050403007.0,0.0,0,0.0,0.0,0.0,0,0.0,0.0,0.0,0.0,0.0,0.0,0.0
LAS PLACETAS AL MEDIO,125050403002.0,0.0,0,0.0,0.0,0.0,0,0.0,0.0,0.0,0.0,0.0,0.0,0.0
GUAJACA,125050106009.0,0.0,0,0.0,0.0,0.0,0,0.0,0.0,0.0,0.0,0.0,0.0,0.0
EL VERDE,125050106010.0,0.0,0,0.0,0.0,0.0,0,0.0,0.0,0.0,0.0,0.0,0.0,0.0
LA CEIBA,125050106005.0,0.0,0,0.0,0.0,0.0,0,0.0,0.0,0.0,0.0,0.0,0.0,0.0
ARROYO JÁNICO,125050106004.0,0.0,0,0.0,0.0,0.0,0,0.0,0.0,0.0,0.0,0.0,0.0,0.0
LA CABUYA,125050103011.0,0.0,0,0.0,0.0,0.0,0,0.0,0.0,0.0,0.0,0.0,0.0,0.0
LOS CIRUELITOS,125080202005.0,0.0,0,0.0,0.0,0.0,0,0.0,0.0,0.0,0.0,0.0,0.0,0.0
EL GUANO,125080203003.0,0.0,0,0.0,0.0,0.0,0,0.0,0.0,0.0,0.0,0.0,0.0,0.0
PALO AMARILLO,125080203001.0,0.0,0,0.0,0.0,0.0,0,0.0,0.0,0.0,0.0,0.0,0.0,0.0
LA GUÁZARA,125080204001.0,0.0,0,0.0,0.0,0.0,0,0.0,0.0,0.0,0.0,0.0,0.0,0.0
ESTANCIA NUEVA  ARRIBA,125080202002.0,0.0,0,0.0,0.0,0.0,0,0.0,0.0,0.0,0.0,0.0,0.0,0.0
DON JUAN,125080202007.0,0.0,0,0.0,0.0,0.0,0,0.0,0.0,0.0,0.0,0.0,0.0,0.0
CASTILLO ABAJO,125080202008.0,0.0,0,0.0,0.0,0.0,0,0.0,0.0,0.0,0.0,0.0,0.0,0.0
CASTILLO ARRIBA,125080202006.0,0.0,0,0.0,0.0,0.0,0,0.0,0.0,0.0,0.0,0.0,0.0,0.0
ESTANCIA NUEVA ABAJO,125080202003.0,0.0,0,0.0,0.0,0.0,0,0.0,0.0,0.0,0.0,0.0,0.0,0.0
LA JAGUA ARRIBA,125080203004.0,0.0,0,0.0,0.0,0.0,0,0.0,0.0,0.0,0.0,0.0,0.0,0.0
DOÑA ÁGUEDA,125080203006.0,0.0,0,0.0,0.0,0.0,0,0.0,0.0,0.0,0.0,0.0,0.0,0.0
LA ANGOSTURA,125080203002.0,0.0,0,0.0,0.0,0.0,0,0.0,0.0,0.0,0.0,0.0,0.0,0.0
GUAYABAL ARRIBA,125080204002.0,0.0,0,0.0,0.0,0.0,0,0.0,0.0,0.0,0.0,0.0,0.0,0.0
ESTANCIA NUEVA,125080202001.0,0.0,0,0.0,0.0,0.0,0,0.0,0.0,0.0,0.0,0.0,0.0,0.0
LOS PICOS,125080203007.0,0.0,0,0.0,0.0,0.0,0,0.0,0.0,0.0,0.0,0.0,0.0,0.0
LA JAGUA ABAJO,125080203005.0,0.0,0,0.0,0.0,0.0,0,0.0,0.0,0.0,0.0,0.0,0.0,0.0
COLORADO,125080303001.0,530.1116563677724,25914377,2082.5490028500003,0.1554479555,0.04076293572,135103,8.69056504,2.063119297,0.521345319321204,0.029323625246255,1.957357817953637,417.30422804490206,99.06702287324762
CANABACOA,125080302001.0,440.36676367451867,18076940,1729.9852843499998,0.06689954192,0.017917647586,59289,4.122362083000001,0.893712844,0.327979139091916,0.015191778180936,1.035710982520416,238.2888525291057,51.660141394543196
LA CAPILLA,125080302002.0,191.24674103282666,9968522,751.31475615,0.0547925579,0.01569677598,49085,2.98401243,0.717876399,0.492400465415773,0.028650191686453,2.089241007382283,397.1720780902967,95.54935439823518
LA GUÁZARA,125080202009.0,0.0,0,0.0,0.0,0.0,0,0.0,0.0,0.0,0.0,0.0,0.0,0.0
MATANZAS ADENTRO,125080105002.0,0.0,0,0.0,0.0,0.0,0,0.0,0.0,0.0,0.0,0.0,0.0,0.0
LOS RODRÍGUEZ,125080103005.0,503.1193127920767,16597049,1976.5093081500004,0.1374586661,0.03588641399,80583,7.67844798,1.825178628,0.485524512541921,0.027321285946502,1.815646090915173,388.485293154879,92.34353820009859
LOS GONZÁLEZ,125080103003.0,1747.3492205677182,75417638,6833.05100235,0.258910373158,0.05539012211,189329,16.52578041,3.562255007,0.251040994060483,0.014817322725785,0.810620645022998,241.85068140595627,52.13271503132175
TIERRA BLANCA,125080103007.0,982.0616503626114,34713900,3858.0391246500003,0.2089835239,0.04980161023,139676,12.20154326,2.812711705,0.402363552980937,0.021280081940155,1.290852907939807,316.2628181254362,72.90521464722491
LOS ALBINOS,125080103002.0,0.0,0,0.0,0.0,0.0,0,0.0,0.0,0.0,0.0,0.0,0.0,0.0
LOS ESTRELLA,125080103006.0,495.39035193167683,12618462,1946.1460072500001,0.1107862907,0.0174746514,51778,6.51738444,1.544373805,0.410337623344948,0.022363433253799,0.897910605622676,334.88671537082587,79.35549538661161
LOS CABRAL,125080103004.0,0.0,0,0.0,0.0,0.0,0,0.0,0.0,0.0,0.0,0.0,0.0,0.0
ARENOSO O ARENOSO ARRIBA,125080103001.0,0.0,0,0.0,0.0,0.0,0,0.0,0.0,0.0,0.0,0.0,0.0,0.0
MATANZAS AFUERA,125080105003.0,0.0,0,0.0,0.0,0.0,0,0.0,0.0,0.0,0.0,0.0,0.0,0.0
ALTO DE MATANZAS,125080105004.0,0.0,0,0.0,0.0,0.0,0,0.0,0.0,0.0,0.0,0.0,0.0,0.0
LAGUNA PRIETA AL CENTRO,125080106001.0,0.0,0,0.0,0.0,0.0,0,0.0,0.0,0.0,0.0,0.0,0.0,0.0
MONTE ADENTRO,125080105001.0,0.0,0,0.0,0.0,0.0,0,0.0,0.0,0.0,0.0,0.0,0.0,0.0
MONTE ADENTRO,125080106002.0,0.0,0,0.0,0.0,0.0,0,0.0,0.0,0.0,0.0,0.0,0.0,0.0
LAGUNA PRIETA ABAJO,125080106003.0,0.0,0,0.0,0.0,0.0,0,0.0,0.0,0.0,0.0,0.0,0.0,0.0
LAGUNA PRIETA ARRIBA,125080106004.0,0.0,0,0.0,0.0,0.0,0,0.0,0.0,0.0,0.0,0.0,0.0,0.0
LOS COCOS,125080102001.0,0.0,0,0.0,0.0,0.0,0,0.0,0.0,0.0,0.0,0.0,0.0,0.0
LA JABILLA,125080104001.0,0.0,0,0.0,0.0,0.0,0,0.0,0.0,0.0,0.0,0.0,0.0,0.0
SAN ANTONIO,125080104003.0,0.0,0,0.0,0.0,0.0,0,0.0,0.0,0.0,0.0,0.0,0.0,0.0
LOS CERCADILLOS,125080104002.0,0.0,0,0.0,0.0,0.0,0,0.0,0.0,0.0,0.0,0.0,0.0,0.0
MORA,125080202004.0,0.0,0,0.0,0.0,0.0,0,0.0,0.0,0.0,0.0,0.0,0.0,0.0
LOS CASTILLOS,125080303002.0,309.7790376294501,15483717,1216.9700820000003,0.0718535027,0.01522998731,66139,4.139197933,0.9772694042,0.427153842221212,0.02319508229151,1.251467684807061,340.12322851828327,80.30348639252742
LA FREIDURÍA O FARDIQUERA,125080303005.0,266.48464770174655,9365642,1046.8876333500002,0.0550519759,0.01569346702,37041,3.219446457,0.725806986,0.395501498097656,0.020658591920693,1.499059356521531,307.5255026843612,69.32997992128777
SABANETA DE LAS PALOMAS,125080303003.0,152.984708941386,12084903,601.0019761499999,0.0273664377,0.006465204814,43694,1.656102267,0.3698129034,0.361559408554577,0.01788834837767,1.075737696474129,275.5568754713487,61.53272669234967
LIMONAL ABAJO,125080303004.0,883.8379729659318,33621574,3472.1664147,0.11848154585,0.03124444906,98920,7.298294011,1.5774187881,0.294215240700115,0.013405346847953,0.899854595900743,210.1942458777738,45.43039128026043
LOS JOBOS,125070302010.0,0.0,0,0.0,0.0,0.0,0,0.0,0.0,0.0,0.0,0.0,0.0,0.0
BANEGAS,125070104005.0,0.0,0,0.0,0.0,0.0,0,0.0,0.0,0.0,0.0,0.0,0.0,0.0
LA PIEDRA,125070202001.0,0.0,0,0.0,0.0,0.0,0,0.0,0.0,0.0,0.0,0.0,0.0,0.0
LOS UVEROS,125070304005.0,0.0,0,0.0,0.0,0.0,0,0.0,0.0,0.0,0.0,0.0,0.0,0.0
EL AGUACATE,125070303001.0,0.0,0,0.0,0.0,0.0,0,0.0,0.0,0.0,0.0,0.0,0.0,0.0
RANCHITO,125070303004.0,0.0,0,0.0,0.0,0.0,0,0.0,0.0,0.0,0.0,0.0,0.0,0.0
INGENIO ABAJO,125070104001.0,0.0,0,0.0,0.0,0.0,0,0.0,0.0,0.0,0.0,0.0,0.0,0.0
ARROYO DEL AGUA,125070202003.0,0.0,0,0.0,0.0,0.0,0,0.0,0.0,0.0,0.0,0.0,0.0,0.0
MATA PUERCOS,125070302008.0,0.0,0,0.0,0.0,0.0,0,0.0,0.0,0.0,0.0,0.0,0.0,0.0
ALTOS DE LOS MATES,125070302009.0,0.0,0,0.0,0.0,0.0,0,0.0,0.0,0.0,0.0,0.0,0.0,0.0
EL JAMO,125070103002.0,0.0,0,0.0,0.0,0.0,0,0.0,0.0,0.0,0.0,0.0,0.0,0.0
LA LOMITA,125070103003.0,0.0,0,0.0,0.0,0.0,0,0.0,0.0,0.0,0.0,0.0,0.0,0.0
LOMA MATA PUERCOS,125070103001.0,0.0,0,0.0,0.0,0.0,0,0.0,0.0,0.0,0.0,0.0,0.0,0.0
LA LOMITA DEL PALMAR ABAJO,125070102005.0,0.0,0,0.0,0.0,0.0,0,0.0,0.0,0.0,0.0,0.0,0.0,0.0
ARRENQUILLO,125070102006.0,0.0,0,0.0,0.0,0.0,0,0.0,0.0,0.0,0.0,0.0,0.0,0.0
EL BOQUERÓN,125070102003.0,0.0,0,0.0,0.0,0.0,0,0.0,0.0,0.0,0.0,0.0,0.0,0.0
LOS PÉREZ,125070302003.0,0.0,0,0.0,0.0,0.0,0,0.0,0.0,0.0,0.0,0.0,0.0,0.0
LA CUMBRE,125070303002.0,0.0,0,0.0,0.0,0.0,0,0.0,0.0,0.0,0.0,0.0,0.0,0.0
LA CALABAZA,125070305002.0,0.0,0,0.0,0.0,0.0,0,0.0,0.0,0.0,0.0,0.0,0.0,0.0
BARRIO LINDO O LA FINQUITA,125070304002.0,0.0,0,0.0,0.0,0.0,0,0.0,0.0,0.0,0.0,0.0,0.0,0.0
VUELTA LARGA,125070304003.0,0.0,0,0.0,0.0,0.0,0,0.0,0.0,0.0,0.0,0.0,0.0,0.0
LA AGUAITA,125070302005.0,0.0,0,0.0,0.0,0.0,0,0.0,0.0,0.0,0.0,0.0,0.0,0.0
LAS AROMAS,125070304004.0,0.0,0,0.0,0.0,0.0,0,0.0,0.0,0.0,0.0,0.0,0.0,0.0
LA U,125070302012.0,0.0,0,0.0,0.0,0.0,0,0.0,0.0,0.0,0.0,0.0,0.0,0.0
LA POCILGUITA,125070304001.0,0.0,0,0.0,0.0,0.0,0,0.0,0.0,0.0,0.0,0.0,0.0,0.0
QUINIGUA DE LA YUCA (LA YUCA),125070104003.0,0.0,0,0.0,0.0,0.0,0,0.0,0.0,0.0,0.0,0.0,0.0,0.0
VILLA DEL YAQUE,125070104004.0,0.0,0,0.0,0.0,0.0,0,0.0,0.0,0.0,0.0,0.0,0.0,0.0
LOS MATES,125070302007.0,0.0,0,0.0,0.0,0.0,0,0.0,0.0,0.0,0.0,0.0,0.0,0.0
PÉREZ DE LOS MATES,125070302006.0,0.0,0,0.0,0.0,0.0,0,0.0,0.0,0.0,0.0,0.0,0.0,0.0
MACORÍS,125070302002.0,0.0,0,0.0,0.0,0.0,0,0.0,0.0,0.0,0.0,0.0,0.0,0.0
QUINIGUA,125070104006.0,0.0,0,0.0,0.0,0.0,0,0.0,0.0,0.0,0.0,0.0,0.0,0.0
LA BREÑA,125070103006.0,0.0,0,0.0,0.0,0.0,0,0.0,0.0,0.0,0.0,0.0,0.0,0.0
VILLA DUARTE,125070103007.0,0.0,0,0.0,0.0,0.0,0,0.0,0.0,0.0,0.0,0.0,0.0,0.0
CARACOL,125070305001.0,0.0,0,0.0,0.0,0.0,0,0.0,0.0,0.0,0.0,0.0,0.0,0.0
PALO BLANCO,125070303003.0,0.0,0,0.0,0.0,0.0,0,0.0,0.0,0.0,0.0,0.0,0.0,0.0
LOS ROBLES,125070305003.0,0.0,0,0.0,0.0,0.0,0,0.0,0.0,0.0,0.0,0.0,0.0,0.0
LAS LAVAS,125070102001.0,0.0,0,0.0,0.0,0.0,0,0.0,0.0,0.0,0.0,0.0,0.0,0.0
PALMAREJO,125070102002.0,0.0,0,0.0,0.0,0.0,0,0.0,0.0,0.0,0.0,0.0,0.0,0.0
LOS LEBRILLOS (LA 14),125070302011.0,0.0,0,0.0,0.0,0.0,0,0.0,0.0,0.0,0.0,0.0,0.0,0.0
HIGO DE AGUA,125070302004.0,0.0,0,0.0,0.0,0.0,0,0.0,0.0,0.0,0.0,0.0,0.0,0.0
LLANO GRANDE,125070302001.0,0.0,0,0.0,0.0,0.0,0,0.0,0.0,0.0,0.0,0.0,0.0,0.0
EL MARTILLO,125070102004.0,0.0,0,0.0,0.0,0.0,0,0.0,0.0,0.0,0.0,0.0,0.0,0.0
EL RINCÓN,125070103005.0,0.0,0,0.0,0.0,0.0,0,0.0,0.0,0.0,0.0,0.0,0.0,0.0
PALMAR ABAJO,125070103004.0,0.0,0,0.0,0.0,0.0,0,0.0,0.0,0.0,0.0,0.0,0.0,0.0
QUEBRADA HONDA,125070202004.0,0.0,0,0.0,0.0,0.0,0,0.0,0.0,0.0,0.0,0.0,0.0,0.0
LOS MANANTIALES,125070202006.0,0.0,0,0.0,0.0,0.0,0,0.0,0.0,0.0,0.0,0.0,0.0,0.0
CRUCE DE QUINIGUA,125070104002.0,0.0,0,0.0,0.0,0.0,0,0.0,0.0,0.0,0.0,0.0,0.0,0.0
EL POZO,125070202005.0,0.0,0,0.0,0.0,0.0,0,0.0,0.0,0.0,0.0,0.0,0.0,0.0
LOMA DE LA LLANADA,125070202002.0,0.0,0,0.0,0.0,0.0,0,0.0,0.0,0.0,0.0,0.0,0.0,0.0
UVERAL,125040202001.0,0.0,0,0.0,0.0,0.0,0,0.0,0.0,0.0,0.0,0.0,0.0,0.0
CRUZ DE ISALGUEZ,125040105001.0,0.0,0,0.0,0.0,0.0,0,0.0,0.0,0.0,0.0,0.0,0.0,0.0
LICEY ABAJO,125040104001.0,0.0,0,0.0,0.0,0.0,0,0.0,0.0,0.0,0.0,0.0,0.0,0.0
MONTE ADENTRO ARRIBA,125040103002.0,0.0,0,0.0,0.0,0.0,0,0.0,0.0,0.0,0.0,0.0,0.0,0.0
LICEY ARRIBA,125040103001.0,0.0,0,0.0,0.0,0.0,0,0.0,0.0,0.0,0.0,0.0,0.0,0.0
LIMONAL ARRIBA,125040102002.0,952.1957004383457,28523354,3740.71043835,0.3329383542,0.07422348214,163348,17.98805779,4.483619947,0.572681735116543,0.034965328455771,1.984208170166185,480.8727669906041,119.86011804157961
LA CRUZ DE MARÍA FRANCISCA,125040102001.0,187.88665896058006,7316481,738.1146397499999,0.0701933111,0.01926365426,43545,3.68518854,0.922020992,0.595166720039244,0.037359390756279,2.609845845426479,499.2704847648296,124.91568956175823
CAÑADA DEL CAIMITO,125050108022.0,0.0,0,0.0,0.0,0.0,0,0.0,0.0,0.0,0.0,0.0,0.0,0.0
EL CORRALITO,125050212015.0,0.0,0,0.0,0.0,0.0,0,0.0,0.0,0.0,0.0,0.0,0.0,0.0
PIEDRAS AZULES ABAJO,125010202003.0,0.0,0,0.0,0.0,0.0,0,0.0,0.0,0.0,0.0,0.0,0.0,0.0
EL PUERTO,125010202004.0,0.0,0,0.0,0.0,0.0,0,0.0,0.0,0.0,0.0,0.0,0.0,0.0
EL CONGO,125010202015.0,0.0,0,0.0,0.0,0.0,0,0.0,0.0,0.0,0.0,0.0,0.0,0.0
LOS LIRIOS,125010202005.0,0.0,0,0.0,0.0,0.0,0,0.0,0.0,0.0,0.0,0.0,0.0,0.0
PIEDRAS AZULES ARRIBA,125010202010.0,0.0,0,0.0,0.0,0.0,0,0.0,0.0,0.0,0.0,0.0,0.0,0.0
CAYAS QUEMADAS,125010202007.0,0.0,0,0.0,0.0,0.0,0,0.0,0.0,0.0,0.0,0.0,0.0,0.0
LAS CAYAS,125010202027.0,0.0,0,0.0,0.0,0.0,0,0.0,0.0,0.0,0.0,0.0,0.0,0.0
EL CORAL,125010202006.0,0.0,0,0.0,0.0,0.0,0,0.0,0.0,0.0,0.0,0.0,0.0,0.0
LA GUAMITA,125010202026.0,0.0,0,0.0,0.0,0.0,0,0.0,0.0,0.0,0.0,0.0,0.0,0.0
ARROYO PRIETO,125010202011.0,0.0,0,0.0,0.0,0.0,0,0.0,0.0,0.0,0.0,0.0,0.0,0.0
LA CANASTA,125010202008.0,0.0,0,0.0,0.0,0.0,0,0.0,0.0,0.0,0.0,0.0,0.0,0.0
EL PIÑÓN,125010202013.0,0.0,0,0.0,0.0,0.0,0,0.0,0.0,0.0,0.0,0.0,0.0,0.0
LAS CAOBAS,125010202012.0,0.0,0,0.0,0.0,0.0,0,0.0,0.0,0.0,0.0,0.0,0.0,0.0
LA FINCA,125010202025.0,0.0,0,0.0,0.0,0.0,0,0.0,0.0,0.0,0.0,0.0,0.0,0.0
LAS AUYAMAS,125010202021.0,0.0,0,0.0,0.0,0.0,0,0.0,0.0,0.0,0.0,0.0,0.0,0.0
LOS NARANJOS,125010202009.0,0.0,0,0.0,0.0,0.0,0,0.0,0.0,0.0,0.0,0.0,0.0,0.0
EL RIBÓN,125010202023.0,0.0,0,0.0,0.0,0.0,0,0.0,0.0,0.0,0.0,0.0,0.0,0.0
LOS RAMONES,125010202022.0,0.0,0,0.0,0.0,0.0,0,0.0,0.0,0.0,0.0,0.0,0.0,0.0
LA YALLITA,125010202019.0,0.0,0,0.0,0.0,0.0,0,0.0,0.0,0.0,0.0,0.0,0.0,0.0
LOS MATES,125010202020.0,0.0,0,0.0,0.0,0.0,0,0.0,0.0,0.0,0.0,0.0,0.0,0.0
LOMAS FRÍAS,125010202014.0,0.0,0,0.0,0.0,0.0,0,0.0,0.0,0.0,0.0,0.0,0.0,0.0
LA CATALINA,125010202016.0,0.0,0,0.0,0.0,0.0,0,0.0,0.0,0.0,0.0,0.0,0.0,0.0
LA GUÁZARA,125010202029.0,0.0,0,0.0,0.0,0.0,0,0.0,0.0,0.0,0.0,0.0,0.0,0.0
EL HOYAZO,125010202001.0,0.0,0,0.0,0.0,0.0,0,0.0,0.0,0.0,0.0,0.0,0.0,0.0
LOS RINCONES,125010202030.0,0.0,0,0.0,0.0,0.0,0,0.0,0.0,0.0,0.0,0.0,0.0,0.0
ALTO GORDO,125010202024.0,0.0,0,0.0,0.0,0.0,0,0.0,0.0,0.0,0.0,0.0,0.0,0.0
LA GUAMA,125010202018.0,0.0,0,0.0,0.0,0.0,0,0.0,0.0,0.0,0.0,0.0,0.0,0.0
ALTO DE CEDRO,125010202031.0,0.0,0,0.0,0.0,0.0,0,0.0,0.0,0.0,0.0,0.0,0.0,0.0
LOS TOCONES,125010604002.0,0.0,0,0.0,0.0,0.0,0,0.0,0.0,0.0,0.0,0.0,0.0,0.0
PICHE,125010605001.0,0.0,0,0.0,0.0,0.0,0,0.0,0.0,0.0,0.0,0.0,0.0,0.0
LOS ARROYOS DE SALAMANCA,125010611002.0,0.0,0,0.0,0.0,0.0,0,0.0,0.0,0.0,0.0,0.0,0.0,0.0
EL AGUACATE DE JACAGUA,125010607001.0,0.0,0,0.0,0.0,0.0,0,0.0,0.0,0.0,0.0,0.0,0.0,0.0
JACAGUA ADENTRO,125010602005.0,0.0,0,0.0,0.0,0.0,0,0.0,0.0,0.0,0.0,0.0,0.0,0.0
PALO ALTO,125010608001.0,0.0,0,0.0,0.0,0.0,0,0.0,0.0,0.0,0.0,0.0,0.0,0.0
JACAGUA AL MEDIO,125010603002.0,1506.8689733055708,58255774,5919.750000000001,0.50237652504,0.101767136612,260727,26.031585299,6.797503635,0.447555757443693,0.033339098086143,1.71911206743528,439.7412948013006,114.82754567338147
LOS GUINEOS,125010609001.0,0.0,0,0.0,0.0,0.0,0,0.0,0.0,0.0,0.0,0.0,0.0,0.0
LAS TRES CRUCES,125010606001.0,0.0,0,0.0,0.0,0.0,0,0.0,0.0,0.0,0.0,0.0,0.0,0.0
LA PLAYA,125010603003.0,0.0,0,0.0,0.0,0.0,0,0.0,0.0,0.0,0.0,0.0,0.0,0.0
JACAGUA ABAJO,125010603001.0,3240.8468949851185,85866536,12731.699800350003,1.14850030645,0.1832230753,423549,60.17397486,15.852901259,0.493264852398819,0.035438277205479,1.439109295484355,472.6311160615473,124.51519834424774
MONTE ADENTRO,125010606003.0,31.0,17205675,626.4000000000001,0.00156253437,0.000731967794,20681,0.520160954,0.1031723531,0.120199586509273,0.005040433451613,0.116853096104725,83.03974361430394,16.470682167943803
EL BUZO,125010606006.0,0.0,0,0.0,0.0,0.0,0,0.0,0.0,0.0,0.0,0.0,0.0,0.0
PALMARITO,125010606007.0,0.0,0,0.0,0.0,0.0,0,0.0,0.0,0.0,0.0,0.0,0.0,0.0
LA FURNIA,125010606005.0,0.0,0,0.0,0.0,0.0,0,0.0,0.0,0.0,0.0,0.0,0.0,0.0
EL PLAY,125010602006.0,0.0,0,0.0,0.0,0.0,0,0.0,0.0,0.0,0.0,0.0,0.0,0.0
EL NÍSPERO,125010602007.0,0.0,0,0.0,0.0,0.0,0,0.0,0.0,0.0,0.0,0.0,0.0,0.0
EL ALTO DEL JAMO,125010611001.0,0.0,0,0.0,0.0,0.0,0,0.0,0.0,0.0,0.0,0.0,0.0,0.0
LA CALABACITA,125010607002.0,0.0,0,0.0,0.0,0.0,0,0.0,0.0,0.0,0.0,0.0,0.0,0.0
LOMA DE AGUA HONDA,125010602003.0,0.0,0,0.0,0.0,0.0,0,0.0,0.0,0.0,0.0,0.0,0.0,0.0
AUQUEYES,125010602002.0,0.0,0,0.0,0.0,0.0,0,0.0,0.0,0.0,0.0,0.0,0.0,0.0
JACAGUA ARRIBA,125010606004.0,0.0,0,0.0,0.0,0.0,0,0.0,0.0,0.0,0.0,0.0,0.0,0.0
EL BUZO,125010602004.0,0.0,0,0.0,0.0,0.0,0,0.0,0.0,0.0,0.0,0.0,0.0,0.0
QUINIGUA,125010606008.0,0.0,0,0.0,0.0,0.0,0,0.0,0.0,0.0,0.0,0.0,0.0,0.0
LOMA DE SABANA,125010605005.0,0.0,0,0.0,0.0,0.0,0,0.0,0.0,0.0,0.0,0.0,0.0,0.0
SALAMANCA,125010611003.0,0.0,0,0.0,0.0,0.0,0,0.0,0.0,0.0,0.0,0.0,0.0,0.0
LA HONDURA,125010605007.0,0.0,0,0.0,0.0,0.0,0,0.0,0.0,0.0,0.0,0.0,0.0,0.0
LOS MANANTIALES,125010605003.0,0.0,0,0.0,0.0,0.0,0,0.0,0.0,0.0,0.0,0.0,0.0,0.0
EL RANCHITO,125010605004.0,0.0,0,0.0,0.0,0.0,0,0.0,0.0,0.0,0.0,0.0,0.0,0.0
LA GUAZUMITA,125010605002.0,0.0,0,0.0,0.0,0.0,0,0.0,0.0,0.0,0.0,0.0,0.0,0.0
CUESTA DE QUINIGUA,125010605006.0,0.0,0,0.0,0.0,0.0,0,0.0,0.0,0.0,0.0,0.0,0.0,0.0
PALMAR ARRIBA,125010609002.0,0.0,0,0.0,0.0,0.0,0,0.0,0.0,0.0,0.0,0.0,0.0,0.0
LA CIÉNAGA,125010604001.0,1013.583310801439,17910990,3981.87228645,0.3547085731,0.04977219729,98348,19.01432552,4.94764547,0.549095641213933,0.034995502522583,1.249969705441606,477.5222345705125,124.25424810425113
LA BÚCARA,125010602001.0,0.0,0,0.0,0.0,0.0,0,0.0,0.0,0.0,0.0,0.0,0.0,0.0
LA TINAJA,125010602008.0,0.0,0,0.0,0.0,0.0,0,0.0,0.0,0.0,0.0,0.0,0.0,0.0
HATILLO SAN LORENZO,125010502001.0,0.0,0,0.0,0.0,0.0,0,0.0,0.0,0.0,0.0,0.0,0.0,0.0
GUAYACANAL,125010705001.0,0.0,0,0.0,0.0,0.0,0,0.0,0.0,0.0,0.0,0.0,0.0,0.0
LA LOMITA,125010404004.0,0.0,0,0.0,0.0,0.0,0,0.0,0.0,0.0,0.0,0.0,0.0,0.0
SAN JOSÉ AFUERA,125010405001.0,0.0,0,0.0,0.0,0.0,0,0.0,0.0,0.0,0.0,0.0,0.0,0.0
VILLA BAO ABAJO,125010703002.0,0.0,0,0.0,0.0,0.0,0,0.0,0.0,0.0,0.0,0.0,0.0,0.0
EL PAPAYO,125010103003.0,1337.1099601213177,17059186,5252.85,0.2965202435,0.06291605871,70703,17.36899294,4.069144921,0.414456593871092,0.0221762048256,1.197750910648505,330.65846045480066,77.46546962125322
LA CRUZ,125010106001.0,0.0,0,0.0,0.0,0.0,0,0.0,0.0,0.0,0.0,0.0,0.0,0.0
KILÓMETRO 11,125010108010.0,0.0,0,0.0,0.0,0.0,0,0.0,0.0,0.0,0.0,0.0,0.0,0.0
LOS NARANJOS,125010105003.0,0.0,0,0.0,0.0,0.0,0,0.0,0.0,0.0,0.0,0.0,0.0,0.0
CAPILLA,125010502008.0,0.0,0,0.0,0.0,0.0,0,0.0,0.0,0.0,0.0,0.0,0.0,0.0
PLATANAL LA JOYA,125010502007.0,0.0,0,0.0,0.0,0.0,0,0.0,0.0,0.0,0.0,0.0,0.0,0.0
PLATANAL ABAJO,125010502006.0,0.0,0,0.0,0.0,0.0,0,0.0,0.0,0.0,0.0,0.0,0.0,0.0
PIEDRA GRANDE O GORDA,125010502009.0,0.0,0,0.0,0.0,0.0,0,0.0,0.0,0.0,0.0,0.0,0.0,0.0
PLATANAL ADENTRO,125010502004.0,0.0,0,0.0,0.0,0.0,0,0.0,0.0,0.0,0.0,0.0,0.0,0.0
LOS CERRITOS,125010502003.0,0.0,0,0.0,0.0,0.0,0,0.0,0.0,0.0,0.0,0.0,0.0,0.0
LOS ALMÁCIGOS,125010503003.0,0.0,0,0.0,0.0,0.0,0,0.0,0.0,0.0,0.0,0.0,0.0,0.0
VILLA BAO ARRIBA,125010703001.0,0.0,0,0.0,0.0,0.0,0,0.0,0.0,0.0,0.0,0.0,0.0,0.0
EL TÚNEL,125010502010.0,0.0,0,0.0,0.0,0.0,0,0.0,0.0,0.0,0.0,0.0,0.0,0.0
PLATANAL AFUERA O ARRIBA,125010502005.0,0.0,0,0.0,0.0,0.0,0,0.0,0.0,0.0,0.0,0.0,0.0,0.0
BAITOA CLARA,125010502002.0,0.0,0,0.0,0.0,0.0,0,0.0,0.0,0.0,0.0,0.0,0.0,0.0
LAS CHARCAS,125010106002.0,5.0,233470,4372.650000000001,0.0008175446,0.07428956,630,6.471689,1.309032,0.269826352137291,0.016350892,1.698959669765474,148.00381919431007,29.93681177318102
LA JABILLA,125010108005.0,0.0,0,0.0,0.0,0.0,0,0.0,0.0,0.0,0.0,0.0,0.0,0.0
QUEBRADA HONDA,125010103001.0,0.0,0,0.0,0.0,0.0,0,0.0,0.0,0.0,0.0,0.0,0.0,0.0
MOCÁN DE SAN JOSÉ,125010404006.0,0.0,0,0.0,0.0,0.0,0,0.0,0.0,0.0,0.0,0.0,0.0,0.0
SAN JOSÉ ADENTRO,125010404001.0,0.0,0,0.0,0.0,0.0,0,0.0,0.0,0.0,0.0,0.0,0.0,0.0
KILÓMETRO 5,125010404003.0,0.0,0,0.0,0.0,0.0,0,0.0,0.0,0.0,0.0,0.0,0.0,0.0
CRUCE DE GASPAR,125010404002.0,0.0,0,0.0,0.0,0.0,0,0.0,0.0,0.0,0.0,0.0,0.0,0.0
CRUCE DE DOÑA MARÍA,125010405003.0,0.0,0,0.0,0.0,0.0,0,0.0,0.0,0.0,0.0,0.0,0.0,0.0
LOS INDIOS,125010405004.0,0.0,0,0.0,0.0,0.0,0,0.0,0.0,0.0,0.0,0.0,0.0,0.0
EL MESO,125010108011.0,0.0,0,0.0,0.0,0.0,0,0.0,0.0,0.0,0.0,0.0,0.0,0.0
RANCHO VIEJO,125010108015.0,0.0,0,0.0,0.0,0.0,0,0.0,0.0,0.0,0.0,0.0,0.0,0.0
EL ARROYO,125010108016.0,0.0,0,0.0,0.0,0.0,0,0.0,0.0,0.0,0.0,0.0,0.0,0.0
PULIDO,125010108003.0,0.0,0,0.0,0.0,0.0,0,0.0,0.0,0.0,0.0,0.0,0.0,0.0
RÍO ARRIBA,125010108006.0,0.0,0,0.0,0.0,0.0,0,0.0,0.0,0.0,0.0,0.0,0.0,0.0
EL ARROYO ARRIBA,125010108009.0,0.0,0,0.0,0.0,0.0,0,0.0,0.0,0.0,0.0,0.0,0.0,0.0
BELLACO,125010108012.0,0.0,0,0.0,0.0,0.0,0,0.0,0.0,0.0,0.0,0.0,0.0,0.0
EL CAIMITO,125010108017.0,0.0,0,0.0,0.0,0.0,0,0.0,0.0,0.0,0.0,0.0,0.0,0.0
LA CUMBRE,125010108002.0,0.0,0,0.0,0.0,0.0,0,0.0,0.0,0.0,0.0,0.0,0.0,0.0
LA CACATA,125010102003.0,0.0,0,0.0,0.0,0.0,0,0.0,0.0,0.0,0.0,0.0,0.0,0.0
EL INGENIO ABAJO,125010102001.0,0.0,0,0.0,0.0,0.0,0,0.0,0.0,0.0,0.0,0.0,0.0,0.0
LA HERRADURA ARRIBA,125010105002.0,2.0,1882841,0.0,0.0001525966,0.0,2932,0.0,0.0,0.155731280643954,0.00762983,0.0,0.0,0.0
LA NORIEGA,125010103002.0,0.0,0,0.0,0.0,0.0,0,0.0,0.0,0.0,0.0,0.0,0.0,0.0
CUESTA DE PIEDRA,125010108014.0,0.0,0,0.0,0.0,0.0,0,0.0,0.0,0.0,0.0,0.0,0.0,0.0
LA GUAMA,125010108001.0,0.0,0,0.0,0.0,0.0,0,0.0,0.0,0.0,0.0,0.0,0.0,0.0
LOS HIGOS,125010108008.0,0.0,0,0.0,0.0,0.0,0,0.0,0.0,0.0,0.0,0.0,0.0,0.0
PALMA LIMPIA,125010108004.0,0.0,0,0.0,0.0,0.0,0,0.0,0.0,0.0,0.0,0.0,0.0,0.0
PALO QUEMADO,125010108013.0,0.0,0,0.0,0.0,0.0,0,0.0,0.0,0.0,0.0,0.0,0.0,0.0
EL INGENIO ARRIBA,125010102002.0,0.0,0,0.0,0.0,0.0,0,0.0,0.0,0.0,0.0,0.0,0.0,0.0
CALLEJÓN DE LOS SÁNCHEZ,125010102006.0,1208.9315959153937,37870091,4749.3,0.4059258137,0.09213560188,188748,20.73663883,5.221551291,0.498408052054265,0.033577235889235,1.939982773882467,436.6251622344345,109.94359781441474
LA CHICHIGUA,125010104001.0,0.0,0,0.0,0.0,0.0,0,0.0,0.0,0.0,0.0,0.0,0.0,0.0
PUERTO RICO,125010108007.0,0.0,0,0.0,0.0,0.0,0,0.0,0.0,0.0,0.0,0.0,0.0,0.0
LAS CHARCAS ABAJO,125010106003.0,0.0,0,0.0,0.0,0.0,0,0.0,0.0,0.0,0.0,0.0,0.0,0.0
MEJÍA,125010102004.0,0.0,0,0.0,0.0,0.0,0,0.0,0.0,0.0,0.0,0.0,0.0,0.0
LOS CAMPECHES,125010102005.0,263.1367874098786,10522886,1021.95,0.1034406732,0.02275771638,54881,5.29613582,1.37839487,0.521538137425084,0.039310608835121,2.226891372376339,518.238252360683,134.87889524927832
FINCA DE ACIBA,125010705002.0,0.0,0,0.0,0.0,0.0,0,0.0,0.0,0.0,0.0,0.0,0.0,0.0
DON PEDRO ARRIBA (MONTE PEÑA),125010107008.0,0.0,0,0.0,0.0,0.0,0,0.0,0.0,0.0,0.0,0.0,0.0,0.0
LOS CIRISES,125010107007.0,0.0,0,0.0,0.0,0.0,0,0.0,0.0,0.0,0.0,0.0,0.0,0.0
MONTE ADENTRO ABAJO O LAS AROMAS,125010107002.0,999.3101423882786,34367719,3925.8,0.11911866598,0.023275914966,79584,7.312006501,1.6178431511,0.231564790010803,0.011920089762655,0.592896096744613,186.25519641856434,41.21053418666259
PONTEZUELA ABAJO,125010107001.0,218.8070046148002,24440283,847.8,0.01074863622,0.003623776112,34194,0.761089297,0.1338284172,0.139906523353796,0.004912382141935,0.427432898325077,89.77226904930409,15.785375937721161
KILÓMETRO 6 1/2 (ANTIGUO KILÓMETRO 7),125010107006.0,0.0,0,0.0,0.0,0.0,0,0.0,0.0,0.0,0.0,0.0,0.0,0.0
KILÓMETRO 5 1/2 (ANTIGUO KILÓMETRO 6 1/2),125010107005.0,0.0,0,0.0,0.0,0.0,0,0.0,0.0,0.0,0.0,0.0,0.0,0.0
DON PEDRO ABAJO,125010107003.0,0.0,0,0.0,0.0,0.0,0,0.0,0.0,0.0,0.0,0.0,0.0,0.0
KILÓMETRO 4 1/2 (ANTIGUO KILÓMETRO 6),125010107004.0,487.9712524729557,31710005,1917.0000000000005,0.03425316223,0.01063914973,58336,2.456839413,0.4591906109,0.183966645032869,0.007019504131936,0.554989552947313,128.16063708920186,23.95360515910276
GUARDARRAYA DE BAITOA,125010402001.0,0.0,0,0.0,0.0,0.0,0,0.0,0.0,0.0,0.0,0.0,0.0,0.0
LA CAPILLA,125010402005.0,0.0,0,0.0,0.0,0.0,0,0.0,0.0,0.0,0.0,0.0,0.0,0.0
LOMA DEL COCO,125010402006.0,0.0,0,0.0,0.0,0.0,0,0.0,0.0,0.0,0.0,0.0,0.0,0.0
LOMA QUEMADA,125010402003.0,0.0,0,0.0,0.0,0.0,0,0.0,0.0,0.0,0.0,0.0,0.0,0.0
LA LIMA,125010402002.0,0.0,0,0.0,0.0,0.0,0,0.0,0.0,0.0,0.0,0.0,0.0,0.0
LÓPEZ,125010403003.0,0.0,0,0.0,0.0,0.0,0,0.0,0.0,0.0,0.0,0.0,0.0,0.0
LOS CEDROS,125010403008.0,0.0,0,0.0,0.0,0.0,0,0.0,0.0,0.0,0.0,0.0,0.0,0.0
LOS LIMONES,125010403006.0,0.0,0,0.0,0.0,0.0,0,0.0,0.0,0.0,0.0,0.0,0.0,0.0
LA ANGOSTURA,125010403004.0,0.0,0,0.0,0.0,0.0,0,0.0,0.0,0.0,0.0,0.0,0.0,0.0
BOCA DE LÓPEZ,125010403001.0,0.0,0,0.0,0.0,0.0,0,0.0,0.0,0.0,0.0,0.0,0.0,0.0
LOS PICOS,125010403009.0,0.0,0,0.0,0.0,0.0,0,0.0,0.0,0.0,0.0,0.0,0.0,0.0
LOS MELAOS (LOS MELADOS),125010403005.0,0.0,0,0.0,0.0,0.0,0,0.0,0.0,0.0,0.0,0.0,0.0,0.0
KILÓMETRO 6,125010404005.0,0.0,0,0.0,0.0,0.0,0,0.0,0.0,0.0,0.0,0.0,0.0,0.0
EL MAIZAL,125010202028.0,0.0,0,0.0,0.0,0.0,0,0.0,0.0,0.0,0.0,0.0,0.0,0.0
LOS BUEYES,125010202002.0,0.0,0,0.0,0.0,0.0,0,0.0,0.0,0.0,0.0,0.0,0.0,0.0
ARROYO ANCHO,125010202017.0,0.0,0,0.0,0.0,0.0,0,0.0,0.0,0.0,0.0,0.0,0.0,0.0
CUESTA ARENA,125010503002.0,0.0,0,0.0,0.0,0.0,0,0.0,0.0,0.0,0.0,0.0,0.0,0.0
ARROYO ARRIBA,125010402004.0,0.0,0,0.0,0.0,0.0,0,0.0,0.0,0.0,0.0,0.0,0.0,0.0
BOCA DE LOS RÍOS,125010403007.0,0.0,0,0.0,0.0,0.0,0,0.0,0.0,0.0,0.0,0.0,0.0,0.0
LOMA DE CANA,125010403010.0,0.0,0,0.0,0.0,0.0,0,0.0,0.0,0.0,0.0,0.0,0.0,0.0
LOS CAMPECHES,125010403002.0,0.0,0,0.0,0.0,0.0,0,0.0,0.0,0.0,0.0,0.0,0.0,0.0
LA DELGADA,125010610001.0,0.0,0,0.0,0.0,0.0,0,0.0,0.0,0.0,0.0,0.0,0.0,0.0
LA SABANA,125010405002.0,0.0,0,0.0,0.0,0.0,0,0.0,0.0,0.0,0.0,0.0,0.0,0.0
LA DELGADA ARRIBA,125010610002.0,0.0,0,0.0,0.0,0.0,0,0.0,0.0,0.0,0.0,0.0,0.0,0.0
SABANA GRANDE DE BATEY I,125010503001.0,0.0,0,0.0,0.0,0.0,0,0.0,0.0,0.0,0.0,0.0,0.0,0.0
LA EMBOSCADA,125010102007.0,0.0,0,0.0,0.0,0.0,0,0.0,0.0,0.0,0.0,0.0,0.0,0.0
SAN ANTONIO,125010702001.0,0.0,0,0.0,0.0,0.0,0,0.0,0.0,0.0,0.0,0.0,0.0,0.0
VILLA TABACALERA,125010702003.0,0.0,0,0.0,0.0,0.0,0,0.0,0.0,0.0,0.0,0.0,0.0,0.0
EL SALAO,125010705003.0,0.0,0,0.0,0.0,0.0,0,0.0,0.0,0.0,0.0,0.0,0.0,0.0
LA HERRADURA ABAJO,125010105001.0,17.0,5488612,3873.1499999999996,0.0026074651,0.0148516169,13825,8.46748859,2.08928749,0.251879031240471,0.01533803,0.383450599641119,218.6202080993507,53.942849876715336
EL MURO,125010704003.0,0.0,0,0.0,0.0,0.0,0,0.0,0.0,0.0,0.0,0.0,0.0,0.0
HATO DEL YAQUE ABAJO,125010702002.0,0.0,0,0.0,0.0,0.0,0,0.0,0.0,0.0,0.0,0.0,0.0,0.0
EL FLÚMER,125010704001.0,0.0,0,0.0,0.0,0.0,0,0.0,0.0,0.0,0.0,0.0,0.0,0.0
BARCELÓ,125010704002.0,0.0,0,0.0,0.0,0.0,0,0.0,0.0,0.0,0.0,0.0,0.0,0.0
PONTEZUELA ARRIBA,125010109001.0,1728.0196196474656,113136892,6768.900000000001,0.41909585899,0.081176416647,313828,22.738460861,5.7105944908,0.277387776287144,0.024252957213269,1.199255664096086,335.9254954423909,84.36517736707589
JACAGUA,125010606002.0,0.0,0,0.0,0.0,0.0,0,0.0,0.0,0.0,0.0,0.0,0.0,0.0
BOHÍO VIEJO,125050402001.0,0.0,0,0.0,0.0,0.0,0,0.0,0.0,0.0,0.0,0.0,0.0,0.0
