barrio,id_barrio,number,rc_usd,night,d-none,d-sli,d-mod,d-ext,d-com,collapsed,fatalities,losses,homeless,injured,str_lr,col_lr,occ_lr,hom_lr,inj_lr
Ciudadela Floralia,610.0,6839.0,322746305,38325.0,6599.2542333,212.464844028,19.7833482465,4.5466339804,2.9509028234,0.33024352607,0.222516331918,1019456,45.395678268,6.4633033992,0.315869210384662,0.004828827695131,0.580603605787345,118.44925836399216,16.864457662622307
Brisas de Los Alamos,219.0,1821.0,191934730,13842.0,1761.6108424,53.029065282,4.6779736518,1.0365510642,0.6455412107,0.0676504145,0.08952740345,697926,18.930073624,2.3950226676,0.363626643320458,0.003715014524986,0.646780836945528,136.75822586331455,17.302576705678373
Menga,216.0,161.0,169122686,835.0,159.7898992,1.154868141,0.04610363052,0.00663691783,0.00249204805,0.0002739235493,0.00020116162026,94005,0.05647222135,0.005289927517,0.055584074901226,0.000170138850497,0.024091212007186,6.763140281437126,0.633524253532934
Paso del Comercio,603.0,1636.0,77065478,9292.0,1581.1582599,48.73975355,4.439947145,1.0087515733,0.6532484296,0.07127542874,0.051023032625,241541,10.600498089,1.4924047544,0.313423047755005,0.004356688798289,0.549107109610418,114.08198546061128,16.061179018510547
Los Guaduales,608.0,1850.0,121062905,10487.0,1786.7193031,56.406469245,4.9851265609,1.1400611322,0.7490163537,0.08404363881,0.071139658894,407007,13.181963847,1.8393027313,0.336195038657962,0.004542899395135,0.678360435720416,125.69813909602365,17.538883677886908
Área en Desarrollo - Parque del Amor,298.0,133.0,301609965,6696.0,128.2138652,4.2730012489,0.3830976113,0.08277598427,0.04725980722,0.0041120694703,0.0207763855231,587995,5.19201023186,0.7580478019,0.194952097565238,0.003091781556617,0.310280548433393,77.53898195728794,11.320905046296296
Urbanización La Flora,295.0,1694.0,461938463,9165.0,1642.2089722,46.858707194,3.6667050231,0.7900283168,0.4755813835,0.050470443375,0.0521933429077,1334520,9.6664576072,1.3361092915,0.28889556949774,0.002979365016234,0.569485465441353,105.47144143153301,14.57838834151664
Altos de Menga,296.0,683.0,25390842,6092.0,679.4968685,3.284879357,0.1780867504,0.02827899932,0.011873823387,0.0012058126302,0.00107709003467,10124,0.40414033096,0.04493172766,0.039871624269298,0.000176546505154,0.017680401094386,6.633951591595536,0.737552981943532
Urbanización Calimio,697.0,1152.0,65763429,8300.0,1112.3040526,35.163466387,3.3025512382,0.7513491564,0.4785964826,0.05178399122,0.07276477025,240202,12.601276992,1.7185242709,0.365251564121339,0.004495138126736,0.876683978915663,151.8226143614458,20.70511169759036
San Luis II,696.0,1738.0,127723318,11400.0,1675.0805971,55.824628214,5.1553677331,1.1782881307,0.7611335091,0.08561431711,0.082592569292,430748,15.046521889000001,2.1199890739,0.337250608228856,0.004926025150173,0.724496221859649,131.98703411403508,18.596395385087718
Sector Puente del Comercio,698.0,892.0,73022208,8184.0,861.34701,26.96178547,2.658078845,0.6239461446,0.4091776674,0.04494055685,0.086235614214,333859,14.435449796,1.9821719992,0.457201570695244,0.005038179019058,1.053709851099707,176.3862389540567,24.220087966764417
Los Alcazares,604.0,201.0,86219821,10406.0,184.4427851,14.251280891,1.6651087451,0.3974285076,0.2433978076,0.03041326198,0.2271895811,635166,33.991820680000004,4.584975596,0.736682059501459,0.015130976109453,2.183255632327504,326.6559742456276,44.0608840668845
Ciudad de Los Alamos,217.0,1782.0,211380472,14132.0,1722.6128314,53.208584089,4.598433983300001,0.992364788,0.5877466138,0.06200829932,0.102844997274,804123,18.9715036731,2.4391193277,0.380414938947988,0.00347970254321,0.727745522742712,134.2450019324936,17.259548030710445
La Flora,212.0,1419.0,406997277,4503.0,1402.8422968,14.94778192,0.93310303973,0.179718494,0.097086821107,0.0108410063191,0.0054601710093,398972,1.1096344256,0.138497240018,0.098028114960705,0.000763989169774,0.121256296009327,24.642114714634683,3.075666000843882
Calima,421.0,923.0,102033555,4871.0,894.0672168,25.581430593,2.4289095515,0.559486338,0.3629418137,0.0400248539,0.028001683361,336541,5.799183722,0.8066018883,0.329833768891347,0.004336387204767,0.574865189098748,119.05530121125024,16.559266850749335
El Bosque,215.0,762.0,209940178,3277.0,757.223038,4.557792901,0.1825523124,0.02640221271,0.010210064421,0.0011094402642,0.0005873015753,95899,0.16602131823,0.01630658082,0.045679126965672,0.000145595835197,0.017921927839487,5.066259329569728,0.497606982606042
Fonaviemcali,695.0,374.0,29277908,2355.0,360.9110792,11.619747452,1.0748810651,0.2423726631,0.1519223812,0.01680108323,0.015320496331,96297,2.865275391,0.3880511456,0.328905587493747,0.004492268243316,0.65055186118896,121.66774484076433,16.47775565180467
Metropolitano del Norte,506.0,693.0,107157630,7737.0,668.6961682,21.560839444,2.0060522019,0.4527217444,0.2842181774,0.03189135338,0.068505493062,432118,12.199821773,1.5792478258,0.403254141455095,0.004601926894661,0.885427078480031,157.68155322476412,20.41163016414631
La Campiña,213.0,307.0,84559278,2262.0,305.1527663,1.757455332,0.0747198143,0.01086483227,0.004193119855,0.0004448886059,0.00040503366047,37687,0.12749229522,0.013106906044,0.044568418314111,0.000144914855342,0.017905997368258,5.636264156498674,0.579438817152962
Vipasa,294.0,1969.0,333880553,7830.0,1919.2377559,44.144990493,4.0943585915,0.93204748723,0.59081755819,0.063577451666,0.03279091520458,892019,7.42965431428,1.02167190839,0.267167022620198,0.003228920856577,0.418785634796679,94.88702827943806,13.048172520945084
San Luis,601.0,1724.0,143730989,11749.0,1659.3748222,56.822722709000004,5.62502029,1.3122535024,0.8651998433,0.09687253039,0.080777460592,522800,16.157475055,2.3076314042,0.363734917774728,0.005619056287123,0.687526262592561,137.52213001106475,19.64108778789684
Flora Industrial,420.0,479.0,343252420,1438.0,464.0597728,13.40925921,1.132186018,0.2477105405,0.1510710346,0.01704803823,0.0066761286195,941358,1.4812594143,0.1969593746,0.274246665475393,0.003559089400835,0.464264855319889,103.00830419332405,13.6967576216968
Villa del Sol,595.0,116.0,73987203,4365.0,109.0828701,6.17503221,0.565765094,0.1160862982,0.0602443226,0.00673607959,0.04169609018,379515,7.375460712,0.8944187951,0.51294719002677,0.005806965163793,0.955236888430699,168.96817209621992,20.490694045819016
Urbanización La Merced,293.0,1186.0,139758053,4403.0,1146.0973538,35.820404364,3.0130626098,0.6625723156,0.4065778205,0.04448824866,0.020639753636,378305,4.051980914,0.5603511933,0.270685460692706,0.00375111708769,0.468765696933909,92.02772913922324,12.726577181467182
La Paz,214.0,116.0,25035357,472.0,115.2453515,0.717863872,0.03074835468,0.00438363345,0.001653669785,0.0001814981689,8.111110278e-05,14832,0.02495540759,0.002538348224,0.059245371975763,0.000156463938707,0.017184555673729,5.287162625,0.537785640677966
Petecuy II,606.0,1155.0,60338940,6567.0,1116.4497793,33.912924438,3.3141690638,0.7863602905,0.536772174,0.05834319569,0.036705294961,186956,7.811040638,1.1376296748,0.309842660877833,0.005051358934199,0.558935510293894,118.9438196741282,17.32343040657835
Los Parques Barranquilla,594.0,1145.0,148888009,10032.0,1100.7360558,39.15643165,3.731698829,0.8454406743,0.5303477689,0.05916472096,0.086618526753,645480,16.486919386,2.1636276025,0.433533990783022,0.005167224537991,0.863422316118421,164.34329531499202,21.567260790470495
Chiminangos II,504.0,140.0,106286029,9750.0,129.7549929,8.960406751,0.973184185,0.2066650241,0.1047514345,0.01279563867,0.12954976639,650431,22.170189489000002,2.6576551208,0.611962672738903,0.009139741907143,1.328715552717949,227.38655886153848,27.258001238974355
Olaya Herrera,418.0,776.0,77025170,4069.0,751.0105156,22.007606051,2.1440448872,0.5034627454,0.3343550952,0.03708554091,0.0241393786215,230956,4.9477124534,0.7120962966,0.299844819750039,0.004779064550258,0.593250887724257,121.59529253870731,17.500523386581467
Chipichape,218.0,116.0,186167170,1485.0,115.3231218,0.6417937781,0.02890168,0.00441652269,0.001766626321,0.0001862245276,0.00018308984428,62457,0.05810151843,0.006188816462,0.03354886441713,0.000160538385862,0.012329282443098,3.912560163636364,0.416755317306397
Torres de Comfandi,598.0,1537.0,228752626,15993.0,1477.0622379,53.23410979,4.913643202999999,1.1047557294,0.685202389,0.07587117133,0.179395987314,1070363,30.01263156,3.9035593375,0.467913008440311,0.004936315636304,1.121715671318702,187.66104895891954,24.40792432626774
Chiminangos I,505.0,155.0,38056289,4530.0,140.50449700000001,12.53668987,1.468064903,0.322886183,0.1678512676,0.02169417579,0.092689766478,315829,14.701657811,1.7932652463,0.829898441303669,0.013996242445161,2.046131710331126,324.5399075275938,39.586429278145694
Petecuy III,609.0,932.0,45453276,4295.0,898.9268020000001,29.157217798,2.804944073,0.660380728,0.4506565095,0.05037278212,0.027075750484,151031,5.384876746,0.7840491686,0.332278001323238,0.005404804948498,0.630401641071013,125.37547720605355,18.254928256111757
Evaristo Garcia,415.0,315.0,78278137,1519.0,304.7407434,9.072885892,0.8590470102,0.1983636754,0.1289578501,0.01433913048,0.008986556792,227865,1.82969089,0.2606170882,0.291097202349477,0.004552104914286,0.591610058722844,120.45364647794601,17.15714866359447
La Isla,413.0,1069.0,39879964,7216.0,1039.1312939,26.188795587999998,2.6174565822,0.6287362791,0.4336975992,0.04641222511,0.034131108942,110165,7.701746348,1.1212681516,0.2762415229146,0.004341648747428,0.472992086225055,106.73151812638582,15.538638464523283
Jorge Eliécer Gaitán,602.0,2514.0,232810514,14017.0,2429.2293094,75.57620723,6.7404438124,1.5023480237,0.9516736287,0.1024526982,0.075509098692,702171,15.777715791,2.2088197922,0.301606218622337,0.004075286324582,0.538696573389456,112.56128837126347,15.75814933437968
Prados del Norte,211.0,1386.0,579321580,9088.0,1347.7623271,34.280941112,2.8964527238,0.64904699666,0.411232613668,0.0451898245258,0.0481814868362,2004474,9.54702828965,1.30479007368,0.346003630317253,0.003260449099986,0.530166008320863,105.05092748294453,14.357285141725352
La Rivera I,607.0,813.0,36757928,4163.0,783.3365299,26.193934198,2.5193165853,0.5777451219,0.3724764053,0.0412069489,0.026541144066,123378,5.460932593,0.7691947253,0.335650280627744,0.005068505399754,0.637548500264232,131.17781871246697,18.476933108335334
Los Guayacanes,503.0,2454.0,197046512,12066.0,2368.9501796,75.555194164,6.9897854058,1.5511986991,0.9536694709,0.10801688973,0.068501750328,659368,13.759640952,1.8811346953,0.334625311715503,0.004401666248166,0.567725429537544,114.03647399303829,15.590375396154485
Petecuy I,605.0,1403.0,59349428,6415.0,1358.782971,38.89202098,3.775237154,0.906760619,0.6430186219,0.0697389326,0.034248188811,177044,7.348236825,1.0896079351,0.298308244570927,0.0049707008268,0.533876676710834,114.54772915042868,16.98531465471551
La Alianza,497.0,417.0,233555823,1275.0,403.8628981,11.77472782,1.00255775,0.2223273173,0.137490417,0.01504135283,0.0093783541409,910869,1.7814058493,0.23607613819,0.390000629861519,0.003607039047962,0.735557187521569,139.71810582745098,18.515775544313726
Guillermo Valencia,412.0,632.0,97745818,2525.0,610.5864785,18.898725236,1.8225581288,0.4214951464,0.2707400888,0.03027496172,0.015780557527,324863,3.218860999,0.4504857036,0.332354673390187,0.004790342044304,0.624972575326733,127.47964352475248,17.841017964356435
Marco Fidel Suárez,414.0,250.0,14694167,1278.0,242.1914452,6.89698391,0.657706625,0.1529929655,0.1008685778,0.01103873913,0.006802628624,41836,1.433323526,0.2045822707,0.284710429249922,0.004415495652,0.532287059780908,112.15364053208135,16.00800240219092
Paseo de Los Almendros,596.0,1150.0,70478491,3156.0,1104.6321792,40.51620665,3.602017764,0.7834262454,0.4661678872,0.05314693426,0.020506484069,254354,3.856602691,0.5213268331,0.360895492241431,0.004621472544348,0.649761852629911,122.19907132446134,16.518594204689478
Santa Mónica,210.0,1116.0,717657799,3105.0,1106.1832569,9.3364679793,0.39951734854,0.0584399938,0.022332521469,0.00256033209,0.00107741757074,418647,0.26686206083,0.027002643529,0.058335195381256,0.000229420438172,0.034699438671176,8.594591331078906,0.869650355201288
San Vicente,209.0,1512.0,1241925985,2982.0,1499.0719794,12.2706090443,0.54570364934,0.08062424535,0.031084875096,0.0035825725444,0.0009576515412,706781,0.23831916429,0.023611031156,0.056910039315619,0.000236942628598,0.032114404466801,7.991923685110664,0.791785082360832
Los Andes,502.0,1085.0,104347940,9236.0,1042.4469617,37.906954357000004,3.432502169,0.7582280181,0.4553659168,0.05211470626,0.074774867131,415552,13.548183999,1.7989883296,0.398236592989359,0.004803198733641,0.809602285957124,146.68886962970984,19.4780027024686
Ignacio Rengifo,411.0,369.0,52874103,2163.0,355.2753645,12.07502994,1.20194579,0.2756635921,0.1720002402,0.01947163866,0.0177068710892,200282,3.3937734445,0.4572491364,0.378790098463848,0.005276866845528,0.818625570466944,156.90122258437356,21.139580970873784
El Sena,501.0,1482.0,486420896,8354.0,1433.0549471,43.422498898,4.01566165,0.9192637151,0.5876465857,0.06624620518,0.062579862215,1804755,11.64438782,1.5930951158,0.371027534661072,0.004470054330634,0.749100577148671,139.38697414412258,19.069848166147953
Popular,410.0,191.0,35402395,754.0,185.6499552,4.735549446,0.4444554848,0.1028070397,0.0672337225,0.00733791518,0.003126578993,96417,0.745508136,0.1045715736,0.272346679918387,0.003841840408377,0.414665648938992,98.87375809018567,13.868908965517242
Bolivariano,417.0,393.0,106835407,1415.0,380.2697027,11.190617137,1.099489204,0.2619516946,0.1782360841,0.01969578508,0.008204112217,287873,1.7837096096,0.2595601697,0.269454877865884,0.005011650147583,0.57979591639576,126.05721622614841,18.343474890459365
Los Andes B - La Riviera,597.0,941.0,100678359,6138.0,902.2977795,34.454310137,3.137516635,0.6938360851,0.4165670459,0.04824696003,0.050482037016,398712,9.088141172,1.2278766957,0.396025423918983,0.005127200853348,0.822450912609971,148.06355770609318,20.004507913000978
Manzanares,405.0,322.0,156377624,1830.0,311.6210812,9.219770386,0.8392712895,0.1938645616,0.1260129467,0.01415662877,0.022554941331,473432,3.896511422,0.514675393,0.302748905290519,0.004396468562112,1.232510455245902,212.92412142076503,28.124338415300546
Unidad Residencial Bueno Madrid,419.0,68.0,18044454,773.0,65.6536485,2.03715857,0.219246535,0.0533363811,0.0366085541,0.00395910307,0.0054495923705,59153,1.0294100168,0.146081335,0.327816177613199,0.005822210397059,0.70499254469599,133.17076543337646,18.897973479948256
Salomia,406.0,993.0,168109933,6728.0,963.6840594,26.009856162,2.393210955,0.5517715703,0.3610948572,0.03950301446,0.0354536855753,467782,7.3274460812,1.0272232016,0.278259757530046,0.003978148485398,0.526957276684007,108.90972177764566,15.267883495838287
Sultana - Berlín - San Francisco,408.0,273.0,53075929,1541.0,263.15138,8.53344001,0.917595921,0.2310422247,0.1665389091,0.01839314151,0.013697518377,175774,2.61171718,0.3905756968,0.331174915915846,0.006737414472527,0.888872055613238,169.48197144711227,25.345600051914342
Alfonso Lopez I,701.0,2287.0,179079504,12403.0,2223.4233322,55.522577685,5.6750540956,1.3934604584,0.9855591377,0.10417593049,0.057254997838,469137,13.6543003234,2.0176407571,0.261971336355612,0.004555134695671,0.461622170749012,110.08869082802548,16.26736077642506
Sector Patio Bonito,196.0,659.0,22795216,4811.0,652.2286998,6.22012367,0.4281713996,0.08102044911,0.04197727521,0.004386906482,0.00334055280006,19172,0.99177033843,0.123515810847,0.084106201273546,0.000665691423672,0.069435726461443,20.614640166909165,2.5673625202037
Santander,402.0,766.0,293934998,1374.0,735.105818,26.975823684999998,2.78097337,0.6774292376,0.4599523667,0.05031906728,0.008136189379,1524636,1.918777939,0.2873622034,0.518698239552176,0.006569068835509,0.592153521033479,139.64904941775836,20.914279723435225
Fepicol,798.0,702.0,135954740,4460.0,681.0744392,18.61224866,1.6683245802,0.3868638857,0.2581227201,0.02804262108,0.02208113543,415306,4.490297751,0.6448286727,0.305473860166545,0.003994675367521,0.49509272264574,100.67932177130045,14.458041988789239
Fátima,407.0,138.0,15618114,636.0,132.6440879,4.661260658,0.484352697,0.1218992195,0.0883990513,0.00991668983,0.00529520047,64941,1.061718221,0.1623749234,0.415803943601543,0.007186007123188,0.832578690251572,166.93682720125784,25.530648333333332
Las Delicias,404.0,707.0,154304915,4184.0,681.738651,22.348217339,2.1097834639,0.4879013151,0.3154338312,0.03523088982,0.0341606461343,524243,6.4568595152,0.8805568721,0.339744808764166,0.004983152732673,0.816459037626673,154.32264615678775,21.045814342734225
Industria de Licores,423.0,0.0,0,0.0,0.0,0.0,0.0,0.0,0.0,0.0,0.0,0,0.0,0.0,0.0,0.0,0.0,0.0,0.0
Base Aérea,711.0,124.0,243580724,0.0,120.7920294,2.890131965,0.2334286056,0.0516537,0.0327546179,0.00360055122,0.0,566832,0.0,0.0,0.232708047977222,0.00290367033871,0.0,0.0,0.0
Versalles,208.0,326.0,439285034,1543.0,322.71047120000003,3.0886378793,0.16363771571,0.02638817008,0.010861716246,0.001159471964,0.00183387826491,283920,0.34392718576,0.041683254371,0.06463236352421,0.000355666246626,0.118851475366818,22.2895130110175,2.701442279390797
Aguacatal,199.0,1995.0,282895391,17305.0,1960.1745984,31.449146278,2.5640824876,0.5231203322,0.28906031479,0.030546703553,0.0298163199979,323345,6.9324400135,0.87616782866,0.11429860953128,0.001531163085363,0.172298873145912,40.06032946258307,5.063090601906963
Granada,207.0,902.0,583652832,3923.0,888.8604993,12.1646802103,0.772129299,0.1380128248,0.064674783504,0.0071132749268,0.00619412166674,829027,1.26435751018,0.149159045504,0.142041061561739,0.000788611410953,0.157892471749681,32.22935279581952,3.802167869079786
El Piloto,314.0,370.0,68347623,671.0,366.6596366,3.041081063,0.22157790535,0.04792149084,0.029787049184,0.0034020575899,0.00077897986101,86446,0.17615139808,0.024444694762,0.126480192611498,0.000919475024297,0.116092378690015,26.252071248882263,3.643024554694486
Alfonso Lopez II,702.0,1110.0,113101045,7239.0,1076.1476848,29.789360452,2.9030844015,0.6898647578,0.470002293,0.0507054135,0.038551584536,381182,8.323932317,1.1971757134,0.337027955068732,0.00456805527027,0.532554006575494,114.98732306948475,16.537860386793756
Porvenir,403.0,890.0,182760091,2462.0,862.1966735,24.479682456,2.3802072064,0.5634747855,0.3799654762,0.04135060314,0.016665556033,470103,3.690533587,0.5359696784,0.257224057769404,0.00464613518427,0.676911292973193,149.89982075548335,21.76968636880585
San Marino,709.0,593.0,25911538,2339.0,577.474196,13.65935189,1.3296454978,0.3170379059,0.219773077,0.02319433928,0.0091800839248,66504,2.2730954859,0.3319689415,0.25665903409934,0.003911355696459,0.39247900490808,97.1823636554083,14.192772188969645
La Esmeralda,416.0,505.0,94190831,2589.0,486.4972297,16.433694652,1.506513712,0.3435369216,0.2190210663,0.02425333799,0.016602162005,406229,3.289101795,0.4652764101,0.431282438174082,0.004802641186139,0.641257705870993,127.04139803012745,17.971278876013905
Jorge Isaacs,401.0,671.0,179428880,1806.0,650.4437873,18.287929513,1.649030975,0.37468246,0.2445730295,0.0267182168,0.01114316957,529843,2.349082638,0.3315405248,0.295294109329802,0.003981850491803,0.617008281838317,130.07102093023255,18.357725625692137
San Nicolás,312.0,2286.0,907974053,3484.0,2229.3619577,51.262919298999996,4.0661862072,0.83830169834,0.470609324047,0.0537650841908,0.0114852386456,2607800,2.6291627453,0.33461836483,0.287210878796794,0.002351928442292,0.329656677543054,75.46391347014925,9.604430678243398
Los Pinos,708.0,484.0,38393754,2408.0,468.9017477,13.44557468,1.208542324,0.271639172,0.1724913579,0.01869677089,0.012157938535,113659,2.525473535,0.347881185,0.296035006727493,0.003862969192149,0.504897779692691,104.87846906146181,14.446893064784053
Vista Hermosa,102.0,1436.0,63917532,11539.0,1414.8742309,19.16889613,1.4835712591,0.30231282329,0.17097470594,0.017991011335,0.0178515545999,79860,4.4637909259,0.57662394149,0.124942245889854,0.001252855942549,0.154706253573967,38.68438275327151,4.997174291446399
Las Ceibas,710.0,1571.0,124136470,7717.0,1521.5069419,44.031170568,3.983549066,0.9015227622,0.5768144716,0.06329637169,0.046814837658,400097,9.482501994,1.2747768459,0.322304527072782,0.004029049757479,0.606645557315019,122.87808726188932,16.519072773098355
El Hoyo,313.0,246.0,91619886,458.0,239.9067023,5.55038249,0.4166636448,0.0823918029,0.0438573807,0.004990210757,0.0015102240316,200431,0.3371156271,0.03974387237,0.218763963050603,0.00202854095813,0.329743238340611,73.60603211790392,8.677701390829695
Juanambú,205.0,333.0,364252553,1652.0,324.7062705,7.559017968,0.5674798839,0.1107749192,0.0564537941,0.006128358563,0.0044996093211,593288,0.9425372776,0.11991050962,0.162878229458347,0.001840347916817,0.272373445587167,57.054314624697334,7.258505424939467
Parque de la Caña,797.0,122.0,29936969,302.0,119.1188312,2.560305542,0.2330798708,0.0530261862,0.0347574368,0.00372711979,0.001100967824,38845,0.254060388,0.0356011747,0.129756568679487,0.003055016221311,0.364558882119205,84.12595629139072,11.78846844370861
Puerto Nuevo,704.0,440.0,9465803,1022.0,426.6721336,11.39652262,1.319973074,0.3453840154,0.2659805668,0.02689564192,0.003340871003,28737,1.424428179,0.2272004278,0.303587952953765,0.006112645890909,0.32689540146771,139.37653414872798,22.230961624266143
Industrial,809.0,907.0,398985088,2769.0,878.5113848,25.57779355,2.147766846,0.4696950834,0.2933567224,0.03311982074,0.013187759009,977048,2.777082829,0.3919996677,0.244883414217749,0.0036515789129,0.476264319573853,100.29190426146623,14.156723282773566
Alfonso Lopez III,703.0,2247.0,226866214,12471.0,2176.4348411,62.474833258000004,5.8431273629,1.3527672597,0.89442026,0.09636081154,0.062425749034,663523,13.5954855449,1.9262878797,0.292473110000661,0.004288420629283,0.500567308427552,109.01680334295567,15.446138077940821
San Pedro,311.0,563.0,848769243,537.0,545.6684296,15.749808585,1.2320925512,0.23586991849,0.11380303471,0.012684202406,0.0020935662984,1949481,0.4164701737,0.04871109108,0.2296832991984,0.002252966679574,0.38986337027933,77.55496716945996,9.070966681564245
Normandia,204.0,246.0,429201105,2058.0,240.7213876,4.790010477,0.3713871321,0.0762155059,0.04099544552,0.004410234734,0.004690637986,460176,0.908482206,0.11614617528,0.107216881968195,0.001792778347154,0.22792215675413,44.1439361516035,5.643643113702624
Terron Colorado,101.0,3757.0,303736256,24301.0,3681.6545522,68.343586361,5.3411224297,1.07452986166,0.5862122278,0.063867382463,0.0502948828362,463573,11.6767750081,1.48658319354,0.152623509066548,0.001699956946047,0.206966309354348,48.05059465906753,6.117374567054854
Centenario,206.0,190.0,297304520,1695.0,185.3260917,4.253420014,0.3244823201,0.0636752247,0.03233115329,0.003444169191,0.005666078257,624522,1.072543734,0.13567199423,0.210061370462583,0.001812720626842,0.334281903067847,63.276916460176984,8.00424744719764
Santa Rita,201.0,300.0,175640978,1271.0,293.7073796,5.831692465,0.3606529412,0.06687124765,0.03340522377,0.003719672099,0.0024568827391,248328,0.5009205438,0.06083701776,0.141384043880237,0.001239890699667,0.193303126601101,39.41152980330448,4.786547424075531
Santa Teresita,202.0,281.0,486839711,3167.0,274.6911081,5.805700783,0.3933431614,0.07373323994,0.03611343982,0.003918861276,0.0062809720705,550317,1.2182793309,0.15065394428,0.113038550227467,0.001394612553737,0.198325610056836,38.46792961477739,4.756992241237764
El Troncal,810.0,1945.0,364056514,9483.0,1882.6015377,56.037012464,4.7251221745,1.0187323291,0.6175920284,0.06968082734,0.051627166348,1065884,10.300141849000001,1.3967954076,0.292779712629837,0.003582561816967,0.544418078118739,108.61691288621745,14.729467548244227
La Merced,308.0,251.0,509225707,811.0,245.2264758,5.254361148,0.4023162845,0.0776725242,0.03917619737,0.004329771596,0.0022709249717,989539,0.4339712591,0.05109441661,0.194322331324081,0.001725008603984,0.280015409580764,53.5106361405672,6.300174674475955
Barrio Obrero,910.0,1573.0,200446139,3176.0,1525.5246821,42.109331126,3.8948672982,0.8894580691,0.58165587589,0.064129775152,0.0156827069404,569861,3.6421027923,0.52314777742,0.284296492836766,0.004076908782708,0.493788001901763,114.67578061397985,16.47190734949622
Villa Colombia,815.0,1453.0,234666643,7286.0,1408.1866919,39.6070639,3.7572767898,0.8754043948,0.573585146,0.06333668628,0.0420361311601,786544,8.679335225500001,1.208378186,0.335175127845101,0.00435902864969,0.576943880868789,119.12345903788088,16.584932555586057
Urbanización La Nueva Base,818.0,1134.0,162360589,8673.0,1085.2288419,42.705782614,4.429979233,1.0178587632,0.6175528517,0.06704227671,0.092199365756,715549,16.934970269,2.2469648067,0.440715774368111,0.005912017346561,1.063061982658826,195.26081251008878,25.907584534763053
La Base,817.0,1420.0,155380618,7752.0,1371.0487746000001,43.02367807,4.2763553241,1.0012244908,0.6499811584,0.07306214929,0.0504198801943,542808,10.056526236,1.4097446329,0.349340810017452,0.005145221780986,0.65041125121646,129.72815061919505,18.18556027992776
Siete de Agosto,707.0,2001.0,190625674,11569.0,1933.2500678,59.890172228,5.707913931,1.3077386707,0.8440976028,0.09085585328,0.062223226873,619852,13.4703568704,1.8848413022,0.325167047096942,0.004540522402799,0.537844471198894,116.43492843288097,16.292171338922984
Arboledas,203.0,392.0,519890136,4521.0,383.72125,7.603128948,0.5257138754,0.09997886344,0.04992804501,0.005257261141,0.0088568741356,776762,2.0172027018,0.24320182797,0.149408795878909,0.001341138046173,0.195905200964388,44.61850700729927,5.379381286662244
Sucre,909.0,1916.0,262417263,3220.0,1879.5281415,32.98762572,2.6072046621,0.55073511266,0.32628084747,0.035629200463,0.007719361311,523452,2.032027603,0.27804251064,0.199473236933658,0.001859561610804,0.239731717732919,63.10644729813664,8.63486057888199
El Peñón,302.0,268.0,299584836,1585.0,261.4149007,6.015521866,0.4431017667,0.0845164247,0.04196116888,0.004562901495,0.0046109394244,552900,0.8687523743,0.09912520736,0.18455550090059,0.001702575184701,0.290911004694006,54.81087535015773,6.253956300315457
Urbanización El Angel del Hogar,706.0,667.0,72192939,3266.0,645.9992094,18.36367958,1.8845338404,0.4488750959,0.3037013398,0.03226360631,0.016087905706,365991,3.880515717,0.5646911361,0.506962887563754,0.004837122385307,0.492587437415799,118.81554552969995,17.28999191977955
El Calvario,310.0,413.0,159861333,995.0,403.3369384,8.844810271,0.635544691,0.1213903305,0.06131925922,0.006991447618,0.0021261940862,433222,0.5298593808,0.06863557967,0.270998509298792,0.001692844459564,0.213687847859296,53.25219907537689,6.898048208040201
Municipal,808.0,581.0,90871414,2752.0,563.2616217,15.8581679,1.378513309,0.3068802604,0.1948194387,0.02153454217,0.013798629697,276430,2.882881693,0.3957737205,0.304198917856603,0.00370646164716,0.501403695385174,104.7558754723837,14.381312518168604
San Antonio,303.0,887.0,118750526,3126.0,870.6182965,14.863491318,1.1510164789,0.234665609,0.13253169467,0.014697582308,0.0062608991659,176674,1.5323423768,0.19870241026,0.148777551267712,0.001656999132807,0.200284682210493,49.0192698912348,6.356443066538707
Las Américas,811.0,610.0,68560105,4064.0,591.1992418,16.965623974,1.3802409405,0.2880071785,0.1668829016,0.01855960454,0.017427922679,180662,3.60295965,0.4776225013,0.263508244958816,0.003042558121311,0.428836680093504,88.65550319881889,11.75252217765748
Benjamín Herrera,807.0,764.0,69063204,3220.0,742.2624788,19.285918864,1.7792290662,0.406015451,0.2663637942,0.02878435774,0.0140488298171,177977,3.2186613188,0.4520679668,0.257701075996793,0.003767586091623,0.436299062642857,99.95842604968945,14.039377850931677
Planta de Tratamiento,2199.0,119.0,97743750,2860.0,115.1030134,3.451788205,0.3285650923,0.0727502359,0.0438867173,0.00460028124,0.02355604268,211733,4.874866338,0.618599357,0.216620416493288,0.003865782554622,0.823637855944056,170.44987195804197,21.629348146853143
Santa Rosa,307.0,471.0,186559517,1563.0,461.2985879,8.85614721,0.6540134169,0.12611133013,0.06514286772,0.007200440723,0.0048525204761,383134,1.0083741657,0.12222437668,0.205368095805353,0.001528755992144,0.310461962642354,64.51530170825336,7.819857753039027
Atanasio Girardot,812.0,1221.0,144178784,7701.0,1180.3868594,36.473157905,3.0913440019,0.66079726,0.3878339932,0.04433226722,0.0398209716671,440153,7.8998086834,1.0542317383,0.305282699777071,0.003630816316134,0.517088321868588,102.58159568108037,13.689543413842358
Bellavista,1909.0,743.0,328198730,6018.0,727.5711765,14.084431552,1.0366638614,0.20161202908,0.10611094396,0.011361389416,0.0121085217955,573802,2.6573074671,0.32457519312,0.174833819499965,0.001529123743742,0.201205081347624,44.15598981555334,5.393406333000996
La Floresta,806.0,1169.0,154868286,4940.0,1130.1976158,34.309793062,3.2592426856,0.7492640189,0.4840816032,0.05355714687,0.0263406892733,507439,5.7926950889,0.8143569175,0.327658430731684,0.004581449689478,0.533212333467611,117.26103418825912,16.484957844129553
Chapinero,814.0,1139.0,148928334,5586.0,1099.942312,34.854525491,3.104066505,0.6838920773,0.41519924438,0.047221507038,0.0348352100237,518779,6.7839573258,0.92176207832,0.348341271186336,0.00414587419122,0.623616362758682,121.44570937701396,16.501290338703903
San Cayetano,304.0,1092.0,106861612,4623.0,1070.2003611,19.552144381,1.678923001,0.3591050222,0.20944974697,0.023299942427,0.0110939657138,188546,2.5893479873,0.34182372475,0.1764394060489,0.002133694361447,0.239973301185377,56.01012302184729,7.393980634869132
El Trébol,816.0,797.0,108730806,4671.0,769.2372144999999,24.584984358,2.307754544,0.5289125604,0.3411286507,0.03821394588,0.0278786187522,402147,5.6402521106,0.7952444496,0.36985538883725,0.00479472344793,0.59684476026975,120.75041983729392,17.025143429672447
San Pascual,309.0,451.0,57226776,2566.0,442.2112469,7.860274173,0.6867283279,0.1501845662,0.09156399848,0.009766268807,0.0057155489702,108899,1.578173839,0.21672964068,0.190293459171983,0.002165469801996,0.22274158106781,61.50326730319563,8.446205794232268
San Juan Bosco,306.0,985.0,176047257,3662.0,964.0101860999999,18.923043807,1.5636745533,0.3221185121,0.18098245938,0.019866050013,0.0084304556905,331272,2.2194042164,0.2802464377,0.188172023126594,0.00201685786934,0.230214519128891,60.606341245221195,7.652824623156746
Saavedra Galindo,803.0,1032.0,112452137,3056.0,998.8173797000001,29.286532174,2.8155062,0.6529466211,0.427626493,0.04688002336,0.0159668593131,361339,3.6409327855,0.5164093185,0.321327035647656,0.004542637922481,0.52247576286322,119.14047072971205,16.898210683900526
Belalcázar,908.0,1195.0,154057167,3002.0,1164.595567,27.02272135,2.4649097463,0.5589260987,0.3578797732,0.03943885336,0.0120435410743,385200,2.7535881776,0.3800685871,0.25003708224906,0.003300322456904,0.401183913201199,91.72512250499668,12.660512561625582
Simón Bolívar,802.0,443.0,34269443,1702.0,430.5242294,11.057806343,1.0253605956,0.2364885442,0.1561156985,0.01712252736,0.0071174638997,87814,1.6310108848,0.2321458017,0.256245201913449,0.003865130329571,0.418182367784959,95.8290766627497,13.639588819036428
El Nacional,301.0,317.0,22727321,2451.0,310.0810605,6.236744942,0.5144086883,0.1071453896,0.0606388734,0.00676696146,0.0061944018618,43249,1.3856043744,0.1789076804,0.190293193371417,0.002134688157729,0.252729574124847,56.532206217870254,7.299374965320276
Ulpiano Lloreda,1301.0,924.0,68754660,6131.0,895.4813597,25.140873024,2.4315898776,0.5678486754,0.3783335896,0.04020724913,0.032117337674,207000,6.986559688,0.9976759413,0.301070994381713,0.004351433888528,0.523851536030011,113.95465157396836,16.272646245310717
Navarro - La Chanca,315.0,207.0,62336113,1394.0,201.7180886,4.815464046,0.3585760578,0.0705856568,0.03728344673,0.0043088634,0.0057868395109,149176,1.0780354198,0.12269327068,0.239309222474692,0.002081576521739,0.415124785573888,77.3339612482066,8.80152587374462
Charco Azul,1313.0,717.0,28939907,2367.0,694.5689446,19.59392375,2.009279568,0.4861403966,0.341722045,0.03517542257,0.010779417644,86746,2.865837866,0.4270503146,0.299745804682974,0.00490591667643,0.455404209716941,121.07468804393748,18.041838386142796
Nueva Floresta,1207.0,3259.0,334442410,23133.0,3153.2958253,93.877640217,8.6768191841,1.9415108079,1.2081997955,0.1331688354,0.1284728939328,1073018,26.2656671366,3.5922893404,0.320837854291357,0.004086187032832,0.55536633351835,113.54198390437904,15.528852031297282
El Mortiñal,1917.0,402.0,20785612,1722.0,394.57424100000003,6.668405051,0.5662451522,0.1203783081,0.07073093775,0.007504506963,0.0035282204412,34642,0.8997236784,0.11880519065,0.166665487454903,0.001866792776866,0.204890850243902,52.248761811846684,6.899256135307782
Santa Fé,813.0,1390.0,166402863,8999.0,1345.934485,39.863102983,3.192602795,0.6522685136,0.35752292664,0.041199248888,0.0373265318864,452225,7.558417631,0.974828046,0.271765220069027,0.002963974740144,0.41478533044116,83.99175053894878,10.832626358484276
Los Libertadores,305.0,741.0,149312178,3701.0,726.1963086,13.247027323,1.1624935865,0.249279382,0.14487942495,0.01596724712,0.0094163887907,249037,2.2236447734,0.28962565524,0.166789646162533,0.00215482417274,0.254428229956768,60.08226893812483,7.82560538340989
Santa Bárbara,1982.0,46.0,43461177,418.0,44.3376307,1.526269032,0.1068352665,0.0198152412,0.00944970699,0.001086675812,0.0016703072295,112686,0.290179285,0.03458703776,0.259280411709093,0.002362338721739,0.399595030980861,69.42088157894737,8.274410947368422
Lleras Restrepo II,1393.0,679.0,36061233,2525.0,659.5412555,17.01452281,1.731261346,0.4192954678,0.293662987,0.03040850814,0.011318707613,103482,2.8352980825,0.4161350281,0.28696134506322,0.004478425351988,0.448265648039604,112.28903297029703,16.480595172277226
Guayaquil,904.0,1914.0,268851068,7949.0,1863.8694869,44.325236459,4.1717263621,0.975851804,0.65772029602,0.072741248517,0.0390606264898,712534,8.2237227169,1.16791779601,0.265029275588295,0.003800483203605,0.491390445210718,103.45606638445085,14.692638017486475
Bretaña,902.0,1679.0,203310609,6012.0,1635.9854483,38.475981243,3.3744552639,0.7281881891,0.43591746495,0.048100847106,0.0215776344741,529335,5.0026093347,0.66795728348,0.260357554240005,0.002864850929482,0.35890942239022,83.21040144211577,11.110400590153027
Miraflores,1911.0,688.0,172824993,3851.0,668.2006209,17.975136087,1.3904777808,0.2810604633,0.15270269197,0.017042367293,0.0133080631268,451414,2.6976711497,0.33226895965,0.261197117935327,0.002477088269331,0.345574217782394,70.05118539859777,8.628121517787587
Tejares - Cristales,1983.0,371.0,195735287,2384.0,366.3030837,4.418377858,0.22374337754,0.03770110513,0.017089872377,0.001898070445,0.0019291337416,175066,0.43179778442,0.047788416027,0.089440051101297,0.000511609284367,0.080920039496644,18.112323171979863,2.004547652139262
San Fernando Viejo,1910.0,1475.0,1229135968,5051.0,1451.8855994,21.326330655,1.3881528286,0.26314470879,0.136773630707,0.0152116730725,0.00720434908646,1587319,1.52814837223,0.183322666609,0.129141030016036,0.001031299869322,0.14263213396278,30.25437284161552,3.629433114412988
Alameda,901.0,958.0,168308153,2857.0,930.1621817,24.920762084,2.1743887326,0.4672310403,0.2754358761,0.03062226922,0.0141480820889,468498,3.0274749886,0.3987324462,0.278357322870338,0.003196479041754,0.495207633493175,105.96692294714735,13.956333433671682
José Manuel Marroquín II,1405.0,2561.0,144530220,17860.0,2472.6325111,77.0780653,8.007962392,1.9366066518,1.3448590054,0.14062894547,0.107413268934,509030,24.701917946000002,3.6309155084,0.352195910138137,0.005491173192893,0.601418079137738,138.30861111982082,20.329874067189248
Rafael Uribe Uribe,804.0,394.0,48346130,1961.0,380.3385547,12.030647822,1.178370246,0.2735143021,0.1789085799,0.01988219745,0.013415020448,164617,2.826909135,0.401140538,0.340496791325787,0.005046243007614,0.684090792860785,144.15650866904642,20.45591728709842
Manuel Maria Buenaventura,906.0,493.0,57150030,1828.0,479.5623198,11.888030625999999,1.1165701762,0.2597686936,0.1733157874,0.01925690213,0.0085251317304,144566,1.7704558836,0.25227610914,0.252958023352223,0.003906065340771,0.466363880218818,96.85207240700218,13.800662425601748
Alirio Mora Beltrán,1402.0,2283.0,127041514,14613.0,2216.3875358,58.604365434,5.6037500038,1.3732304823,1.0311146108,0.1082887504,0.074789022442,413411,16.821123761,2.5553781996,0.325413908454766,0.004743265457731,0.511797867939506,115.11068063368234,17.48701977417368
Valle Grande,2198.0,3996.0,128774301,20542.0,3864.4439225,116.62860833500001,10.761688343,2.4957895728,1.6699654442,0.17141967755,0.111906811785,432080,24.318844927,3.4625346034,0.335532649177072,0.00428978172047,0.544770771030085,118.38596498393535,16.85587870411839
Primitivo Crespo,801.0,944.0,103897322,4156.0,912.9336893,27.504181545999998,2.586269175,0.5920336008,0.3838295767,0.04248775228,0.0229146956819,319917,4.8757724025,0.6874672463,0.3079168028663,0.004500821216102,0.551364188688643,117.3188739773821,16.54156030558229
Villa del Lago,1310.0,2322.0,91317939,5671.0,2245.6253411,67.94171467,6.120925841,1.3981478891,0.9138037304,0.09382092507,0.025246536046,254178,5.647979725,0.8067701626,0.278343558795304,0.004040522182171,0.445186669828954,99.59407026979368,14.226241625815554
Santa Mónica Popular,805.0,917.0,95241224,5959.0,885.0374268,28.342870176,2.645135829,0.5963275507,0.3782273898,0.04153173778,0.0354630016157,332256,7.3703318212,1.0171748486,0.348857717320465,0.004529088089422,0.595116657420708,123.68403794596409,17.069556110085585
Sector Laguna del Pondaje,1397.0,704.0,112658491,8547.0,676.9145647,23.87715699,2.3142759,0.5382076076,0.3558089444,0.03785537092,0.052737088586,565622,11.5926596535,1.7072678679,0.502067445567545,0.005377183369318,0.617024553480753,135.63425358020356,19.975054029484028
Fenalco Kennedy,1206.0,322.0,30457537,1169.0,312.6717518,8.289620084,0.7639500658,0.1696668975,0.1050106922,0.01137366898,0.0056133991543,86534,1.2362520361,0.16784618773,0.284112761155319,0.003532195335404,0.480188122694611,105.7529543284859,14.358099891360139
Asturias,1202.0,672.0,45781484,4469.0,651.006663,18.682522956,1.6948705417,0.3779312182,0.2380111986,0.02595399598,0.0202274102788,129531,4.4595736854,0.6214762433,0.282933585653053,0.003862201782738,0.452616027719848,99.7890732915641,13.906382709778471
El Rodeo,1210.0,1844.0,113419457,12061.0,1786.9153455,50.686303768,4.6735104009,1.0520247999,0.6727990048,0.07239453634,0.055887527604,325366,12.643088362,1.7729424215,0.286869226053167,0.003925950994577,0.463373912644059,104.82620315065087,14.699796215073377
Santa Mónica Belalcázar,907.0,221.0,28888159,736.0,213.7771261,6.40434802,0.599029846,0.1349201127,0.0845765512,0.009603731,0.003598746009,90621,0.756857788,0.1056917603,0.313694409841338,0.004345579638009,0.488960055570652,102.83393858695653,14.36029351902174
Aranjuez,905.0,458.0,52235763,1965.0,442.3632038,13.71888575,1.352850904,0.3301248145,0.2349477598,0.0265726581,0.013614075426,171206,2.590897313,0.3820656385,0.327756218843151,0.005801890414847,0.692828265954199,131.85228055979644,19.443543944020355
Lleras Restrepo,1309.0,215.0,19990234,1274.0,207.828695,6.297427612,0.624993352,0.1487240784,0.1001600652,0.0107243805,0.00768414504,71307,1.6155205469,0.232408277,0.356710166098985,0.004988083953488,0.603151102040816,126.80695030612246,18.2424079277865
El Cedro,1913.0,917.0,303998505,2320.0,883.55256,30.232968231,2.4076852151,0.5094286465,0.2973509817,0.03369941558,0.0137186560778,937223,2.5678090868,0.33734256516,0.308298600603729,0.00367496353108,0.591321382663793,110.6814261551724,14.54062780862069
3 de Julio,1912.0,531.0,228124570,1746.0,509.9760845,18.948219503,1.5542960989,0.3304576101,0.1909392984,0.02147101897,0.0130906285119,1008599,2.4086088883,0.31705375991,0.442126523459927,0.004043506397363,0.749749628402062,137.95010815005725,18.15886368327606
Ciudad Talanga,2108.0,2423.0,59405757,13147.0,2332.3046014,78.85351124499999,8.322234696,2.0564488139,1.4632190217,0.15329222134,0.091371890362,233215,19.776260795,2.9565747782,0.392579594273499,0.006326546485349,0.695001828265003,150.4241332243097,22.48858886590096
20 de Julio,1111.0,398.0,40916550,2427.0,383.174026,13.156945575,1.222632842,0.2739862411,0.172405178,0.01970155499,0.015255729958,142076,2.997484302,0.4173893018,0.347233189698589,0.004950139444724,0.628583846641945,123.50573967861557,17.197746262875977
Los Naranjos II,1499.0,1450.0,44331774,6954.0,1405.9201620000001,38.662963808,3.8105014306,0.9264868228,0.6799184575,0.06984677147,0.035124626427,134617,8.275789683,1.250609565,0.30365909872767,0.004817018722069,0.505099603494392,119.0076169542709,17.984031708369283
El Prado,1110.0,218.0,51403403,1454.0,211.3279677,5.871443898,0.578322679,0.1343909372,0.0878763787,0.00962342837,0.013987464834,168984,2.480738737,0.3419659962,0.328741310116131,0.004414416683486,0.961998956946355,170.61476870701514,23.518981856946354
Junín,903.0,990.0,129548124,4441.0,956.6631045,29.334757693,2.839357665,0.6840914293,0.4787057928,0.0539068335,0.029096975901,489579,5.693387623,0.8348338894,0.37791255367961,0.00544513469697,0.655189729813105,128.2005769646476,18.7983312181941
Alfonso Barberena A.,1204.0,461.0,34174290,3252.0,445.8593089,13.439508344,1.2425612934,0.2796165502,0.1790050192,0.01924814133,0.015987957439,101808,3.521650977,0.4942407863,0.297909512103837,0.004175301806941,0.491634607595326,108.29185046125461,15.198056159286592
Ricardo Balcázar,1306.0,755.0,50181589,4804.0,730.2036697,21.803480447000002,2.1413467,0.5079890044,0.3435152411,0.03671607393,0.027461237288,156018,5.8158124579,0.8395994975,0.31090638897591,0.004863056149669,0.571632749542048,121.06187464404663,17.477091954621148
Sector Altos de Santa Isabel,1981.0,53.0,168616480,2466.0,52.6370025,0.3456334555,0.01464604539,0.002025561592,0.000692646317,6.64471639e-05,0.00050579822878,44850,0.14105647587,0.014047949043,0.026598580299635,0.000125372007358,0.020510877079481,5.720051738442822,0.569665411313869
Las Acacias,1005.0,316.0,43440401,1637.0,305.1399666,9.62545147,0.907965144,0.2025558913,0.1240636596,0.01366939689,0.009246455886,140415,1.9245304793,0.262048993,0.323236396573647,0.004325758509494,0.564841532437385,117.5644764386072,16.00787984117288
Los Naranjos,1496.0,426.0,19064468,2813.0,411.4196241,12.769383921000001,1.2692131883,0.311936094,0.2298564816,0.02412223419,0.018165710875,59848,3.80536575,0.579242968,0.313925191292913,0.005662496288732,0.645777137397796,135.2778439388553,20.59164479203697
San Cristóbal,1015.0,761.0,97365309,3896.0,735.7134338,22.374772598,2.0939763298,0.4898689062,0.3279531857,0.0360075267,0.027533903991,336522,5.1735021905,0.7352089222,0.345628666322304,0.004731606662286,0.706722381699179,132.79009729209446,18.870865559548253
Aguablanca,1109.0,902.0,94972479,5827.0,873.7181025,25.091409961,2.3405623085,0.5241594381,0.3257726332,0.03531830517,0.0291452069163,297474,6.4094695097,0.8726954847,0.31322090229117,0.003915554896896,0.500175165888107,109.99604444310967,14.976754499742578
Prados de Oriente,1112.0,712.0,118608130,4634.0,688.8670617,20.549296871,1.886806625,0.4246299105,0.2722005104,0.0302226011,0.027121706383,273976,5.390155704,0.750943322,0.230992479545525,0.004244747345506,0.5852763569918,116.31755943029779,16.205078161415624
Santa Isabel,1908.0,755.0,444269376,4755.0,747.1040645,7.424021535000001,0.381562379,0.06240268813,0.027957267205,0.003139414928,0.0019186691707,379619,0.46508589342,0.049279658464,0.085447830389157,0.000415816546755,0.040350560898002,9.780986191798108,1.03637557232387
Marroquín III,1394.0,604.0,31928071,2340.0,584.3939684,16.91765456,1.856766128,0.4753571643,0.3562494574,0.03742000999,0.015224647125,112862,3.3821790831,0.5143343848,0.353489716846056,0.006195365892384,0.65062594551282,144.53756765384617,21.980101914529918
Champagnat,1914.0,712.0,170570689,2519.0,686.5407176,23.029457341,1.8301369442,0.3818425596,0.2178395182,0.02453001223,0.0117238799219,583669,2.3084466463,0.29975690059,0.342185919584247,0.003445226436798,0.465418019924573,91.64139127828504,11.899837260420801
Puerta del Sol,1495.0,1103.0,27875336,5207.0,1067.8562064,30.253216926,3.350474316,0.868159404,0.6719459043,0.06880823059,0.030605006981,92155,7.897832355,1.2327061332,0.330597214666908,0.006238280198549,0.587766602285385,151.67721058190898,23.674018306126367
Bello Horizonte,1212.0,186.0,19456762,1341.0,179.8355676,5.502925941,0.4874381977,0.1074239252,0.066641117,0.00737405524,0.006386110333,58982,1.350859244,0.1858583566,0.303143975186424,0.003964545827957,0.476220009917972,100.7352158090977,13.8596835645041
Villanueva,1201.0,559.0,41183572,3332.0,541.2625718,15.51748594,1.571122393,0.3801165015,0.2687025349,0.02890807276,0.019060741573,126956,4.343351795,0.6399965372,0.308269607636784,0.00517139047585,0.572051067617047,130.35269492797119,19.207579147659064
El Pondaje,1398.0,569.0,44597749,3751.0,549.254539,17.388165486000002,1.700387244,0.3965976257,0.2603185628,0.02763073354,0.021227350769,147483,4.56534225,0.6465885897,0.330695119731147,0.004856016439367,0.565911777366036,121.71000399893362,17.237765654492136
Urbanización Colseguros,1915.0,978.0,285504193,6016.0,946.2653721,28.606834535,2.3501423219,0.494318452,0.2833274746,0.03105775009,0.0310193392998,1168733,5.9094758977,0.75583740514,0.409357573063099,0.003175639068507,0.515614017616356,98.22932010804521,12.563786654587764
El Paraíso,1205.0,617.0,65621055,3765.0,598.4636358,16.360665394,1.5620174405,0.365925837,0.2477466836,0.02681940142,0.0177290981184,199410,4.0452251056,0.5824460824,0.303880401282148,0.004346742531605,0.470892380302789,107.44289789110226,15.4700154687915
Compartir,2107.0,2173.0,74641293,11305.0,2083.4847578999997,78.60561576,7.8165411,1.8505983417,1.2424986759,0.13187781064,0.079248542578,272887,16.459535438,2.3917788215,0.365597626500346,0.006068928239301,0.701004357169394,145.59518299867315,21.15682283502875
Santa Elena,1004.0,1740.0,199167520,6713.0,1689.6922432000001,44.269903691,4.264594301,1.0374162678,0.7358529598,0.07969766101,0.037734543841,571475,7.8676752932,1.1626752337,0.286931620227547,0.004580325345402,0.562111482809474,117.2005853299568,17.31975619991062
Sindical,1211.0,695.0,64730566,4378.0,673.4519325,18.96179259,1.84808934,0.4389094654,0.2992736371,0.03206864735,0.022235479475,188905,4.884162315,0.7043259084,0.291832666819271,0.004614193863309,0.507891262562814,111.56149645957059,16.08784624029237
San Fernando Nuevo,1906.0,722.0,1149031768,2043.0,704.1700097,16.19643205,1.2257158267,0.2574014492,0.150438094074,0.0170360903995,0.00842164232332,1522823,1.53456596871,0.199270634455,0.132530992025201,0.00235956930741,0.412219399085658,75.11336117033774,9.75382449608419
Los Lagos,1395.0,1876.0,105412359,8370.0,1812.4610155,56.04115056,5.375155933,1.2659124742,0.8567644503,0.09086498418,0.047407120789,360464,10.5103719337,1.5172890127,0.341956134566542,0.004843549263326,0.566393318864994,125.57194663918759,18.127706244922344
Colseguros Andes,1014.0,547.0,224262013,6313.0,526.5768349,18.235282063,1.600133275,0.3605055088,0.2272431623,0.02409118377,0.056736150563,989428,10.4479631893,1.3657682349,0.441192853722035,0.004404238349177,0.89871931827974,165.49917930144144,21.634218832567715
Villablanca,1314.0,597.0,33675497,3201.0,575.5904979000001,18.865719509999998,1.840070291,0.4260390121,0.277674893,0.02964998727,0.019584035634,112787,4.1810239449,0.5892225319,0.3349235323982,0.004966497030151,0.611809922961575,130.61618072164947,18.407451793189626
El Recuerdo,1108.0,297.0,34896929,1907.0,287.2568648,8.646804622,0.800824463,0.1805566438,0.1149515409,0.01271836605,0.011246497356,107350,2.250860056,0.309608907,0.307620375622057,0.004282278131313,0.589748157105401,118.0314659674882,16.235391033036183
Eduardo Santos,1203.0,558.0,34149146,3378.0,539.102141,16.484516637,1.695792829,0.4173323339,0.3002155186,0.03264833976,0.022380340617,114571,4.731092493,0.7042469061,0.335500956805918,0.005850956946237,0.662532285879219,140.05602406749557,20.84804340142096
San Benito,1121.0,433.0,24422987,3312.0,416.9593516,14.086565071999999,1.399203093,0.3299304985,0.224959347,0.02481232376,0.022050087634,85988,4.53793531,0.6567636474,0.352079322344408,0.005730328812933,0.665763515519324,137.01495501207728,19.82982027173913
Promociones Populares B,1498.0,4674.0,120413766,24238.0,4514.4650793,137.786167668,15.033312561999999,3.8242474852,2.8912627466,0.29692027724,0.162048276041,438133,38.211291715,5.8325343425,0.363856397423325,0.006352594720582,0.66857115290453,157.65034951316116,24.06359576904035
Ciudadela del Rio - CVC,2197.0,1808.0,51670193,11296.0,1736.6258447,63.3417499,5.880669066,1.3208679105,0.8309251701,0.08642377021,0.063187957971,176066,13.908104068,1.9538108727,0.340750147894682,0.004780075785951,0.559383480621459,123.12415074362606,17.29648435463881
Doce de Octubre,1209.0,660.0,60156606,4063.0,637.6924047,19.606964913000002,1.924532691,0.4596979187,0.3163928978,0.03470473721,0.02552787233,199022,5.189166419,0.7507517056,0.330840168284879,0.005258293516667,0.62830106645336,127.71760814668964,18.477767797194193
Desepaz Invicali,2106.0,2539.0,74589636,13463.0,2448.7039575,79.23885681,7.971741542,1.8595885872,1.2258880515,0.1285905279,0.074938539898,250583,17.680695229,2.5385148683,0.335948183544175,0.005064613150847,0.556625862720048,131.3280489415435,18.85549185397014
Belén,2005.0,852.0,43109543,5162.0,846.3881632,5.254143839,0.2866535527,0.0483978509,0.02262905534,0.0023478055325,0.00134570248559,20671,0.43248857885,0.050125490242,0.047948787104468,0.000275564029636,0.026069401115653,8.37831419701666,0.971047854358776
El Jardín,1106.0,1821.0,187705629,11746.0,1758.1355571,55.412559124,5.422497227,1.2447023846,0.7847019696,0.08595894199,0.069660226408,647715,14.902860149,2.0495209131,0.345069387813606,0.004720425150467,0.593054881729951,126.87604417674103,17.448671148476077
Julio Rincón,1208.0,175.0,32638338,1921.0,168.3106931,5.875690983,0.581352329,0.1383021046,0.0939619674,0.0104692564,0.01321054038,114501,2.539759291,0.3702299056,0.350818504120675,0.005982432228571,0.687690805830297,132.21027022384175,19.272769682457056
Rodrigo Lara Bonilla,1312.0,680.0,33557216,3454.0,658.5781203,18.894392594,1.817642287,0.4246825144,0.2851674729,0.02968707052,0.014964961457,102586,3.7040744259,0.5334662837,0.305705576118845,0.004365745664706,0.433264662912565,107.2401397191662,15.444883720324263
Yira Castro,1390.0,362.0,23612932,2029.0,348.8233983,11.547464164,1.174170739,0.2749522349,0.1800191774,0.01916779527,0.014417631831,94701,3.067643834,0.4140656018,0.401056673348747,0.005294971069061,0.71057820754066,151.1899376047314,20.407373178905868
Los Comuneros II,1305.0,1860.0,120331416,9790.0,1795.1218763,57.357088798,5.464777124,1.2489168723,0.8073417414,0.08662786008,0.052657489911,429255,11.6970989234,1.6504928481,0.356727045087858,0.004657411832258,0.537870172737487,119.48007071910112,16.858966783452505
La Fortaleza,1107.0,968.0,85061240,7268.0,934.4138786,29.689726842,2.816593732,0.6489104599,0.4308980688,0.04732400202,0.043231240521,274175,8.919057554,1.2686228648,0.322326109961775,0.004888843183884,0.594816187685746,122.71680729223995,17.45491008255366
Eucaristico,1905.0,669.0,323332323,2265.0,644.4867021,22.109939895,1.7949125237,0.38229413747,0.2261542777,0.024928380381,0.02006944248592,1335938,3.21260158004,0.466288798123,0.413177970615479,0.003726215303587,0.88606810092362,141.8367143505519,20.58670190388521
Cristóbal Colón,1009.0,2117.0,285169435,11128.0,2042.9290642,64.627502053,6.731210245,1.6235639566,1.0886782128,0.11774931547,0.080640009899,1084579,16.7514991748,2.3554817329,0.380327897184996,0.005562083867265,0.72465860800683,150.53467985981308,21.167161510603883
León XIII,1116.0,538.0,36304877,3581.0,517.1858369,18.316730815,1.7906397899,0.4213195606,0.2854862725,0.03189676047,0.026251461521,130056,5.174588353,0.7516530429,0.358233001419864,0.005928765886617,0.733076278162525,144.50121063948617,20.990031915666016
Los Conquistadores,1119.0,493.0,29832443,3305.0,473.8535131,16.64038201,1.751301677,0.437230397,0.3175779211,0.03496445032,0.026629354959,112104,5.333613375,0.8033800266,0.375777981293525,0.007092180592292,0.805729348229955,161.3801323751891,24.308018959152797
Omar Torrijos,1307.0,800.0,50244476,3884.0,773.5098398,23.20769332,2.343289742,0.5596475281,0.3795244232,0.04019440864,0.021605069494,170996,4.9985506801,0.7213425282,0.340327231607292,0.00502430108,0.556258225901133,128.69594953913492,18.57215572090628
José Manuel Marroquín I,1406.0,3638.0,220621223,24658.0,3521.7862079,101.536852488,10.356769099,2.5265309797,1.7936311602,0.18830289566,0.135475649096,806398,31.482068119,4.6626436387,0.36551228175315,0.005176000430456,0.549418643426069,127.67486462405711,18.90925313772406
Calipso,1315.0,1055.0,66054669,6226.0,1014.3185224,36.048386476,3.337467596,0.7766621416,0.518982329,0.05411073418,0.055948401883,272750,10.961040177,1.5414468308,0.412915141111191,0.005128979543128,0.898625150706714,176.05268514294892,24.75822086090588
San Pedro Claver,1118.0,578.0,32419187,4106.0,552.7936906,21.83485893,2.348087272,0.5922400845,0.4311276776,0.04798574649,0.040854831355,142980,7.752341748,1.1693842935,0.441034923397434,0.008302032264706,0.99500319909888,188.80520574768633,28.479890245981494
Alfonso Bonilla Aragón,1401.0,3597.0,196816770,24421.0,3474.5291915,106.610274887,11.267898512,2.7270165292,1.865666946,0.19640203363,0.148222929824,695853,34.566814335,5.0579882554,0.353553836354546,0.005460162180428,0.606948650030711,141.54544996109905,20.71163447606568
Urbanización Boyaca,1105.0,464.0,45668438,3177.0,447.5869419,14.43168564,1.433321672,0.3329911288,0.2150572121,0.02356970976,0.018068775263,149968,3.902322478,0.5483718892,0.328383410705142,0.005079678827586,0.56873702433113,122.83042108907775,17.260682694365755
Manuela Beltrán,1403.0,4464.0,188442208,14600.0,4328.6306185,117.88888137400001,12.120813933,3.0384343973,2.3212733884,0.24035751085,0.080011800667,610099,19.144033361600002,2.9562447914,0.323759393250827,0.005384352841622,0.548026031965753,131.12351617534247,20.24825199589041
Urbanización Nueva Granada,1907.0,422.0,123547134,2490.0,411.8947735,9.199249173,0.6861865272,0.1404576291,0.079324883,0.00866275812,0.0087312617077,201233,1.6080874605,0.22220996651,0.16287964630485,0.00205278628436,0.350653080630522,64.58182572289157,8.92409504056225
San Carlos,1101.0,1172.0,121813575,8503.0,1134.4402998,33.365661,3.0620521482,0.6916921671,0.4403251269,0.04805841878,0.045868781984,365698,9.618418281,1.3374911017,0.300210933324658,0.004100547677474,0.539442337810185,113.11793815124074,15.729637794895918
La Libertad,1003.0,354.0,34112250,1899.0,340.7063276,11.60129707,1.212327265,0.2896670813,0.1903885312,0.02042374549,0.013690733217,134599,2.857228376,0.3993838248,0.3945762602306,0.005769419629944,0.720944350552923,150.4596301211164,21.03127039494471
Sector Asprosocial - Diamante,1399.0,181.0,13332281,1651.0,174.1518025,5.93888081,0.633099962,0.1591540073,0.1170667891,0.01210102438,0.018884706074,58665,3.543349193,0.5192341486,0.440019990968108,0.006685648828729,1.143834407874016,214.618364203513,31.449675869170196
Olímpico,1008.0,699.0,105707200,3495.0,676.232123,20.275165139,1.825910051,0.4099188734,0.2568752277,0.02832550938,0.0185345586016,323614,3.7234608486,0.51244087868,0.306141959990407,0.00405229032618,0.530316412062947,106.53679109012876,14.662113839198856
José María Córdoba,1117.0,171.0,34993539,1367.0,164.9115831,5.440343850000001,0.47772283,0.1053328991,0.0650212971,0.00730044296,0.008657047889,111868,1.664151294,0.2284592151,0.319682818799166,0.004269264888889,0.633288067959034,121.73747578639357,16.712451726408194
El Diamante,1308.0,1615.0,152234598,11164.0,1546.2316771,59.58029138,6.398877853,1.6139528978,1.1752191109,0.12767568858,0.118516943917,682313,22.740095064,3.4130167077,0.448198189346471,0.00790561539195,1.061599282667503,203.69128505911857,30.57162941329273
Primavera,1122.0,838.0,63800908,6690.0,801.9985167,31.473068057,3.2115391739,0.7790463839,0.5378442042,0.06166057295,0.063966263161,262017,11.637952816,1.7064218754,0.410679120446255,0.007358063597852,0.956147431405082,173.9604307324365,25.50705344394619
Urbanización Tequendama,1904.0,958.0,484842235,3553.0,934.5687961,21.28923174,1.6117968844,0.3362443882,0.19392890791,0.022231427381,0.01933493419,1291004,3.1549358663,0.4222204211,0.266272992266422,0.002320608286117,0.544186157894737,88.79639364762171,11.883490602307909
El Poblado II,1304.0,2485.0,192153781,14832.0,2398.4768508,76.21272421,7.464133174,1.7232105809,1.1230688828,0.11883155725,0.078315905708,1593072,18.046137755,2.5585886281,0.829060726310964,0.004781954014085,0.528019860490831,121.67029230717367,17.25046270293959
Los Robles,1311.0,1054.0,64659516,6251.0,1015.2471737,34.10304177,3.32384519,0.7856950532,0.5402604342,0.0570520333,0.039945296306,216071,8.490498707,1.2385293349,0.334167689278294,0.005412906385199,0.639022497296433,135.826247112462,19.813299230523114
El Lido,1903.0,860.0,331388600,6066.0,836.9790425,21.098190093,1.4827560876,0.28838359937,0.15162765728,0.016648297312,0.0193432765475,884466,3.9795277215,0.46083921603,0.266896884374939,0.001935848524651,0.318880259602704,65.6038200049456,7.59708565825915
La Gran Colombia,1120.0,315.0,32628784,2406.0,300.4139004,12.64634746,1.353161353,0.3406611547,0.2459313382,0.02810762281,0.027267802083,142153,4.857624769,0.7321675819,0.435666635196706,0.008923054860317,1.133325107356608,201.8962913133832,30.43090531587697
El Dorado,1001.0,451.0,77467716,4194.0,433.9055712,15.02637615,1.50290202,0.3463338555,0.2188159311,0.02379166439,0.041103095318,373912,7.8635059914,1.0291568258,0.482667576436358,0.005275313611973,0.980045191177873,187.49418195994278,24.538789360991892
El Poblado I,1303.0,2131.0,122973508,12496.0,2045.9205014,74.45744782999999,7.500179067,1.823721716,1.2981584085,0.13993398536,0.096953526817,479397,19.501903782,2.9052444774,0.38983774739699,0.006566587769122,0.775876495014405,156.06517111075541,23.249395625800258
Los Cámbulos,1916.0,720.0,360788659,4309.0,692.1765474,25.101540056,2.0408888603,0.4308094571,0.25021694909,0.027640266231,0.0429891915618,1505378,7.9901091285,1.08925118241,0.41724642457974,0.003838925865417,0.997660514314226,185.4283854374565,25.278514328382453
Los Lideres,2105.0,545.0,18470879,3558.0,524.9959836,17.660688715,1.704223194,0.3883829256,0.2507219413,0.02612926197,0.02088887813,62216,4.661964183,0.660659641,0.336835503550802,0.004794359994495,0.58709606885891,131.02766112984824,18.568286706014614
La Esperanza,1104.0,201.0,21276472,1310.0,193.9002402,6.2625465,0.60829751,0.1396767522,0.0892371901,0.00975987268,0.007012094627,66990,1.514322119,0.2119494002,0.314856468399548,0.004855658049751,0.535274399007634,115.59710832061069,16.179343526717556
Antonio Nariño,1604.0,3168.0,223990260,18598.0,3038.4458498,112.2724886,12.162756159,2.9995586021,2.1193669455,0.22950968635,0.160325104681,919666,32.911884299,4.8827651084,0.410582861097108,0.007244623937816,0.862055622545435,176.96464296698568,26.25424835143564
Departamental,1011.0,942.0,184937184,5988.0,905.4302187000001,32.793113384,2.7996185662,0.6111193163,0.3659290163,0.03990550163,0.0432839688874,747355,7.9203082957,1.0466864928,0.404112739872739,0.004236252826964,0.722845171800267,132.26967761690045,17.479734348697395
El Remanso,2104.0,873.0,24807745,5001.0,844.7862647,24.88272071,2.414871604,0.5538432059,0.362312733,0.03763020577,0.02246878029,72964,5.637739322,0.8081715437,0.294117243970661,0.004310447396334,0.44928574865027,112.7322399920016,16.160198834233153
Pasoancho,1012.0,278.0,48978484,2422.0,265.8751611,10.827044674,0.958547568,0.2112105432,0.1280390787,0.01414806301,0.024256159784,234537,4.075155966,0.5360849736,0.478856863729861,0.005089231298561,1.001492972089183,168.25582023121387,22.133979091659786
Los Sauces,1113.0,1152.0,130072558,7657.0,1111.5979184,35.735251892,3.4098581453,0.7723146645,0.4846697162,0.05357965961,0.0469874310097,484268,9.7363084814,1.3413697683,0.372306048298309,0.004651012118924,0.613653271642941,127.1556547133342,17.518215597492492
Maracaibo,1102.0,188.0,18541954,1084.0,181.4868914,5.71277131,0.573589714,0.1357752025,0.0909743482,0.01007983458,0.00672860577,62446,1.432391797,0.2050498468,0.336780774597119,0.005361614138298,0.620720089483395,132.13946466789668,18.916037527675275
La Independencia,1103.0,1320.0,132112705,9058.0,1271.4596059,42.79525616,4.134059303,0.9668901997,0.6442025823,0.07159904255,0.06063404103,456496,12.20360362,1.7280836608,0.345535520103766,0.005424169890152,0.669397670898653,134.72735283727093,19.07798256568779
El Vergel,1302.0,2786.0,81929396,16658.0,2690.9779831,81.97066592,9.087029906,2.2820709753,1.6822683745,0.17410565584,0.104220786854,314303,25.843332287,3.9357053726,0.383626450860987,0.00624930566547,0.625650059154761,155.14066686877175,23.626518024972988
El Guabal,1002.0,2265.0,247954238,16631.0,2186.126839,69.296594846,6.885495984,1.623306086,1.0677656825,0.11613628931,0.126412907267,889147,24.2750091862,3.414324612,0.358593068431579,0.005127429991611,0.76010406630389,145.9624146846251,20.52988161866394
Calimio Desepaz,2103.0,3061.0,92717532,16956.0,2947.5554193,100.137445205,9.576804925,2.2327243462,1.4976203633,0.15915961631,0.102252180609,322129,21.806800336000002,3.1753931759,0.347430361065255,0.005199595436459,0.603044235721868,128.60816428402927,18.7272539272234
Mojica,1598.0,4109.0,131230345,12235.0,3986.9650249,106.750719381,10.8671964782,2.6078233688,1.8092763147,0.18538040449,0.0552794880468,414403,14.7070546994,2.1711540884,0.315782789581923,0.004511569834266,0.451814368997139,120.20477890805068,17.745435949325703
Unidad Residencial Santiago de Cali,1984.0,65.0,232496048,145.0,62.1690356,2.585887032,0.193134817,0.0357058457,0.01623626438,0.001768536261,0.000723675351,570565,0.148985076,0.01705978978,0.245408589758016,0.002720825016923,0.499086448965517,102.74832827586206,11.765372262068967
El Cortijo,2001.0,187.0,16908348,756.0,184.9996619,1.852267615,0.1176065187,0.02076394457,0.00970165789,0.001049592348,0.0005391982351,13634,0.1417608602,0.01653588177,0.080633692116279,0.000561279330481,0.07132251787037,18.751436534391534,2.187285948412698
Pueblo Joven,2008.0,390.0,11688947,2415.0,386.9391886,2.82413937,0.1855083404,0.03411871508,0.01704348002,0.001725586382,0.0009207032118,7465,0.3450690961,0.04292147613,0.063867071035437,0.000442458046667,0.038124356596273,14.288575407867494,1.777286796273292
Las Orquídeas,1404.0,2075.0,94587029,12511.0,2006.8592017,59.33605187,6.241450077,1.5145502684,1.0487792672,0.10928088771,0.068179056663,343021,17.028242353,2.5124638839,0.362651661714901,0.005266548805301,0.544952894756614,136.10616539844935,20.082038876988253
Nueva Tequendama,1921.0,1250.0,384534436,5394.0,1215.2164782,32.066687727,2.0704719795,0.4136219878,0.23272826743,0.025785513206,0.0261871677188,1067774,5.5222587318,0.80884515698,0.277679591431573,0.00206284105648,0.485486980326289,102.37780370411568,14.99527543529848
Panamericano,1013.0,917.0,109855072,5935.0,884.1516725,29.037766357,2.7754892956,0.6332385302,0.4018343333,0.0437112904,0.0491903522651,450553,9.820045115,1.3327735314,0.410134253353113,0.004766771035987,0.828818066808761,165.45990084245997,22.456167336141533
Belisario Caicedo,2002.0,526.0,57428593,3619.0,517.9849222,7.34070706,0.5225283969,0.09999769828,0.0518402239,0.005702743577,0.0061930453436,83186,1.3530150907,0.1618963388,0.144850359148621,0.0010841717827,0.171125872992539,37.386435222437136,4.473510328820116
Los Comuneros I,1502.0,2688.0,153728824,13076.0,2600.9995235,75.51058578,8.008769846,2.0032811488,1.4778111843,0.15265149027,0.068134669675,523427,17.623604819,2.6642744468,0.340487242789933,0.005678998893973,0.521066608098807,134.77825649281127,20.375301673294587
Urbanización Militar,1918.0,177.0,264191247,649.0,169.1030171,7.052212815,0.6239904125,0.1383364816,0.0824438034,0.00919174686,0.0095574679333,1696824,1.6340346033,0.21210946955,0.642271115602363,0.005193077322034,1.4726452901849,251.7772886440678,32.68250686440678
Laureano Gómez,1503.0,1314.0,62022722,7462.0,1263.276768,44.15965979,4.65543744,1.1259068784,0.7822385346,0.08235533448,0.052792067255,235816,11.819856789,1.7483539317,0.380209657548453,0.006267529260274,0.707478789265612,158.4006538327526,23.430098253819352
San Judas Tadeo II,1018.0,670.0,67292542,3817.0,646.1843307,20.940572535,2.058996887,0.4889840668,0.3271159222,0.0359501653,0.025246672961,236023,5.0131192151,0.7199512845,0.350742186168772,0.005365696313433,0.661427114514016,131.3366312575321,18.861705121823423
Unidad Residencial El Coliseo,1985.0,143.0,48389804,3418.0,139.4117729,3.282956512,0.2332965012,0.0465639322,0.0254106801,0.00262433151,0.0113460366852,104282,2.529388913,0.30643628099,0.215504029564185,0.00183519686014,0.331949581193681,74.00201617905208,8.965368080456408
Unión de Vivienda Popular,1603.0,2646.0,224309813,21192.0,2544.1423422,89.3735666,8.996787773,2.1060286589,1.3812991512,0.14928341787,0.148274204381,827358,30.7430618,4.3773160015,0.368845940243648,0.005641852527211,0.699670651099472,145.06918554171384,20.655511520856926
Venezuela - Urbanización Cañaveralejo,2098.0,542.0,41799115,3126.0,536.5635483,5.036182338,0.3173474692,0.0562552069,0.02667054753,0.002791683153,0.0019022533741,31011,0.5451925783,0.06415861838,0.074191125644194,0.000515070692435,0.060852635127959,17.440581519513756,2.052419014075496
U. D. A. Galindo Plaza de Toros,1999.0,17.0,75229825,0.0,16.8351597,0.147511964,0.0126037975,0.0028513841,0.0018727456,0.000192643797,0.0,56364,0.0,0.0,0.074922025944063,0.001133198805882,0.0,0.0,0.0
Villa del Sur,1114.0,956.0,122426542,6413.0,922.0603412,29.635510332,3.044063434,0.7424616408,0.5176287114,0.05735204328,0.044816767345,393730,9.153371588,1.332476169,0.321604986554232,0.005999167707113,0.698842466006549,142.73150768750975,20.777735365663496
Santo Domingo,1006.0,365.0,38805000,2746.0,352.83878980000003,10.818200248,0.9831286004,0.2202752151,0.1396067715,0.01507009716,0.01401983178,119103,2.935946697,0.404659265,0.306927208812348,0.004128793742466,0.510554689730517,106.91721402039329,14.736317006554987
El Retiro,1501.0,2263.0,62189624,8825.0,2192.2248003,61.171517717,6.7748587944,1.6649499874,1.1638791039,0.11742806412,0.035275124916,185952,11.508255015,1.7129737928,0.299008735941083,0.005189043929297,0.399718129359773,130.4051559773371,19.410467907082154
La Selva,1010.0,685.0,90626304,5310.0,658.8874558,23.271932968,2.1008288944,0.4623484531,0.2774281478,0.0307352201,0.049615419269,372483,9.582985528,1.2856833565,0.411009294003647,0.004486893445255,0.934377010715631,180.4705372504708,24.212492589453863
Sector Cañaveralejo Guadalupe,1995.0,362.0,125642137,3606.0,356.7949903,4.904394743,0.2432950197,0.03987001412,0.01744596246,0.001915652391,0.0025675170234,129480,0.6013738917,0.06225938448,0.103054549688372,0.00052918574337,0.071201248569052,16.677035266222962,1.726549763727122
Jorge Zawadsky,1007.0,534.0,58250963,3058.0,515.5092266,16.582952635999998,1.4160389772,0.3060293726,0.1857504418,0.02039536797,0.0162287926278,181313,3.271880208,0.4409907424,0.311260971920371,0.003819357297753,0.530699562714192,106.99412060170044,14.420887586657946
República de Israel,1602.0,2252.0,203361367,17502.0,2177.0148346,66.109533426,6.437080856,1.4842820127,0.9542809543,0.10155472532,0.094065546656,656711,20.438211982,2.8774969435,0.322927974064251,0.004509534872114,0.537455985921609,116.77643687578562,16.44096071020455
Las Granjas,1016.0,499.0,67979071,4687.0,479.8695592,16.89978004,1.649989086,0.3657804583,0.2148834553,0.02323040646,0.0414116892421,303742,7.8524977065,1.02871195956,0.446816235301069,0.004655392076152,0.883543615150416,167.53782177298913,21.948196278216344
San Judas Tadeo I,1017.0,1295.0,123365253,8874.0,1254.1100874,36.444836322,3.3019061722,0.7187268968,0.4244281244,0.04642481618,0.041446227679,353587,8.76610973,1.1688730086,0.286617991221687,0.003584927890347,0.467052374115393,98.78419799414019,13.171884252873564
Villamercedes I - Villa Luz - Las Garzas,2194.0,621.0,28350236,3218.0,601.5879315,16.880120297999998,1.7793115,0.4402866499,0.3123495247,0.03223560946,0.017428028603,87072,4.14626059,0.6196528438,0.307128269911291,0.005190919397746,0.541579509105034,128.84588533250465,19.255837284027344
Potrero Grande,2196.0,1852.0,73218050,13331.0,1772.7141783,70.0963849,6.606212865,1.543584,1.0396871191,0.10756396777,0.093511411382,264735,18.511379,2.7174596006,0.361570092859546,0.00580798962041,0.701458340574601,138.85964293751405,20.38451429450154
Camino Real - Joaquin Borrero Sinisterra,1922.0,700.0,160517011,3514.0,681.7178318,16.589169842,1.2577133799,0.2707320507,0.16453915245,0.018433315561,0.015095327574,404209,2.9497845462,0.38817900076,0.251816924053689,0.002633330794429,0.429576766476949,83.94378332953899,11.046642025042686
Cuarto de Legua - Guadalupe,1919.0,509.0,337925242,2604.0,497.0154735,10.944379687,0.7943044188,0.15908169377,0.086758355,0.009614525533,0.0082928159096,687747,1.6335637276,0.19667933655,0.203520541615453,0.001888904819843,0.31846451265745,62.73286204301075,7.552969913594469
Cañaveral,1992.0,108.0,53412282,864.0,106.6592792,1.265824722,0.0606313141,0.00989961889,0.00436550387,0.000497051436,0.0005747869451,51237,0.1284891367,0.01331761026,0.095927016303568,0.000460232811111,0.066526266793981,14.871427858796295,1.541390076388889
Camino Real - Los Fundadores,1923.0,239.0,114965549,2901.0,227.4889923,10.275537124,0.909214449,0.2042849184,0.1219756657,0.01319396407,0.035243679562,440833,5.849896655,0.7982304214,0.383447498016029,0.005520487058577,1.214880370975526,201.65103946914857,27.515698772836952
El Vallado,1504.0,2835.0,129059785,11207.0,2716.0907118,105.05013792,10.083508716,2.3025265484,1.4731163046,0.15518435748,0.071544453024,510621,15.452358006999999,2.1808165405,0.395647154413315,0.005473875043386,0.638390764914786,137.8813063888641,19.459414120638886
Pizamos III - Las Dalias,2195.0,438.0,7718414,1656.0,426.1120946,10.21479987,1.154611992,0.2970509015,0.221435019,0.02226614209,0.006150671852,22191,2.020101425,0.3113672279,0.287512454366892,0.005083594084475,0.37141738236715,121.98680102657005,18.802368834541063
Santa Anita - La Selva,1778.0,546.0,300793449,7193.0,524.3083885,19.466452858,1.650623015,0.3599101515,0.2146315128,0.02365200834,0.0593955720249,1462918,10.7512488453,1.39794055173,0.486352859882387,0.004331869659341,0.82574130439177,149.46821695120255,19.43473587835396
José Holguín Garcés,1115.0,220.0,26050482,1594.0,211.6572168,7.240439267999999,0.775644674,0.1924696428,0.1342316207,0.01461021355,0.013364567788,115538,2.625305228,0.3806033406,0.443513965180695,0.006641006159091,0.838429597741531,164.69919874529484,23.877248469259726
Mariano Ramos,1601.0,3461.0,262336647,21715.0,3341.3537292,105.118350116,10.397856580000001,2.4696415183,1.6604063875,0.1766980241,0.132751419354,849447,28.3618560311,4.0864910865,0.323800204129239,0.005105403759029,0.611335111001612,130.60951430393737,18.81874780796684
Pizamos II,2102.0,1642.0,21969547,5612.0,1599.0524853,36.645786539,4.260815415,1.1339694051,0.9070087947,0.09053544206,0.017670220981,60795,7.167316376,1.1521861667,0.276723349926433,0.005513729723508,0.314864949768354,127.71411931575196,20.53075849429793
Primero de Mayo,1702.0,736.0,194988564,7433.0,705.1361749,27.69943926,2.3699769325,0.5041963374,0.2902195415,0.03143812664,0.0628053764038,874704,11.541757377,1.4448645629,0.448592257938062,0.004271484597826,0.844953267910669,155.2772417193596,19.438511541773178
Ciudad Córdoba,1596.0,5577.0,307971858,29152.0,5403.563082,151.871869089,15.335352563999999,3.6852659828,2.5444261664,0.26448664894,0.163924021588,974885,37.286918597,5.3306109341,0.316550168329073,0.004742453809216,0.562307977456092,127.90518179541714,18.28557537767563
El Limonar,1787.0,457.0,198929021,11459.0,435.5967164,19.069085204,1.74958643,0.3742463342,0.2103659351,0.02194439454,0.120143483967,1071330,22.7567852318,2.8864879038,0.538548933850457,0.00480183687965,1.048463949445851,198.5931166052884,25.189701577799113
Pampa Linda,1994.0,945.0,736558942,4422.0,921.6196429,21.62654252,1.3617901981,0.2577145831,0.13428615216,0.014732440774,0.011365475734,1503558,2.2855411215,0.2663222758,0.20413272153944,0.001558988441693,0.257021160877431,51.68568795793759,6.022665667118951
Cañaverales - Los Samanes,1786.0,1099.0,156299793,11678.0,1057.8942846,36.89527357,3.150257499,0.6722188215,0.3879310076,0.04123495593,0.080252606737,578791,16.033748218,2.0689484708,0.370308367541522,0.003752043305732,0.687211909034081,137.29875165268024,17.716633591368385
Cañaveralejo - Seguros Patria,1988.0,617.0,207726298,3539.0,599.3421029,16.147491522,1.1514105509,0.2305998401,0.12840577899,0.014013802749,0.0119877126016,616691,2.4878437253,0.30142386377,0.296876916036866,0.002271280834522,0.338731636100593,70.29792950833568,8.517204401525856
Pizamos I,2101.0,785.0,24023615,3710.0,764.4310418,17.58734423,2.010734423,0.5367110135,0.434195629,0.04364017516,0.013121957932,72706,4.783602467,0.7718026112,0.302643667482975,0.005559257982166,0.353691588463612,128.93807188679244,20.803304884097034
La Cascada,1902.0,326.0,94567285,2776.0,316.7961537,8.520820741,0.5344540101,0.09914990883,0.04941590229,0.005447227987,0.0073060010692,235111,1.600310502,0.17765098557,0.248617424545328,0.001670928830368,0.263184476556196,57.64807283861671,6.399531180475504
El Morichal,1599.0,8940.0,341110330,39279.0,8643.8980943,262.70952733,24.1464608574,5.56096921,3.6849995382,0.37264348886,0.197552614847,1178172,43.79517029,6.2720428977,0.345393222806303,0.004168271687472,0.502947159670562,111.49767124926807,15.967929167494082
Brisas del Limonar,1605.0,302.0,17814968,1988.0,291.19133899999997,9.58193282,0.894792373,0.2031538209,0.128781019,0.01376249411,0.010945949307,58970,2.302853062,0.3223998997,0.331012809779911,0.004557117254967,0.550601071780684,115.83767917505031,16.217298777665995
Bosques del Limonar,1788.0,413.0,126511944,4887.0,395.0864208,16.074258682,1.373570886,0.2948421325,0.1709133293,0.01765775513,0.040050591715,575883,8.051945145,1.0232022004,0.455200397769091,0.004275485503632,0.819533286576632,164.76253621853897,20.937225299774916
El Gran Limonar - Cataya,1789.0,936.0,222254125,2746.0,900.8900012,31.604440196,2.5924432717,0.5669167202,0.346206405,0.03938739889,0.0157433703966,787953,2.9906252783,0.40268109306,0.354528084414842,0.004208055436966,0.573320116409323,108.90842237072104,14.664278698470502
El Refugio,1901.0,982.0,319360489,8846.0,955.6155563,24.091852573,1.7581008078,0.34744996957,0.18703557298,0.02056132952,0.0249627183336,704641,5.2920883628,0.62061453079,0.22064131962757,0.002093821743381,0.282192158417364,59.82464800813928,7.015764535270178
El Gran Limonar,1790.0,418.0,224428598,1684.0,408.6120768,8.612650103,0.5983287935,0.1157218703,0.06122351869,0.006683041448,0.0035590127474,419658,0.7853829548,0.09721599673,0.186989640528398,0.001598813743541,0.211342799726841,46.63794268408551,5.772921421021378
La Alborada,1698.0,45.0,32391000,2600.0,41.3951857,3.10531874,0.364357225,0.085065066,0.050074134,0.0061220213,0.050236046,236924,7.8055814,1.02773054,0.73144911859813,0.013604491777778,1.932155615384616,300.21466923076923,39.528097692307696
Ciudad 2000,1697.0,2069.0,266750732,10146.0,1985.6356619,74.891756835,6.290756712,1.3650764982,0.8167439396,0.08483422442,0.0719598054146,1121856,13.456601648,1.7827099394,0.420563535268263,0.004100252509425,0.709243104815691,132.62962397003744,17.57056908535383
La Hacienda,1784.0,534.0,806754333,11698.0,510.297355,21.324092959,1.778334541,0.3801306775,0.2200650505,0.02231253169,0.106393197313,5213694,19.5636468319,2.5912852422,0.646255408528665,0.004178376720974,0.909499036698581,167.23924458796375,22.151523698068047
Caldas,1802.0,462.0,64381576,2646.0,451.3999409,9.527818468,0.8022014878,0.1705347603,0.0995000666,0.0105917265,0.0072575492665,128019,1.6855092897,0.218820528,0.19884402896806,0.002292581493506,0.274283796919879,63.70027549886621,8.269861224489796
Los Portales - Nuevo Rey,1785.0,314.0,162835553,2307.0,302.2544092,10.572057914,0.8705900372,0.1896677838,0.1132759845,0.01248426639,0.019888759043,646864,4.0725303895,0.53783040473,0.397249604189566,0.003975881015924,0.862104856653663,176.52927566103165,23.312978098396187
Los Chorros,1803.0,336.0,67931930,2302.0,329.6314091,5.78000479,0.4442164289,0.09166249236,0.05270071382,0.00551145495,0.00426598504021,121683,0.98857548406,0.11597754532,0.179124615861976,0.001640313973214,0.185316465691138,42.94420000260643,5.038120995655952
Sector Alto de los Chorros,1890.0,2144.0,85574290,14497.0,2110.0464489,30.689604938,2.4751618307,0.50692746172,0.28185813645,0.029224611186,0.0215074798976,120218,5.8288183655,0.75339763918,0.140483438334124,0.001363088208302,0.148358142357729,40.20706605159688,5.196921012485342
Buenos Aires,1801.0,450.0,109924027,3211.0,440.7761796,8.309947595,0.6846859837,0.14472424013,0.0844618976,0.009029043911,0.0089640124883,162038,1.9909022167,0.25187236014,0.147409032281953,0.002006454202444,0.279165757966366,62.00256047025849,7.844047341638118
El Caney,1600.0,0.0,0,0.0,0.0,0.0,0.0,0.0,0.0,0.0,0.0,0,0.0,0.0,0.0,0.0,0.0,0.0,0.0
Lourdes,1811.0,597.0,53618272,3712.0,585.8013819,10.171075526,0.7809256469,0.1581195493,0.0884941532,0.009386639502,0.0068175209841,85120,1.6605183318,0.21351802277,0.158751933919951,0.001572301424121,0.183661664442349,44.7337912661638,5.752101906519397
Prados del Limonar,1794.0,374.0,142710108,2796.0,357.4622951,14.90817698,1.226283568,0.2580461862,0.1451954735,0.0155433497,0.017125313015,574033,3.248468425,0.4071669486,0.402237321184213,0.004155975855615,0.612493312410587,116.18270475679542,14.562480278969959
Ciudad Capri,1783.0,1061.0,267034254,6228.0,1029.3949592,28.44367482,2.335478843,0.5123869977,0.3134950483,0.03390550848,0.0311498067483,910425,6.065084112,0.78322550719,0.340939412363795,0.003195618141376,0.500157462239884,97.38413795761079,12.575875195728965
Los Farallones,1805.0,242.0,16317132,1210.0,237.5931482,4.018022761,0.2978407179,0.0588028544,0.03218764832,0.003463161441,0.0022170783793,26433,0.5291166751,0.06664329227,0.161996339320449,0.001431058446694,0.183229618123967,43.72865083471075,5.507710104958678
Las Quintas de Don Simón,1782.0,308.0,242488317,4791.0,297.1705006,9.64573682,0.868854467,0.1954049628,0.1195039746,0.0120619876,0.036896010054,935651,7.416129085,0.9890304846,0.385854166833639,0.00391622974026,0.770110833938635,154.79292600709664,20.643508340638697
Alférez Real,1813.0,389.0,168021452,5164.0,380.7924206,7.419107913,0.6012171262,0.1213104601,0.06594376392,0.006790637929,0.0124197424146,311013,2.9718248699,0.34799384556,0.185103150658825,0.001745665277378,0.240506243505035,57.54889368512781,6.73884286522076
Caney,1774.0,3118.0,557053387,21828.0,3001.7568616,104.654962328,8.6287535217,1.8585610288,1.1008768034,0.113218895,0.163643578149,2214802,33.027871009,4.4149668893,0.397592431835306,0.003631138389994,0.749695703449698,151.30965278083195,20.22616313588052
Prados del Sur,1808.0,975.0,59457173,7110.0,955.8926723,17.550915841000002,1.2138259717,0.22664250191,0.11593608355,0.012350275108,0.010640935507,91622,2.6776246536,0.32799256037,0.15409707131724,0.001266694882872,0.149661540182841,37.65998106329114,4.613116179606189
Alto Nápoles,1898.0,1481.0,111416054,11519.0,1455.0388847,23.547677566,1.8359589651,0.37128194493,0.20620509244,0.021301420461,0.0191615795804,175087,4.9553243788,0.61880161618,0.157146933986335,0.001438313332951,0.166347595975345,43.01870282837052,5.372008127267992
Colinas del Sur,1812.0,140.0,9757895,913.0,137.2160268,2.569570583,0.1698944724,0.0301642945,0.01434421322,0.001528566189,0.0013279148395,15297,0.3249745065,0.03739558643,0.156762136940978,0.001091832992143,0.145445217907996,35.59414090909091,4.09590212814896
Mario Correa Rengifo,1810.0,561.0,57145607,3776.0,550.365356,9.600340262,0.7811566366,0.1618917948,0.091247464,0.009536651431,0.006738401197,61310,1.7723130694,0.23059379731,0.107288023308614,0.001699937866488,0.17845342153072,46.936257134533896,6.106827259269068
Francisco Eladio Ramírez,1807.0,710.0,63829792,4442.0,695.4932193,13.180135329,1.0067304597,0.20489949214,0.11501161208,0.012326669073,0.0099593847024,106771,2.1864007029,0.28177326808,0.167275004409836,0.001736150573662,0.224209471013057,49.221087413327325,6.343387394867177
Ciudadela Comfandi,1703.0,1565.0,85653441,5214.0,1524.4596447,35.707694628,3.468771668,0.8146782721,0.5492148817,0.05688272096,0.019266009436,231015,5.017080037,0.7070861934,0.269709180602468,0.003634678655591,0.369505359340238,96.22324581894898,13.561300218642119
Ciudadela Pasoancho,1793.0,69.0,148191228,948.0,65.9366173,2.733042014,0.24441743,0.0540301015,0.0318935088,0.0033540215,0.004439252508,843093,0.905067225,0.1207847871,0.568922169038958,0.004860900724638,0.468275581012658,95.47122626582279,12.741011297468354
El Ingenio,1780.0,1446.0,668564431,9211.0,1386.6804604,53.784135619,4.157806329,0.8746972896,0.5029137853,0.05481804393,0.064070254929,2667579,11.6326947334,1.49532572928,0.399001096510481,0.003791012719917,0.695584137759201,126.29133355118879,16.234130162631637
Nápoles,1814.0,369.0,37602841,2515.0,362.04531910000003,6.293569938,0.4951801022,0.104268843,0.06166317462,0.006438732316,0.0057819803242,71114,1.3166485614,0.17084734488,0.189117839762602,0.001744913906775,0.229899814083499,52.351831467196824,6.793134985288271
Mayapan - Las Vegas,1781.0,545.0,324796020,5711.0,527.0802672,16.073810708,1.3747456496,0.2976361236,0.17353902557,0.018166359034,0.0322049069508,1118836,6.8245511834,0.90484491781,0.344473295226467,0.003333276886972,0.563910119957976,119.49835726492732,15.843896302048677
Cuarteles de Nápoles,1816.0,245.0,267701974,2415.0,239.95713,4.687213998,0.280419066,0.05058166581,0.02466196795,0.002838057544,0.00432228826,403489,1.058178995,0.1130891625,0.15072317324955,0.001158390834286,0.178976739544513,43.816935610766045,4.682781055900621
Unicentro Cali,1791.0,74.0,632625053,3172.0,70.7223648,2.965245368,0.235920347,0.0492124492,0.0272555868,0.00276424823,0.018962381586,2567422,3.814489074,0.4842953509,0.40583634201712,0.003735470581081,0.597805220239596,120.25501494325346,15.267823168348045
Meléndez,1804.0,543.0,105023555,3254.0,533.5587097,8.543579436,0.6759502156,0.14064347695,0.08111687367,0.008406745869,0.0059030377714,168724,1.6077617568,0.19866305846,0.160653793984221,0.001548203659116,0.181408659231715,49.40878170866626,6.105195404425324
Sector Alto Jordán,1897.0,2903.0,158856350,19046.0,2845.0092968,51.984883593,4.4726510743,0.9604636313,0.57272223274,0.059517829864,0.0419241929389,277849,10.4971664191,1.40820107844,0.174906133062242,0.002050218045608,0.220120723190696,55.114808458994005,7.393684124960623
Ciudad Universitaria,1705.0,0.0,0,0.0,0.0,0.0,0.0,0.0,0.0,0.0,0.0,0,0.0,0.0,0.0,0.0,0.0,0.0,0.0
Urbanización San Joaquin,1796.0,373.0,822376013,2670.0,360.840205,10.919708459999999,0.911658679,0.2031301601,0.1252963818,0.01196977727,0.013363040532,2395643,2.937656654,0.4108141843,0.291307532030436,0.003209055568365,0.500488409438202,110.02459378277153,15.386299037453185
Lili,1775.0,2128.0,1012388509,35983.0,2044.5938729,74.631226016,6.502841067,1.4240592535,0.847999061,0.08503207592,0.284223599786,3831287,57.831865807,7.6385225083,0.378440345697602,0.003995868229323,0.789882999710975,160.71996722619014,21.228142479226303
El Jordán,1815.0,1130.0,82462596,7453.0,1105.0748858,22.262234219,1.9738989885,0.4293352589,0.2596520143,0.02723152022,0.0195191504113,167335,4.7740177808,0.625459481,0.20292274523139,0.002409869046018,0.261896557242721,64.05498162887429,8.392049926204214
Horizontes,1809.0,196.0,50028921,2243.0,191.0815051,4.439476821,0.3651623696,0.0739343529,0.03992188958,0.004430529456,0.0089417111075,136595,1.7594792539,0.2019155944,0.273032499517348,0.002260474212245,0.398649625835934,78.44312322336157,9.002032741863577
Polvorines,1891.0,343.0,102445674,7997.0,334.3882065,7.795684143,0.6289128954,0.1232344514,0.06396275755,0.006727398257,0.0197531560769,234835,4.2627138934,0.47663394965,0.229228589699173,0.001961340599708,0.247007078615731,53.303912634738026,5.960159430411404
Sector Meléndez,1896.0,528.0,90983139,3040.0,517.9580333,9.073914076,0.7228123687,0.1534921868,0.09174645242,0.009600705141,0.0072050551887,173183,1.7720198477,0.22047386028,0.190346564683569,0.001818315367614,0.237008394365132,58.29012656907895,7.252429614473684
La Playa,1701.0,166.0,620088144,272.0,158.1694053,6.98390199,0.642084264,0.132931864,0.0716785573,0.00773820011,0.0015638018335,3703098,0.3318569655,0.044051988,0.597188934985659,0.004661566331325,0.574927144669118,122.00623731617645,16.19558382352941
Club Campestre,2299.0,45.0,90776158,449.0,44.1390001,0.791380019,0.0538300211,0.0104471718,0.0053449002,0.000555402919,0.00037526153,92371,0.117931391,0.0147393742,0.101757072383229,0.001234228708889,0.083577178173719,26.26534320712695,3.28271140311804
Ciudad Campestre,2298.0,385.0,311019413,2163.0,371.4633765,12.236902064,0.956527143,0.2114158011,0.1317822644,0.01467589147,0.0154827115,1108305,2.5512719985,0.35304798455,0.356346006635231,0.003811919862338,0.715798035136385,117.95062406380026,16.322144454461395
Urbanización Ciudad Jardín,2201.0,1721.0,785266861,5552.0,1663.3376193,51.87917861,4.2369892677,0.9467962827,0.59941981275,0.068170083797,0.0322103331657,2443088,5.9558054296,0.81682956654,0.311115634276318,0.003961074014933,0.580157297653098,107.27315255043227,14.712348100504324
Urbanización Rio Lili,2297.0,378.0,204089857,3687.0,363.3693119,13.129465219,1.1142924716,0.2427502244,0.1441795724,0.016256495556,0.026362757683,620712,4.3387953426,0.6061973931,0.304136506912027,0.0043006602,0.715019194005967,117.67820294548413,16.4414806916192
Parcelaciones Pance,2296.0,3580.0,2078985279,11770.0,3502.683916,71.059430605,4.7685055632,0.95330119227,0.53482981447,0.060231276915,0.0237852074824,4096169,4.8878593491,0.61218039714,0.197027341217767,0.001682437902654,0.202083326103653,41.528116814783345,5.20119283891249
Villa del Prado - El Guabito,599.0,3804.0,276402815,17477.0,3670.4510877,120.208961353,9.939199919,2.1269915887,1.273664032,0.139492455,0.096306904008,731696,18.609055849,2.5259842313,0.264720846096809,0.003666994085174,0.551049402117068,106.47740372489558,14.453191230188246
Puerto Mallarino,705.0,597.0,48399082,2843.0,578.5656746,16.26544662,1.5557044385,0.3654419123,0.2477408201,0.02672399261,0.0160831062152,155678,3.4786883827,0.5066724449,0.321654336014044,0.004476380671692,0.565708976967992,122.35977427717201,17.821753250087934
La Sultana,2099.0,454.0,21794737,3465.0,449.7735544,3.819811171,0.3064632825,0.06387004793,0.0362899921,0.003669862886,0.0028254289366,19384,0.8684811111,0.1144462898,0.088940888048056,0.000808339842731,0.081541960652237,25.064389930735924,3.302923226551227
Lleras Camargo,2004.0,1869.0,47615589,10708.0,1854.5045415,13.292075383,0.9281989123,0.1796812264,0.09546563131,0.00964268115,0.004302586293,29410,1.6903919347,0.21673611989,0.061765055499587,0.000515927295345,0.040181044947703,15.786252658759805,2.02405789960777
Brisas de Mayo,2006.0,366.0,75848083,7200.0,361.4946015,4.175280832,0.2619620115,0.04634678282,0.02181738082,0.002317207758,0.0061317259781,71400,1.5000619098,0.18352913993,0.09413510247039,0.00063311687377,0.085162860806944,20.834193191666667,2.549015832361111
Tierra Blanca,2007.0,342.0,7917105,1041.0,339.3044675,2.478044549,0.1683482982,0.0322034194,0.01693075704,0.001720019794,0.000436916989,5231,0.1648861362,0.02082481052,0.066075401376634,0.000502929764327,0.041970892315082,15.839206167146976,2.000462105667627
Siloé,2003.0,3253.0,133682530,17335.0,3210.0439993,38.888687966,3.0671231813,0.63357750199,0.36660842681,0.037807164338,0.02075402477791,166986,6.08569406088,0.81110430454,0.124912024887385,0.001162224541592,0.119723246483473,35.106397812979516,4.678998007153158
Villamercedes I - Villa Luz - Las Garzas,2194.0,621.0,28350236,3218.0,601.5879315,16.880120297999998,1.7793115,0.4402866499,0.3123495247,0.03223560946,0.017428028603,87072,4.14626059,0.6196528438,0.307128269911291,0.005190919397746,0.541579509105034,128.84588533250465,19.255837284027344
